ANIO,MES,FECHA,P_HARINA_REAL,SST_MACRO,CHL_A_MACRO,WIND_SPEED_MACRO,PRECIO_DIESEL_REAL,DEFLACTOR,PRECIO_REAL_MACRO_JUREL,PRECIO_REAL_MACRO_ANCHOVETA,PRECIO_REAL_MACRO_SARDINA COMUN,Q_MACRO_JUREL,Q_MACRO_ANCHOVETA,Q_MACRO_SARDINA COMUN,SHARE_INDUSTRIAL_JUREL,SHARE_INDUSTRIAL_ANCHOVETA,SHARE_INDUSTRIAL_SARDINA COMUN,ln_P_ANCHOVETA,ln_P_JUREL,ln_P_SARDINA,ln_Q_ANCHOVETA,ln_Q_JUREL,ln_Q_SARDINA,ln_P_HARINA,TENDENCIA,D_VEDA,D_TEMPORADA_ALTA,FACTOR_MES,ln_Q_ANCHOVETA_LAG1,ln_Q_JUREL_LAG1,ln_Q_SARDINA_LAG1
2012,1,2012-01-01,1057021.5945932628,15.424847148937053,4.702881404750428,6.126124860650783,1071.7322593384058,0.5952396173964261,275519.2954348954,NA,NA,67350.71600000001,NA,NA,0.9920385256186436,NA,NA,NA,12.526412942998777,NA,NA,11.117668812813925,NA,13.870965694722456,1,FALSE,FALSE,1,NA,NA,NA
2012,2,2012-02-01,1025222.7448076092,14.820302322785023,3.3486207675656656,6.115626307113526,1070.9135960932676,0.5976205758660117,NA,103744.75462153528,111320.36786271574,NA,257.86599999999993,34840.46299999999,NA,0.969185545981246,0.5334378019029198,11.549688878950132,NA,11.620167520186252,5.552440070152224,NA,10.458534720200754,13.840420458953234,2,FALSE,FALSE,2,NA,11.117668812813925,NA
2012,3,2012-03-01,1051743.431576833,14.431441683735072,4.702373282319338,8.786364278060937,1082.1357445553226,0.5988158170177438,98527.79155673462,104698.04500666188,106245.31579792836,25882.192000000003,6729.8769999999995,246995.89999999973,0.9881675400599762,0.15651043845229276,0.05713175400887226,11.558835724350601,11.498093935148088,11.573505999207088,8.814312146097315,10.161310443637078,12.41712701628206,13.865959756200875,3,FALSE,TRUE,3,5.552440070152224,NA,10.458534720200754
2012,4,2012-04-01,1131055.7965422478,12.36185614492418,3.9154033869075175,6.3354629336315735,1118.445335292324,0.5994146328347614,NA,108120.90631270388,112775.22598201068,NA,30577.223999999987,190814.7750000001,NA,0.064297269104612,0.1218502288410318,11.59100538282569,NA,11.63315196610532,10.328010697075992,NA,12.159058472105144,13.938662087694158,4,FALSE,TRUE,4,8.814312146097315,10.161310443637078,12.41712701628206
2012,5,2012-05-01,1267153.9330491985,12.955484283334322,1.7867660035669577,6.989055508045797,1094.755556594655,0.5994146328347614,NA,104285.71008887832,118726.59674104488,NA,10886.609000000002,60009.51300000002,NA,0.06772182228644383,0.2881722102960573,11.554889623825627,NA,11.684578622398647,9.29528878084293,NA,11.002258378636515,14.052283946042799,5,FALSE,TRUE,5,10.328010697075992,NA,12.159058472105144
2012,6,2012-06-01,1391792.8491672997,12.031384126941534,1.473820289740971,7.292066547862764,1050.3602505234392,0.597616388936257,NA,109550.104528232,138794.0806402357,NA,2786.318,31836.169,NA,0.19701268842967673,0.5885128640949231,11.604137299183193,NA,11.840746679461265,7.932476289965301,NA,10.368358312367487,14.146103293549038,6,FALSE,TRUE,6,9.29528878084293,NA,11.002258378636515
2012,7,2012-07-01,1403489.4926374962,11.126484673401723,2.107313402555108,6.747583940624063,975.6676871560696,0.597616388936257,NA,118805.30941659468,126935.8808866922,NA,2110.4800000000014,43739.299000000035,NA,0.20481833516545983,0.19646510567076056,11.685241376970898,NA,11.751437363040543,7.654670688750266,NA,10.686002267581985,14.154472188213475,7,FALSE,TRUE,7,7.932476289965301,NA,10.368358312367487
2012,8,2012-08-01,1347849.7331682805,10.905127420686652,2.072582972263568,6.9259080609696255,1013.7787544307372,0.5988116217141295,NA,130257.99295063935,129375.36280933462,NA,302.07800000000003,19686.011999999995,NA,0.7881639841365474,0.48531784903920633,11.777272323956502,NA,11.770473247321197,5.710685262172507,NA,9.887663611759223,14.11402109032994,8,TRUE,FALSE,8,7.654670688750266,NA,10.686002267581985
2012,10,2012-10-01,1291696.0662743684,12.406217478002551,4.443755290272769,5.362507811605119,1045.001984263884,0.6072237273759696,NA,129352.49251349174,131850.35889644173,NA,7392.5039999999935,50721.09699999997,NA,0.05206422614042553,0.28614534894621874,11.770296456956867,NA,11.789422913783353,8.908221792815427,NA,10.834097217426109,14.071466692829055,10,FALSE,FALSE,10,5.710685262172507,NA,9.887663611759223
2012,11,2012-11-01,1312409.1151998795,13.163576643623596,4.927819207115512,6.7861841060011345,1053.935881487074,0.6041876087390898,NA,128990.9434365138,138919.81155279244,NA,7308.017999999999,108437.95500000002,NA,0.5192301113653524,0.5694468509665273,11.767497474960761,NA,11.841652150341055,8.89672738054905,NA,11.59393344507993,14.087375025488335,11,FALSE,FALSE,11,8.908221792815427,NA,10.834097217426109
2012,12,2012-12-01,1666272.121207638,14.81880837521634,2.6137039535465845,7.501441157851518,1034.3641461039565,0.6041876087390898,NA,151986.84994585242,151504.25549173,NA,4835.112999999999,60548.53400000001,NA,0.8064169337924469,0.27328392459510253,11.931549282571774,NA,11.928368992591395,8.483659778865583,NA,11.011200537292597,14.326099426430524,12,FALSE,FALSE,12,8.89672738054905,NA,11.59393344507993
2013,2,2013-02-01,1638782.260442159,14.773967471711291,4.673624583639967,7.278704152545062,1046.7817045239835,0.6060013799405244,NA,365185.63707184896,247520.8885080781,NA,252.02000000000004,12087.563000000004,NA,0.27811284818665183,0.08868131649034629,12.808161097991565,NA,12.419250255442007,5.529508449441547,NA,9.399932351743832,14.309463999872174,14,FALSE,FALSE,2,8.483659778865583,NA,11.011200537292597
2013,3,2013-03-01,1694860.7908920145,13.533868311542534,6.336686245507254,5.85250524543208,1086.5931928234634,0.6084253854602866,NA,140769.87317762565,163961.54334667945,NA,21597.034000000003,67779.91399999999,NA,0.00205880122242711,0.00694527290193965,11.854881730902557,NA,12.007387187520298,9.9803112694289,NA,11.124021176349379,14.343111166156646,15,FALSE,TRUE,3,5.529508449441547,NA,9.399932351743832
2013,4,2013-04-01,1688479.456685952,13.413993183944877,4.729358206022182,5.8159050973788995,1027.2417924921122,0.6053832585329851,NA,135473.05389315146,143826.3317531761,NA,7411.364999999996,22539.18099999999,NA,0,7.968346321013176e-4,11.81652803526859,NA,11.876361821227482,8.910769911851773,NA,10.023010451529894,14.339338952127854,16,FALSE,TRUE,4,9.9803112694289,NA,11.124021176349379
2013,5,2013-05-01,1568550.242773385,13.148869807548214,1.7132260735936289,5.821781099108661,981.9636601660354,0.6053832585329851,NA,144125.94353731835,158612.66207202824,NA,3483.217000000001,19175.103000000003,NA,0.25966025085431077,0.2961008866549504,11.878442804209556,NA,11.974220421515843,8.155711571037964,NA,9.861367997798606,14.265662338470507,17,FALSE,TRUE,5,8.910769911851773,NA,10.023010451529894
2013,6,2013-06-01,1476002.8919913827,11.52391527824104,1.76325749123466,8.259731402872385,1003.2960602315068,0.6090155580841831,NA,147779.47591867507,161836.71915969116,NA,2842.523000000001,10071.040999999996,NA,0.11358571241112204,0.3278020613757804,11.903476413974698,NA,11.994343199513624,7.9524473170607335,NA,9.217419356735082,14.20484824348439,18,FALSE,TRUE,6,8.155711571037964,NA,9.861367997798606
2014,2,2014-02-01,1354436.5127985324,14.235379237884658,6.328009423388913,7.629887064429443,1081.101348302346,0.6262715136402804,NA,141304.52698640546,141310.55134211594,NA,702.9739999999999,16066.774000000009,NA,0.00495893162478271,0.00517988240825444,11.85867260627976,NA,11.858715239218858,6.555319906773953,NA,9.684508691846194,14.11889606808988,26,FALSE,FALSE,2,7.9524473170607335,NA,9.217419356735082
2014,3,2014-03-01,1429075.725937431,13.014946907293163,4.707411579797402,7.015643513457343,1110.193679036951,0.6312816857494027,NA,142613.4462586958,139556.2909148229,NA,10666.090999999997,196372.08499999964,NA,0.04665064267687198,0.03728625685264793,11.867893076056218,NA,11.846223317954292,9.274824922907388,NA,12.187766531399369,14.172538447766488,27,FALSE,TRUE,3,6.555319906773953,NA,9.684508691846194
2014,4,2014-04-01,1417018.3281376678,12.625779115820356,3.7881777019174327,6.4962222619837124,1080.1611120715927,0.6350693758638991,NA,147930.05669489954,141351.0930462873,NA,27781.904000000035,119650.44299999996,NA,0.00750070981456129,0.08706315445902697,11.904494851141123,NA,11.859002095998008,10.232140152476598,NA,11.692329795795189,14.164065453054706,28,FALSE,TRUE,4,9.274824922907388,NA,12.187766531399369
2014,5,2014-05-01,1460495.2432645692,12.122988835593274,2.689830770843327,6.032319084358072,1107.9331179145215,0.6369745839914907,NA,135792.63628298198,149014.37163126032,NA,9203.481000000002,48241.11200000004,NA,0.10577291353130404,0.3884502289250709,11.81888426791621,NA,11.911798034177293,9.127337061038636,NA,10.783966882545007,14.194286143882048,29,FALSE,TRUE,5,10.232140152476598,NA,11.692329795795189
2014,6,2014-06-01,1635046.2429860672,11.965422199741605,1.7574975288763528,7.026675507777459,1076.897217803086,0.6376115585754821,NA,145292.61738294718,152560.6656716384,NA,1436.4690000000007,42433.87700000003,NA,0.1683565743500207,0.4094761833805568,11.88650503879022,NA,11.935317603607979,7.269943297956763,NA,10.655702308049829,14.307181645085436,30,FALSE,TRUE,6,9.127337061038636,NA,10.783966882545007
2014,7,2014-07-01,1665310.3883706836,11.27060336551801,1.7583842104563396,7.428349908272173,1097.111892916524,0.638886781692633,NA,NA,155179.3526413303,NA,NA,41888.491999999984,NA,NA,0.28740402017814354,NA,NA,11.952336840776205,NA,NA,10.642766414247982,14.325522083464588,31,FALSE,TRUE,7,7.269943297956763,NA,10.655702308049829
2014,8,2014-08-01,1707868.9161217,11.454952614942377,2.369267735534913,6.365374331723654,1076.9762661906143,0.6408034420377109,NA,NA,185798.00324011585,NA,NA,37.76800000000001,NA,NA,0,NA,NA,12.132415358480209,NA,NA,3.6314621832439857,14.350756903384104,32,TRUE,FALSE,8,NA,NA,10.642766414247982
2014,10,2014-10-01,1899108.7839271273,12.917122490324822,4.203348464907202,7.199381896537977,1062.1177718685055,0.6523891682697527,NA,NA,182142.81563740876,NA,NA,32348.782000000025,NA,NA,0.05811467646602579,NA,NA,12.112546359646274,NA,NA,10.384331648524725,14.456895273002116,34,FALSE,FALSE,10,NA,NA,3.6314621832439857
2014,11,2014-11-01,2170450.2065161746,13.203342757304735,5.697556160522021,7.142978482544325,1031.164707280568,0.6523891682697527,NA,169503.08343768088,183027.3777313025,NA,2850.7519999999995,44138.743999999984,NA,0.461824809734414,0.1590391878844582,12.04062639700993,NA,12.117391025722917,7.955338098106984,NA,10.695093224489703,14.590445172438676,35,FALSE,FALSE,11,NA,NA,10.384331648524725
2014,12,2014-12-01,2267626.206952448,13.92032422827563,7.453312759425358,7.594088229640933,1000.6244825628298,0.6497796115966737,NA,NA,194082.16317658752,NA,NA,5792.637999999999,NA,NA,0.05713269153018022,NA,NA,12.176036869914338,NA,NA,8.664343079932975,14.634244118497469,36,FALSE,FALSE,12,7.955338098106984,NA,10.695093224489703
2015,3,2015-03-01,2025017.5152360215,14.516772674081151,4.881776571402071,5.793030224154519,792.4959509224087,0.6569492954257421,NA,NA,194981.78517555492,NA,NA,79484.26,NA,NA,0.4560018549584533,NA,NA,12.18066142382683,NA,NA,11.283314293618943,14.52108890798464,39,FALSE,TRUE,3,NA,NA,8.664343079932975
2015,4,2015-04-01,1826814.194607886,14.220827027331524,4.231480707581139,6.275364903220672,808.8609877582228,0.6608909911982966,NA,NA,172766.3402583823,NA,NA,102946.97500000006,NA,NA,0.04124313511883178,NA,NA,12.059695326206624,NA,NA,11.541969328828516,14.418084130466365,40,FALSE,TRUE,4,NA,NA,11.283314293618943
2015,5,2015-05-01,1679070.936237037,13.371310836691052,2.0162583237867415,6.690775028718456,806.5761060973331,0.6622127731806933,NA,NA,175202.70102941216,NA,NA,71163.354,NA,NA,0.01930250505056296,NA,NA,12.073698874200135,NA,NA,11.172733273889946,14.3337511842661,41,FALSE,TRUE,5,NA,NA,11.541969328828516
2015,7,2015-07-01,1572598.2685311509,11.611976519009922,1.811061844500384,7.642537061841637,829.326480598888,0.6681859323947831,NA,150149.56241717466,174388.15712613866,NA,997.9460000000004,12892.246000000006,NA,0.03616428143406555,0.13441529117579662,11.9193871591027,NA,12.069038881764454,6.905699166631129,NA,9.464381324354271,14.268239757515897,43,FALSE,TRUE,7,NA,NA,11.172733273889946
2015,8,2015-08-01,1718082.2813909152,11.77248184990986,1.6396546095816475,6.906171291883265,803.8836618349943,0.6728632339215466,NA,NA,184313.8304305984,NA,NA,4677.280000000002,NA,NA,0.24956598706940775,NA,NA,12.124395183873247,NA,NA,8.450472023370294,14.356719274087803,44,TRUE,FALSE,8,6.905699166631129,NA,9.464381324354271
2015,10,2015-10-01,1869913.118810964,12.76296739949637,5.8883129304487785,6.702365401764996,756.6093896774889,0.6789324602915188,NA,186883.09577291395,187954.93562857623,NA,1656.5610000000006,34077.630999999994,NA,0.993083864705254,0.7107330318824098,12.13823854405047,NA,12.143957508975149,7.4124990456921855,NA,10.436396465616319,14.44140252722255,46,FALSE,FALSE,10,NA,NA,8.450472023370294
2015,11,2015-11-01,2027189.352783252,13.425381839373864,6.0952713002048275,6.368462844372477,741.1295947198143,0.6789324602915188,NA,173643.02218144864,186803.6967194914,NA,9860.357999999998,79735.07600000019,NA,0.01965729844697322,0.0883877253719553,12.06475687413104,NA,12.13781359429997,9.19627775525398,NA,11.286464868338955,14.522160836356475,47,FALSE,FALSE,11,7.4124990456921855,NA,10.436396465616319
2015,12,2015-12-01,1908581.4801719936,13.921392337934666,7.136072582943278,6.108320711979769,739.754112950139,0.6789324602915188,NA,166569.25454859532,196615.7537047231,NA,3558.8079999999995,23926.19099999999,NA,0.00634819299046197,0.0425992586952098,12.023166445157035,NA,12.189006614231209,8.177180936316832,NA,10.082728995646407,14.461870843560774,48,FALSE,FALSE,12,9.19627775525398,NA,11.286464868338955
2016,1,2016-01-01,1798714.369342342,15.99128677490408,7.374399440732296,6.8480178126673374,676.4183009270786,0.6823271225929762,NA,172465.66361425095,172465.66361425095,NA,114.639,239.86900000000003,NA,0,0,12.05795344412858,NA,12.05795344412858,4.741788060523043,NA,5.480092940987414,14.402582728421764,49,FALSE,FALSE,1,8.177180936316832,NA,10.082728995646407
2016,2,2016-02-01,1712953.6634814772,14.949809372469002,6.254845167590991,6.709258370290008,617.1195989851011,0.6843741039607552,NA,143002.19636249138,143002.19636249138,NA,1383.087,29493.965000000004,NA,0.38195283449269635,0.4662053067466513,11.870615268302355,NA,11.870615268302355,7.232073236410725,NA,10.291940945128145,14.353729727017154,50,FALSE,FALSE,2,4.741788060523043,NA,5.480092940987414
2016,3,2016-03-01,1697447.420473046,13.83523502929704,6.277768194702422,5.9966411286560595,578.5980457428489,0.6871116003765982,165911.91290835122,175809.40386518626,176693.27651207987,23188.494999999995,30622.06000000004,40715.301000000014,0.9924308153677072,0.02196021430302203,0.3367076667319737,12.077155754640952,12.019212281366311,12.082170607284365,10.329475943238734,10.051411529480351,10.614359246726663,14.344636163250755,51,FALSE,TRUE,3,7.232073236410725,NA,10.291940945128145
2016,4,2016-04-01,1599074.3548024944,12.93975873193864,4.04709633034547,4.840258630212031,608.9102555377976,0.6891729351777279,NA,158616.8524433967,150577.0594202583,NA,9916.19400000001,16313.857000000007,NA,0,0,11.974246840062523,NA,11.922230254858128,9.201924457304163,NA,9.699770148344605,14.28493549154953,52,FALSE,TRUE,4,10.329475943238734,10.051411529480351,10.614359246726663
2016,5,2016-05-01,1750218.14288353,13.23619613409714,4.561614386498833,4.431166931359983,608.5185643547397,0.6905512810480834,NA,144811.83764980512,144811.83764980512,NA,8370.931999999997,26720.11800000001,NA,0.03323285865898804,0.1201482343753122,11.883190507317437,NA,11.883190507317437,9.0325205073443,NA,10.193172043808495,14.37525099120745,53,FALSE,TRUE,5,9.201924457304163,NA,9.699770148344605
2016,6,2016-06-01,1888063.9523967283,12.414756299615211,2.566193702471937,5.7786925997373,642.9270580916398,0.6933134861722757,NA,144234.8980575748,144234.8980575748,NA,5474.125,33770.975,NA,0.1915710730025346,0.5623172561645021,11.8791984860479,NA,11.8791984860479,8.60778772456095,NA,10.427356984742518,14.45106249820539,54,FALSE,TRUE,6,9.0325205073443,NA,10.193172043808495
2016,7,2016-07-01,1662772.8295797573,11.462591547519889,1.816661230488374,6.377510047351342,672.4695237505114,0.6947001131446202,NA,143947.0040494759,143947.0040494759,NA,2900.6509999999994,20547.013,NA,0.04612688668853992,0.4749459690320925,11.877200483385225,NA,11.877200483385225,7.972690473540702,NA,9.930470856561586,14.323997146065798,55,FALSE,TRUE,7,8.60778772456095,NA,10.427356984742518
2016,10,2016-10-01,1503977.7212069544,13.088705584726956,3.563667958234891,6.0550581148046145,661.9857084315832,0.6974816923976513,NA,NA,166579.282677085,NA,NA,28470.199000000004,NA,NA,0.6104285396810889,NA,NA,12.023226647303359,NA,NA,10.256613170061494,14.223623970354918,58,FALSE,FALSE,10,7.972690473540702,NA,9.930470856561586
2016,11,2016-11-01,1516984.5414912235,13.441365704924904,4.58571475599137,6.838256827244285,697.8172129092509,0.6981791740900489,NA,NA,145973.9903196471,NA,NA,60041.66000000004,NA,NA,0.09524280308039448,NA,NA,11.891183736324578,NA,NA,11.002793933599705,14.232235068094981,59,FALSE,FALSE,11,NA,NA,10.256613170061494
2016,12,2016-12-01,1520027.9445221594,14.826825856924684,3.545247442677163,5.858844443284554,684.0582239372188,0.6967828157418688,NA,NA,170434.74281661178,NA,NA,25501.562,NA,NA,0.10455469355171264,NA,NA,12.046107762363507,NA,NA,10.146494984172474,14.234239277207518,60,FALSE,FALSE,12,NA,NA,11.002793933599705
2017,1,2017-01-01,1457614.1277380935,15.085487841359363,4.6954842733966276,5.781609381156261,711.2791536828433,0.7002667298205781,327018.1899709894,NA,NA,16897.188,NA,NA,0.5358748449742052,NA,NA,NA,12.697771075154874,NA,NA,9.73490249653418,NA,14.192311497906621,61,FALSE,FALSE,1,NA,NA,10.146494984172474
2017,2,2017-02-01,1372739.29775078,15.570021072892803,3.974928660295854,5.719964511617495,712.1378045908997,0.7016672632802193,NA,NA,142517.6935468112,NA,NA,20605.559,NA,NA,0.3928502497796833,NA,NA,11.867221436223756,NA,NA,9.933316172742463,14.132318788899314,62,FALSE,FALSE,2,NA,9.73490249653418,NA
2017,3,2017-03-01,1408803.1793667038,15.444316059046075,3.5338788496375053,4.1673852255990935,714.3679993874549,0.7044739323333401,NA,141718.54560071306,141848.3656464108,NA,13893.260000000004,169656.5179999997,NA,0.01225061648597952,0.00295021969035107,11.861598296442365,NA,11.86251391846749,9.539159109434268,NA,12.041531189751375,14.158251092952263,63,FALSE,TRUE,3,NA,NA,9.933316172742463
2017,4,2017-04-01,1379519.0070721724,14.662307879282183,2.768492643889666,6.038782951285211,701.0045110076529,0.7058828801980068,NA,160021.75199711474,160190.55484164154,NA,6200.24,34265.107999999986,NA,0.0036914700076126,0,11.98306503495757,NA,11.984119353336709,8.732343279961402,NA,10.441882855919232,14.137245450777376,64,FALSE,TRUE,4,9.539159109434268,NA,12.041531189751375
2017,5,2017-05-01,1327390.3944693676,14.078271841405169,1.7255698701204496,4.701900057925119,711.4924125613946,0.7065887630782048,169830.04297609878,132839.6928771011,145784.5944692453,70295.02900000004,8768.418,30949.613000000027,0.9964014240608678,0.04064496012849752,0.00153000297612768,11.796898363511957,12.042553468752418,11.889885430897557,9.078911681409123,11.160456364061046,10.340115773995795,14.098725463318049,65,FALSE,TRUE,5,8.732343279961402,NA,10.441882855919232
2017,6,2017-06-01,1327920.3644235432,12.560749291497784,1.1462267923918024,8.01002819551499,700.1423192476633,0.703762408025892,NA,133266.5352797975,143050.511585412,NA,2075.8160000000003,13014.722000000002,NA,0,0,11.800106426485375,NA,11.87095307474178,7.6381096083731475,NA,9.473836457231272,14.099124640671914,66,FALSE,TRUE,6,9.078911681409123,11.160456364061046,10.340115773995795
2017,7,2017-07-01,1332359.2945876513,11.74733432628532,1.7350160829192156,8.273494221083078,678.9675123415393,0.7051699328419437,NA,NA,144221.0519451602,NA,NA,12926.533999999996,NA,NA,0,NA,NA,11.879102484475215,NA,NA,9.46703737705369,14.102461834390414,67,FALSE,TRUE,7,7.6381096083731475,NA,9.473836457231272
2017,10,2017-10-01,1318954.0063020643,12.001420473639072,3.4801622547162454,6.322945528550229,737.3271665959692,0.7093981148351857,NA,133916.3412100007,135296.61928826172,NA,3043.841,20624.767,NA,0.33862872600769883,0.5393404444278086,11.80497056463623,NA,11.815224827063716,8.02087548371458,NA,9.934247914169374,14.092349560964154,70,FALSE,FALSE,10,NA,NA,9.46703737705369
2017,11,2017-11-01,1392292.6707351587,12.876050382156484,3.799138906640364,8.576198774071573,741.1732651973449,0.7101075129500207,NA,135248.5338466763,137896.75959517976,NA,15477.358000000007,28720.39000000003,NA,0.07027491384511488,0.1011817736458313,11.814869356329648,NA,11.834260565283259,9.647133460742998,NA,10.265362602457149,14.146462349741569,71,FALSE,FALSE,11,8.02087548371458,NA,9.934247914169374
2017,12,2017-12-01,1601678.1981076736,13.336601110243414,4.161657579194781,7.112323094286837,771.7016718081518,0.7108176204629707,NA,136506.1827488205,136566.52983026442,NA,4618.351000000001,13904.765000000009,NA,0,0,11.824125187444524,NA,11.82456717289123,8.437792993955467,NA,9.539986866129711,14.286562511343496,72,FALSE,FALSE,12,9.647133460742998,NA,10.265362602457149
2018,1,2018-01-01,1629160.3168724142,14.1482673259261,4.862091439450405,6.8053348364320305,771.4636181708373,0.7143717085652854,317992.5206821291,NA,NA,47397.35699999999,NA,NA,0.8416999918370975,NA,NA,NA,12.669783141618199,NA,NA,10.766321746634878,NA,14.303575297028134,73,FALSE,FALSE,1,8.437792993955467,NA,9.539986866129711
2018,2,2018-02-01,1673730.159711007,14.646462008704225,3.5503518062675905,5.348040931632912,778.5982003681738,0.7143717085652854,321961.2384453501,301761.67031158315,301761.67031158315,50863.59,2141.9160000000006,15461.511,0.97172378119594,0.1776106065784092,0.4474102175395406,12.617392813643827,12.68218643978168,12.617392813643827,7.669456034552465,10.83690262240718,9.646109053458696,14.330565322122494,74,FALSE,FALSE,2,NA,10.766321746634878,NA
2018,3,2018-03-01,1462666.7043805637,14.5339418475523,3.7073304315855458,7.189322207221567,743.8144826302165,0.7158004519824159,NA,167188.45315628123,167411.81779109788,NA,15468.492000000004,129505.82700000006,NA,0.03492926136561986,0.00948524115443855,12.026876917177894,NA,12.028212030669366,9.64656045982413,NA,11.77148115524843,14.19577183749349,75,FALSE,TRUE,3,7.669456034552465,10.83690262240718,9.646109053458696
2018,4,2018-04-01,1368687.2063165756,13.438493398573216,3.590781218649501,6.15168194740859,748.0136910849582,0.717947853338363,NA,192043.275160655,173946.78314452164,NA,11899.626999999997,76365.92200000002,NA,0,0,12.165476017074823,NA,12.066504687419851,9.384262334070556,NA,11.243291828525585,14.129362594830893,76,FALSE,TRUE,4,9.64656045982413,NA,11.77148115524843
2018,5,2018-05-01,1349443.7884124222,12.62668207834004,2.061766952285633,6.063009660059236,785.9067438173834,0.720101696898378,NA,203143.5290738439,172322.15913852418,NA,7508.449,31355.127999999968,NA,0,0,12.221668047961689,NA,12.05712102213138,8.92378419879521,NA,10.353133105252315,14.115203056932364,77,FALSE,TRUE,5,9.384262334070556,NA,11.243291828525585
2018,6,2018-06-01,1412046.5096164416,11.261421081597264,1.762805415634821,6.89074209440942,825.6196781861078,0.7208217985952763,NA,215738.4811378526,215737.093832416,NA,5597.892,23661.932000000004,NA,0,0,12.28182221766107,NA,12.28181578714441,8.630145377284792,NA,10.071622791003376,14.160550635314696,78,FALSE,TRUE,6,8.92378419879521,NA,10.353133105252315
2018,7,2018-07-01,1442370.960901872,11.211781686667583,1.9763191748456976,7.0722622618796365,842.5982945331441,0.7237050857896574,NA,124360.04909623948,142172.8091957308,NA,16.051000000000002,1343.4790000000005,NA,0,0,11.73093625896386,NA,11.86479856284742,2.775771152931081,NA,7.203017797118348,14.18179881818236,79,FALSE,TRUE,7,8.630145377284792,NA,10.071622791003376
2018,10,2018-10-01,1490419.9410123571,12.343771487848777,2.6178172281553063,5.490964365412887,897.4069940574315,0.730237265262917,NA,176350.69460439,171801.6210752441,NA,1658.6150000000005,12456.342999999995,NA,0.2866120226815746,0.15947585900613048,12.080229874439485,NA,12.054095724315738,7.413738195748064,NA,9.429985250064693,14.214568477817929,82,FALSE,FALSE,10,2.775771152931081,NA,7.203017797118348
2018,11,2018-11-01,1466135.7491999918,14.039814119360116,2.6152897555152563,6.724997015514439,921.6482154662832,0.730237265262917,NA,203812.273091692,179079.73181702368,NA,15864.485000000032,47184.33100000007,NA,0,0,12.224954619212157,NA,12.095586414794163,9.671838242097412,NA,10.761817146120315,14.198140755504657,83,FALSE,FALSE,11,7.413738195748064,NA,9.429985250064693
2018,12,2018-12-01,1425661.2949503628,14.310386495878436,4.2795032898293695,7.9805899420935935,906.201348900092,0.729507027997654,NA,231313.1630628948,211912.36437932844,NA,1416.973,7839.774000000001,NA,0,0,12.351527755648672,NA,12.263928092621711,7.256278185168989,NA,8.966965286398349,14.170146330671104,84,FALSE,FALSE,12,9.671838242097412,NA,10.761817146120315
2019,1,2019-01-01,1400044.090396863,14.121367306109828,4.902898522871271,7.345280560241664,865.2099452406344,0.7302365350256516,328660.6304785467,NA,NA,51711.32699999996,NA,NA,0.8131586915183978,NA,NA,NA,12.702780979064077,NA,NA,10.853432127408702,NA,14.152014287230205,85,FALSE,FALSE,1,7.256278185168989,NA,8.966965286398349
2019,2,2019-02-01,1357121.6276725838,14.585577474523204,4.5194195598621825,5.973458396711025,832.9202019797048,0.7302365350256516,NA,158878.65703121046,158960.8221888301,NA,92.641,12962.758,NA,0,0,11.975896026519273,NA,11.97641304951246,4.528731808239655,NA,9.469835755907694,14.120876564625537,86,FALSE,FALSE,2,NA,10.853432127408702,NA
2019,3,2019-03-01,1382870.164050371,13.806143462895731,3.7817022254942416,7.5266863056932385,800.6480354472872,0.7338877177007798,NA,198515.41588490145,183967.38294957695,NA,31798.80000000004,108830.06100000028,NA,0,0,12.198622037982526,NA,12.12251375429916,10.367183832207198,NA,11.597542871197167,14.139671726305243,87,FALSE,TRUE,3,4.528731808239655,NA,9.469835755907694
2019,4,2019-04-01,1461571.5057781378,12.971550489673223,3.1704730549568905,5.917796511847438,809.1733414817379,0.736089380853882,NA,190085.85682476513,184523.1567120254,NA,44711.911000000015,65829.34599999996,NA,0,0,12.155231127101574,NA,12.125530245221203,10.707995210430466,NA,11.094821005732335,14.195022788630213,88,FALSE,TRUE,4,10.367183832207198,NA,11.597542871197167
2019,5,2019-05-01,1523237.26713999,12.084703141096112,2.015689418034282,7.287067093540326,833.1622179736173,0.7405059171390054,NA,190428.93687208547,176245.0771363007,NA,26871.669,32305.72100000002,NA,0,0,12.157034369161904,NA,12.079630789142877,10.198827813562202,NA,10.382999614269755,14.2363484090671,89,FALSE,TRUE,5,10.707995210430466,NA,11.094821005732335
2019,6,2019-06-01,1496077.7143824457,11.69858197210849,1.3164600139996576,6.399045548248664,856.0341270032826,0.7405059171390054,NA,187838.36465719173,175494.6735768077,NA,13108.639999999996,14043.367000000007,NA,0,0,12.143337109542616,NA,12.075363971437788,9.481026833771747,NA,9.549905463643642,14.21835738428391,90,FALSE,TRUE,6,10.198827813562202,NA,10.382999614269755
2019,7,2019-07-01,1446113.2496978869,11.082557623890681,1.3247519996365618,6.922309234156822,820.0664299746069,0.7419869289732833,NA,194353.85316763335,177811.32927862916,NA,4331.212000000001,7664.082999999995,NA,0.01320461801454188,0.1175134716051484,12.177435762004256,NA,12.088478319259343,8.373602689450953,NA,8.944300149445915,14.184389997927196,91,FALSE,TRUE,7,9.481026833771747,NA,9.549905463643642
2019,11,2019-11-01,1352588.1337154617,13.532877209983369,3.643425086870991,5.750252318530182,830.7882782661958,0.7501680887239336,NA,209270.13459465455,192018.23023763945,NA,28448.712000000003,47715.96300000003,NA,0.01775173512248989,0.04568850470438998,12.251381206397191,NA,12.165345595656905,10.255858166121918,NA,10.773021274980294,14.117530451140137,95,FALSE,FALSE,11,8.373602689450953,NA,8.944300149445915
2019,12,2019-12-01,1444511.189012972,13.792448723293386,4.831832350768887,6.7685721931622,845.4176419559252,0.7509182568126574,NA,204927.36297488853,189975.9573435795,NA,8315.577999999998,30366.25699999999,NA,0,0,12.230410868380156,NA,12.154652802838774,9.025885902139558,NA,10.321087303819345,14.183281544800256,96,FALSE,FALSE,12,10.255858166121918,NA,10.773021274980294
2020,1,2020-01-01,1610910.6234884255,14.798105576706964,5.11443639659824,7.391649455244552,881.6023223059153,0.7554237663535334,322583.41098335275,NA,NA,80473.19799999999,NA,NA,0.8686727598423516,NA,NA,NA,12.68411702048481,NA,NA,11.295679463869083,NA,14.29231018171782,97,FALSE,FALSE,1,9.025885902139558,NA,10.321087303819345
2020,2,2020-02-01,1771901.1776216123,14.625417567984156,6.033918307616801,6.192284285312563,880.6521751905224,0.7584454614189474,262820.72086638835,163724.36294586526,163724.36294586526,102478.11599999994,2591.6190000000006,6170.065,0.973245497604581,0,0,12.005939579077708,12.479227409007917,12.005939579077708,7.860038055927227,11.537404552326684,8.72746465168997,14.387563639755461,98,FALSE,FALSE,2,NA,11.295679463869083,NA
2020,3,2020-03-01,1804050.6742354727,14.813322101884845,4.899594035564304,5.954250942270646,848.7440169775202,0.7607207978032042,177912.75954517545,177418.45270247347,176950.98020767482,77125.61100000002,7767.468999999997,35224.99100000004,0.972429093624944,0,0,12.086266360936749,12.089048594213905,12.083628025219554,8.957699650271147,11.253190683380522,10.469511081266495,14.405545069141162,99,FALSE,TRUE,3,7.860038055927227,11.537404552326684,8.72746465168997
2020,4,2020-04-01,1877146.9977895836,13.366649720981746,3.568250201925128,6.2543314275666075,809.2264381044894,0.7607207978032042,242569.86257016697,207731.92593359097,193417.23261784768,60908.149999999965,53235.635999999984,104305.04799999992,0.999811141858684,0,5.488708465960347e-5,12.244003709816763,12.399045040941688,12.17260496153675,10.882483300704672,11.017122270688265,11.55507503866715,14.445263627786971,100,FALSE,TRUE,4,8.957699650271147,11.253190683380522,10.469511081266495
2020,5,2020-05-01,1819421.042104731,13.266495931366256,3.2064576833768945,7.325810545783722,780.5162163603968,0.759960077005401,237069.03224433408,223203.4608826426,205532.3572409721,66974.86999999998,41502.43499999997,37355.82299999999,0.9998863752927032,1.2146275272764128e-4,0.00121464329670905,12.315839015115687,12.376106652997406,12.233358756683954,10.633507379196292,11.112072753388155,10.528244082023715,14.414028899711997,101,FALSE,TRUE,5,10.882483300704672,11.017122270688265,11.55507503866715
2020,6,2020-06-01,1698882.647674239,11.958340903423782,1.8208390115087776,7.651480573647365,749.6201441636862,0.7592001169283956,227157.49926085095,213827.37080457996,196465.0488048197,51820.874,13609.637,8706.608999999997,0.9997954492238011,0,0,12.272924289980548,12.333398885218195,12.18823982579318,9.518533423724794,10.855548320048745,9.071837671423141,14.34548132685843,102,FALSE,TRUE,6,10.633507379196292,11.112072753388155,10.528244082023715
2020,7,2020-07-01,1486934.7155351704,11.50758415277179,1.7677260617199704,7.832614174933036,710.3644428969699,0.7599593170453239,NA,229122.79130543937,224627.039349006,NA,6638.683,4312.121,NA,0,0,12.342013345402972,NA,12.322196702949515,8.800668879424338,NA,8.369185173419615,14.212227321005184,103,FALSE,TRUE,7,9.518533423724794,10.855548320048745,9.071837671423141
2020,11,2020-11-01,1543368.5096646026,13.261315593870052,3.6181305580251593,6.568677931227658,636.1778807529015,0.7698699365875226,NA,249162.8661982343,202929.1008459448,NA,35925.03799999997,30231.040000000008,NA,0.01498417343358135,0.03850224802057751,12.425862042746429,NA,12.220611940102994,10.489189768705886,NA,10.316624490092753,14.24947792957383,107,FALSE,FALSE,11,8.800668879424338,NA,8.369185173419615
2020,12,2020-12-01,1461512.278155271,13.757985439467417,4.153499169066146,6.781138480955228,639.8969267352616,0.772179546397285,NA,340661.70390980574,219980.22220811117,NA,6567.447,27299.390999999992,NA,0.11704243673378711,0.10416825781937776,12.73864519319213,NA,12.301292922239297,8.78988045148526,NA,10.214619673231923,14.19498226456231,108,FALSE,FALSE,12,10.489189768705886,NA,10.316624490092753
2021,1,2021-01-01,1495806.3290079918,14.568126713714555,4.9720580612371545,6.643738338816248,666.6033663646394,0.7775848032220659,308648.0072726676,NA,NA,90400.38299999996,NA,NA,0.8494401622170119,NA,NA,NA,12.639956771532507,NA,NA,11.412003783096957,NA,14.218175969916734,109,FALSE,FALSE,1,8.78988045148526,NA,10.214619673231923
2021,3,2021-03-01,1510448.1372132653,14.787731885577458,4.943048634697126,5.946973339500367,723.2122409166593,0.782256532719824,NA,192672.3846417542,184627.18386866825,NA,56042.23800000011,184713.50999999992,NA,0,0,12.168746536617409,NA,12.126093848436266,10.933860935413705,NA,12.1265613091539,14.227916944372183,111,FALSE,TRUE,3,NA,11.412003783096957,NA
2021,4,2021-04-01,1457805.8632686073,13.884772005133904,3.1063888274703606,5.677241676665072,758.9882288402111,0.7853855588507033,NA,217269.1845956536,187929.05349845177,NA,48236.96999999999,95610.4170000002,NA,0,0,12.288892345768103,NA,12.143819795579983,10.783881018483104,NA,11.468037057538448,14.192443029920108,112,FALSE,TRUE,4,10.933860935413705,NA,12.1265613091539
2021,5,2021-05-01,1543885.6065099689,13.32872819922834,2.547738878225543,5.79075861276456,765.5674855822443,0.7877417155272554,NA,214146.61791677133,191967.7456610505,NA,41749.39,20628.11200000001,NA,0,0,12.27441618986147,NA,12.165082645549097,10.63944011939382,NA,9.934410084669393,14.249812917774182,113,FALSE,TRUE,5,10.783881018483104,NA,11.468037057538448
2021,6,2021-06-01,1534117.18660441,12.331698245264436,2.511405702620023,6.559593196316859,806.6439296054871,0.7885294572427826,NA,240018.93431069067,224281.6855276732,NA,15501.417000000009,5552.879000000003,NA,0,0,12.388473092173454,NA,12.320658065492378,9.648686718083683,NA,8.62207181098079,14.243465650823634,114,FALSE,TRUE,6,10.63944011939382,NA,9.934410084669393
2021,11,2021-11-01,1690121.6915788085,13.071464833501052,5.116842837216855,7.18774108729202,913.2010942545312,0.8221824202250634,NA,NA,158115.7621497355,NA,NA,19248.929999999986,NA,NA,0,NA,NA,11.971082715569894,NA,NA,9.865210753755473,14.340311091158254,119,FALSE,FALSE,11,9.648686718083683,NA,8.62207181098079
2022,3,2022-03-01,1680037.8336057642,13.887658326464344,3.7848799215700217,7.453381166940709,1009.7545450329768,0.8572043142859221,NA,163321.62317291222,NA,NA,91966.47199999982,NA,NA,0,NA,12.00347668398878,NA,NA,11.429179354826074,NA,NA,14.334326871129301,123,FALSE,TRUE,3,NA,NA,9.865210753755473
2022,4,2022-04-01,1706759.1210970993,12.146388890194558,2.3140824009909142,6.492036102385242,1028.1093283309308,0.8692051746859251,NA,161066.6895196373,NA,NA,59670.83800000008,NA,NA,5.672787769462859e-4,NA,11.989573778819787,NA,NA,10.996598704325676,NA,NA,14.350106879398135,124,FALSE,TRUE,4,11.429179354826074,NA,NA
2022,5,2022-05-01,1726038.102042024,11.821326126898466,1.963364279321831,5.972361085645021,1047.6820440300214,0.8796356367821562,NA,159156.80782572855,NA,NA,23351.412000000004,NA,NA,0,NA,11.977645207954515,NA,NA,10.058412732360818,NA,NA,14.361339225724857,125,FALSE,TRUE,5,10.996598704325676,NA,NA
2022,6,2022-06-01,1722202.905621007,11.106692106878327,1.3509649809353568,7.144294414662499,1078.416039455599,0.8875523575131954,NA,157737.1732663316,NA,NA,15566.766000000003,NA,NA,0,NA,11.968685466583043,NA,NA,9.652893536124836,NA,NA,14.359114788399326,126,FALSE,TRUE,6,10.058412732360818,NA,NA
2022,11,2022-11-01,1715531.703676421,13.762525256844793,3.4138783897735068,6.236478967472823,1293.239377765247,0.9328053992152404,262648.5655058558,150084.89457477472,150084.89457477472,2653.804,22373.05500000001,18881.94899999999,0.30230491777086776,0.02332207201922132,0.00128397762328454,11.918956376813098,12.47857216474852,11.918956376813098,10.015612611990353,7.88374936137379,9.845961665303749,14.35523362183061,131,FALSE,FALSE,11,9.652893536124836,NA,NA
2022,12,2022-12-01,1724454.4705398118,14.303437241118768,4.334850701849665,8.146059417314962,1305.8200533150864,0.935603815412886,261862.97657612743,149635.98661492995,149635.98661492995,55399.36,1273.6409999999998,14344.204,0.7989124603605527,0,0,11.9159608678333,12.475576655768723,11.9159608678333,7.149635006783016,10.922323320322075,9.571101237158182,14.36042130946792,132,FALSE,FALSE,12,10.015612611990353,7.88374936137379,9.845961665303749
2023,1,2023-01-01,1714726.393775883,14.733936750462968,5.247033098790711,6.469607273930656,1268.059239574964,0.943088645936189,307500.2559405448,NA,NA,98336.59599999996,NA,NA,0.8161859802427979,NA,NA,NA,12.636231198555338,NA,NA,11.49615152576443,NA,14.354764088697852,133,FALSE,FALSE,1,7.149635006783016,10.922323320322075,9.571101237158182
2023,2,2023-02-01,1601140.1836502687,13.836790505276952,4.7271142582936605,6.687293144769203,1173.700009986175,0.9421455572902528,307808.0640045494,NA,NA,116416.41099999996,NA,NA,0.946577763851524,NA,NA,NA,12.637231698888922,NA,NA,11.664928792314113,NA,14.286226548202077,134,FALSE,FALSE,2,NA,11.49615152576443,NA
2023,3,2023-03-01,1618992.259250412,14.46337181258113,4.570896065014946,6.578315098427637,1182.4988617839822,0.9525091584204456,304459.0148412952,167977.38749864564,167977.38749864564,95917.841,38083.561,206754.27699999977,0.9906184085190156,0,0,12.031584651103895,12.626291758850588,12.031584651103895,10.547537998188634,11.471247281107797,12.239286299491798,14.297314451456502,135,FALSE,TRUE,3,NA,11.664928792314113,NA
2023,4,2023-04-01,1684885.2907264878,13.43647393033371,3.930745832666472,6.797786028437703,1134.9291859855523,0.9553666858957068,303548.3697320989,167474.96261081318,167474.96261081318,93841.48000000004,47399.75199999994,101672.79099999995,0.99132027755743,0,0,12.028589142124096,12.623296249870789,12.028589142124096,10.766372275601968,11.44936225472899,11.529515004451385,14.337208042731088,136,FALSE,TRUE,4,10.547537998188634,11.471247281107797,12.239286299491798
2023,5,2023-05-01,1753733.9539729443,12.632893708071812,2.198316963682094,5.968626566172069,1117.7467285330847,0.9563220525816024,303245.1246074914,167307.65495585735,167307.65495585735,91945.899,43375.229999999945,40972.838999999985,0.9861973941872058,0,0,12.027589641791012,12.622296749537705,12.027589641791012,10.677643819828761,11.428955628711579,10.620664662745964,14.377257760804817,137,FALSE,TRUE,5,10.766372275601968,11.44936225472899,11.529515004451385
2023,6,2023-06-01,1759970.3388102823,11.941808685254577,1.6538915912571486,7.578805883938291,1088.9802828715178,0.9544094084764392,303852.8302680275,167642.94083753243,167642.94083753243,78424.89100000003,27267.95599999998,8954.294999999998,0.9819275872503286,0.03464363078772756,0.07136229038690373,12.029591644461686,12.624298752208379,12.029591644461686,10.213467518868347,11.269896643194986,9.099888584427507,14.380807513923619,138,FALSE,TRUE,6,10.677643819828761,11.428955628711579,10.620664662745964
2023,11,2023-11-01,2008735.9304617932,12.751945496218063,2.7886531894410784,6.647726172089805,1085.5276165469725,0.976551510527266,296963.34179384075,163841.84374832595,NA,38856.918000000005,24344.917999999983,NA,0.5563380245443039,0,NA,12.006656874116677,12.60136398186337,NA,10.100078400363028,10.567641409441372,NA,14.513016191883278,143,FALSE,FALSE,11,10.213467518868347,11.269896643194986,9.099888584427507
2023,12,2023-12-01,1890354.251149512,13.834475830894617,4.616207840316762,7.479553347442605,1110.4502946356329,0.9716687529746298,NA,164665.16959630745,NA,NA,5020.911999999998,NA,NA,0,NA,12.011669415940222,NA,NA,8.52136686949195,NA,NA,14.45227480394282,144,FALSE,FALSE,12,10.100078400363028,10.567641409441372,NA
2024,1,2024-01-01,1926456.4043767536,14.883294768759898,4.726631552060944,7.682206729862415,1070.0256245802875,0.9784704342454522,306600.9860904434,NA,NA,143748.73200000008,NA,NA,0.8171071658566004,NA,NA,NA,12.63330246162617,NA,NA,11.875822137751127,NA,14.47119281334862,145,FALSE,FALSE,1,8.52136686949195,NA,NA
2024,3,2024-03-01,1998001.6326236993,14.091553910167985,4.24978067942712,5.762075763815711,1083.0002703434504,0.9882786218783286,303558.1195005697,192253.47568369412,192253.47568369412,104571.62199999996,37704.742000000006,63773.90400000001,0.9732895412103292,0,0,12.16656996618337,12.623328368679086,12.16656996618337,10.537541148019516,11.5576274936132,11.063099357444859,14.50765805531928,147,FALSE,TRUE,3,NA,11.875822137751127,NA
2024,4,2024-04-01,1851215.833789406,13.584281516682426,2.9045909625750164,6.1013842702224705,1094.8103267265349,0.99322001498772,302047.8801000694,191296.99073004397,191296.99073004397,122787.62799999988,22415.663,10462.345,0.9802321044918304,0.016077195664478,0.01229991937753916,12.161582424672332,12.618340827168046,12.161582424672332,10.017515234559424,11.71821154043397,9.255537899873175,14.431353188641996,148,FALSE,TRUE,4,10.537541148019516,11.5576274936132,11.063099357444859
2024,5,2024-05-01,1695336.7735255824,11.887442849551686,1.8461733271687328,6.527946282664898,1086.523136011945,0.9961996750326833,301144.44675979007,190724.81628120036,190724.81628120036,85034.45199999998,37413.006000000016,9202.514,0.9791317876664858,0.01228920231643508,0.0288251666881463,12.158586915692533,12.615345318188249,12.158586915692533,10.529773676960907,11.350811771000503,9.127231986577746,14.343391965506921,149,FALSE,TRUE,5,10.017515234559424,11.71821154043397,9.255537899873175
2024,6,2024-06-01,1728486.2823102225,11.988225809943817,1.289005141971145,7.4904544416327425,1062.1223855563849,0.9952034753576504,NA,190915.73201321356,190915.73201321356,NA,2877.019,954.9939999999996,NA,0,0,12.159587416026117,NA,12.159587416026117,7.964509967631235,NA,6.86170505773848,14.362756602130792,150,FALSE,TRUE,6,10.529773676960907,11.350811771000503,9.127231986577746
