"","ANIO","REG","MES","NM_RECURSO","Precio_ponderado","Q_total_consolidado","N_Plantas_Compradoras"
"1",2012,1,2,"ANCHOVETA",67000,18963,1
"2",2012,1,3,"ANCHOVETA",70000,8013,1
"3",2012,1,5,"ANCHOVETA",86000,1067,1
"4",2012,1,6,"ANCHOVETA",88000,13747,1
"5",2012,1,7,"ANCHOVETA",89000,28121,1
"6",2012,1,8,"ANCHOVETA",90000,18620,1
"7",2012,1,9,"ANCHOVETA",84000,1353,1
"8",2012,1,10,"ANCHOVETA",85000,24874,1
"9",2012,1,11,"ANCHOVETA",97000,27230,1
"10",2012,1,12,"ANCHOVETA",99000,2743,1
"11",2013,1,1,"ANCHOVETA",97022,14761.172,1
"12",2013,1,5,"ANCHOVETA",97577,11410.641,1
"13",2013,1,6,"ANCHOVETA",94819,842.881,1
"14",2013,1,7,"ANCHOVETA",94322,13211.658,1
"15",2013,1,8,"ANCHOVETA",92243,2646.201,1
"16",2015,1,3,"ANCHOVETA",128574,13318.31,1
"17",2015,1,4,"ANCHOVETA",117366,16144.986,1
"18",2015,1,5,"ANCHOVETA",112405,1922.913,1
"19",2015,1,6,"ANCHOVETA",112249,4739.224,1
"20",2015,1,7,"ANCHOVETA",114415,6599.627,1
"21",2015,1,8,"ANCHOVETA",116036,11534.608,1
"22",2016,1,7,"ANCHOVETA",185650,9684,1
"23",2016,1,11,"ANCHOVETA",171140,703,1
"24",2017,1,2,"ANCHOVETA",105486,16542,1
"25",2017,1,3,"ANCHOVETA",98726,21962,1
"26",2017,1,4,"ANCHOVETA",97979,22624,1
"27",2017,1,5,"ANCHOVETA",96880,8638,1
"28",2018,1,9,"ANCHOVETA",116741,24.509,1
"29",2018,1,10,"ANCHOVETA",121251,25037.347,1
"30",2018,1,11,"ANCHOVETA",113139,15521.501,1
"31",2020,1,3,"ANCHOVETA",139284,1767.05,1
"32",2020,1,4,"ANCHOVETA",155444,1744.735,1
"33",2020,1,5,"ANCHOVETA",167152,2256.538,1
"34",2020,1,6,"ANCHOVETA",163016,4833.65,1
"35",2020,1,7,"ANCHOVETA",169033,4460.896,1
"36",2020,1,8,"ANCHOVETA",166614,1232.94,1
"37",2020,1,10,"ANCHOVETA",151259,1598.639,1
"38",2020,1,11,"ANCHOVETA",135534,1886.19,1
"39",2020,1,12,"ANCHOVETA",156578,2659.41,1
"40",2021,1,7,"ANCHOVETA",142236,10676.6,1
"41",2021,1,10,"ANCHOVETA",161008,6877.349,1
"42",2021,1,11,"ANCHOVETA",161513,4369.546,1
"43",2021,1,12,"ANCHOVETA",170513,4485.261,1
"44",2022,1,7,"ANCHOVETA",197367,12995.446,1
"45",2022,1,8,"ANCHOVETA",195227,5320.49,1
"46",2022,1,9,"ANCHOVETA",194655,490.683,1
"47",2022,1,10,"ANCHOVETA",195887,5077.886,1
"48",2022,1,11,"ANCHOVETA",191309,6204.471,1
"49",2022,1,12,"ANCHOVETA",186280,3678.103,1
"50",2024,1,3,"ANCHOVETA",226568,18.529,1
"51",2024,1,4,"ANCHOVETA",213084,27.551,1
"52",2024,1,6,"ANCHOVETA",201226,156.957,1
"53",2024,1,1,"JUREL",229000,495.517,1
"54",2024,1,2,"JUREL",229000,3605.926,1
"55",2024,1,3,"JUREL",226568,6656.575,1
"56",2024,1,4,"JUREL",210084,4159.895,1
"57",2024,1,5,"JUREL",194933,4543.703,1
"58",2024,1,6,"JUREL",201226,3299.22,1
"59",2019,2,3,"ANCHOVETA",113974,35056.14,1
"60",2019,2,4,"ANCHOVETA",120600,32193.79,1
"61",2019,2,5,"ANCHOVETA",126487,28830.34,1
"62",2019,2,6,"ANCHOVETA",121025,2064.5,1
"63",2019,2,7,"ANCHOVETA",121937,4520.03,1
"64",2019,2,8,"ANCHOVETA",126333,2305.89,1
"65",2019,2,11,"ANCHOVETA",120397,217.54,1
"66",2019,2,12,"ANCHOVETA",116812,49.74,1
"67",2020,2,3,"ANCHOVETA",152343,11582.915,1
"68",2020,2,4,"ANCHOVETA",150699,20084.765,1
"69",2020,2,5,"ANCHOVETA",145016,12200.065,1
"70",2020,2,6,"ANCHOVETA",141661,5385.6,1
"71",2020,2,7,"ANCHOVETA",122984,5031.143,1
"72",2020,2,8,"ANCHOVETA",126044,654.16,1
"73",2020,2,10,"ANCHOVETA",127062,147.665,1
"74",2020,2,12,"ANCHOVETA",121119,36.825,1
"75",2021,2,1,"ANCHOVETA",127714,273.227,1
"76",2021,2,2,"ANCHOVETA",130131,1937.827,1
"77",2021,2,3,"ANCHOVETA",131326,7352.068,1
"78",2021,2,4,"ANCHOVETA",130361,12258.568,1
"79",2021,2,5,"ANCHOVETA",142031,10900.009,1
"80",2021,2,6,"ANCHOVETA",135130,11082.972,1
"81",2021,2,7,"ANCHOVETA",141339,7056.892,1
"82",2021,2,8,"ANCHOVETA",144117,334.15,1
"83",2021,2,9,"ANCHOVETA",150951,640.71,1
"84",2021,2,10,"ANCHOVETA",156999,18404.473,1
"85",2021,2,11,"ANCHOVETA",161367,10329.089,1
"86",2021,2,12,"ANCHOVETA",170248,2955.367,1
"87",2022,2,1,"ANCHOVETA",162288,728.936,1
"88",2022,2,3,"ANCHOVETA",165063,9471.462,1
"89",2022,2,4,"ANCHOVETA",184349,21302.113,1
"90",2022,2,5,"ANCHOVETA",174330,21839.966,1
"91",2022,2,6,"ANCHOVETA",192915,10797.668,1
"92",2022,2,7,"ANCHOVETA",189689,8289.965,1
"93",2022,2,8,"ANCHOVETA",187218,4197.255,1
"94",2022,2,9,"ANCHOVETA",188491,808.235,1
"95",2022,2,10,"ANCHOVETA",188856,9502.955,1
"96",2022,2,11,"ANCHOVETA",183742,13074.091,1
"97",2022,2,12,"ANCHOVETA",178751,1026.734,1
"98",2023,2,10,"ANCHOVETA",199745,2532.6,1
"99",2023,2,11,"ANCHOVETA",201919,1132.019,1
"100",2023,2,12,"ANCHOVETA",205264,5.98,1
"101",2012,2,1,"JUREL",150000,4,1
"102",2012,2,2,"JUREL",150000,1,1
"103",2012,2,3,"JUREL",150000,2,1
"104",2012,2,7,"JUREL",150000,25,1
"105",2012,2,8,"JUREL",150000,31,1
"106",2012,2,10,"JUREL",150000,21,1
"107",2012,2,11,"JUREL",150000,3,1
"108",2013,2,1,"JUREL",150000,1.37,1
"109",2013,2,5,"JUREL",150000,5.61,1
"110",2013,2,6,"JUREL",150000,8.79,1
"111",2013,2,9,"JUREL",150000,12.54,1
"112",2013,2,10,"JUREL",150000,12.13,1
"113",2013,2,11,"JUREL",150000,1.24,1
"114",2014,2,4,"JUREL",130000,3.22,1
"115",2014,2,5,"JUREL",150000,3.7,1
"116",2014,2,7,"JUREL",150000,14.2,1
"117",2015,2,8,"JUREL",150000,2.62,1
"118",2019,2,3,"JUREL",113974,117.16,1
"119",2019,2,4,"JUREL",120600,13.41,1
"120",2019,2,5,"JUREL",126487,1.9,1
"121",2019,2,10,"JUREL",112042,333.73,1
"122",2019,2,11,"JUREL",120397,32.48,1
"123",2019,2,12,"JUREL",116812,217.31,1
"124",2020,2,1,"JUREL",140014,1090.709,1
"125",2020,2,4,"JUREL",150699,2130.713,1
"126",2020,2,5,"JUREL",145016,3381.207,1
"127",2020,2,6,"JUREL",141661,96.522,1
"128",2020,2,10,"JUREL",127062,277.884,1
"129",2020,2,11,"JUREL",130718,8.115,1
"130",2021,2,1,"JUREL",127714,39.723,1
"131",2021,2,2,"JUREL",130131,690.015,1
"132",2021,2,3,"JUREL",131326,7026.139,1
"133",2021,2,4,"JUREL",130361,2086.037,1
"134",2021,2,5,"JUREL",142031,7.606,1
"135",2021,2,6,"JUREL",135130,114.69,1
"136",2021,2,7,"JUREL",141339,89.135,1
"137",2021,2,10,"JUREL",156999,299.545,1
"138",2021,2,11,"JUREL",161367,5.4,1
"139",2021,2,12,"JUREL",170248,1.44,1
"140",2022,2,1,"JUREL",162288,646.692,1
"141",2022,2,3,"JUREL",165063,3299.717,1
"142",2022,2,4,"JUREL",184349,3125.991,1
"143",2022,2,5,"JUREL",174330,1367.324,1
"144",2022,2,6,"JUREL",192915,0.703,1
"145",2022,2,7,"JUREL",189689,1352.071,1
"146",2022,2,11,"JUREL",183742,2226.784,1
"147",2022,2,12,"JUREL",178751,696.607,1
"148",2023,2,9,"JUREL",226828,92.03,1
"149",2023,2,10,"JUREL",199745,684.45,1
"150",2023,2,12,"JUREL",205264,802.463,1
"151",2012,2,2,"SARDINA ESPAÑOLA",130000,8,1
"152",2012,2,3,"SARDINA ESPAÑOLA",130000,40,1
"153",2012,2,4,"SARDINA ESPAÑOLA",130000,52,1
"154",2012,2,5,"SARDINA ESPAÑOLA",130000,26,1
"155",2012,2,6,"SARDINA ESPAÑOLA",130000,26,1
"156",2012,2,7,"SARDINA ESPAÑOLA",130000,1,1
"157",2012,2,8,"SARDINA ESPAÑOLA",130000,4,1
"158",2012,2,10,"SARDINA ESPAÑOLA",130000,15,1
"159",2012,2,11,"SARDINA ESPAÑOLA",130000,3,1
"160",2012,2,12,"SARDINA ESPAÑOLA",130000,15,1
"161",2013,2,1,"SARDINA ESPAÑOLA",130000,10.05,1
"162",2013,2,3,"SARDINA ESPAÑOLA",130000,1.36,1
"163",2013,2,4,"SARDINA ESPAÑOLA",130000,7.85,1
"164",2013,2,5,"SARDINA ESPAÑOLA",130000,14.39,1
"165",2013,2,9,"SARDINA ESPAÑOLA",130000,0.74,1
"166",2014,2,9,"SARDINA ESPAÑOLA",130000,4.22,1
"167",2014,2,10,"SARDINA ESPAÑOLA",130000,15.44,1
"168",2014,2,11,"SARDINA ESPAÑOLA",130000,22.58,1
"169",2014,2,12,"SARDINA ESPAÑOLA",130000,5.01,1
"170",2015,2,2,"SARDINA ESPAÑOLA",130000,30.42,1
"171",2015,2,8,"SARDINA ESPAÑOLA",130000,7.63,1
"172",2015,2,9,"SARDINA ESPAÑOLA",130000,3.61,1
"173",2015,2,10,"SARDINA ESPAÑOLA",130000,5.08,1
"174",2016,2,1,"SARDINA ESPAÑOLA",130000,7,1
"175",2016,2,5,"SARDINA ESPAÑOLA",130000,5,1
"176",2016,2,6,"SARDINA ESPAÑOLA",130000,7,1
"177",2020,2,7,"SARDINA ESPAÑOLA",122894,1207.731,1
"178",2020,2,8,"SARDINA ESPAÑOLA",126044,286.078,1
"179",2020,2,10,"SARDINA ESPAÑOLA",127062,265.341,1
"180",2012,3,1,"ANCHOVETA",65000,252,1
"181",2012,3,2,"ANCHOVETA",65000,1313,1
"182",2012,3,3,"ANCHOVETA",65000,298,1
"183",2012,3,4,"ANCHOVETA",71000,5023,1
"184",2012,3,5,"ANCHOVETA",68000,6223,1
"185",2012,3,6,"ANCHOVETA",71000,1558,1
"186",2012,3,10,"ANCHOVETA",83000,1737,1
"187",2012,3,11,"ANCHOVETA",85000,2596,1
"188",2013,3,1,"ANCHOVETA",90909,3218.455,1
"189",2013,3,2,"ANCHOVETA",96635,473.951,1
"190",2013,3,3,"ANCHOVETA",96785,5887.424,1
"191",2013,3,4,"ANCHOVETA",95860,5568.079,1
"192",2013,3,5,"ANCHOVETA",94148,451.26,1
"193",2013,3,6,"ANCHOVETA",101326,4360.49,1
"194",2013,3,7,"ANCHOVETA",91441,1394.296,1
"195",2013,3,8,"ANCHOVETA",93342,706.661,1
"196",2013,3,9,"ANCHOVETA",102478,2.278,1
"197",2013,3,10,"ANCHOVETA",95206,14.692,1
"198",2014,3,1,"ANCHOVETA",84433,386.836,1
"199",2014,3,2,"ANCHOVETA",84457,964.954,1
"200",2014,3,3,"ANCHOVETA",86211,1000.16,1
"201",2014,3,4,"ANCHOVETA",86741,292.5,1
"202",2014,3,5,"ANCHOVETA",86287,293.16,1
"203",2014,3,7,"ANCHOVETA",90786,81.574,1
"204",2014,3,8,"ANCHOVETA",95508,358.442,1
"205",2014,3,10,"ANCHOVETA",113060,34.93,1
"206",2014,3,11,"ANCHOVETA",115761,6.21,1
"207",2015,3,1,"ANCHOVETA",116825,25.196,1
"208",2015,3,3,"ANCHOVETA",131507,44.12,1
"209",2015,3,4,"ANCHOVETA",124479,833.586,1
"210",2015,3,5,"ANCHOVETA",120150,3736.82,1
"211",2015,3,6,"ANCHOVETA",122255,2012.25,1
"212",2015,3,7,"ANCHOVETA",116921,881.467,1
"213",2015,3,8,"ANCHOVETA",122002,1475.152,1
"214",2015,3,9,"ANCHOVETA",125257,1175.565,1
"215",2015,3,12,"ANCHOVETA",126597,4.43,1
"216",2016,3,1,"ANCHOVETA",143944,456,1
"217",2016,3,3,"ANCHOVETA",126223,4625,1
"218",2016,3,4,"ANCHOVETA",126986,3132,1
"219",2016,3,5,"ANCHOVETA",126986,2106,1
"220",2016,3,6,"ANCHOVETA",127641,4873,1
"221",2016,3,7,"ANCHOVETA",132059,2625,1
"222",2016,3,9,"ANCHOVETA",295850,1582,1
"223",2016,3,11,"ANCHOVETA",113257,25,1
"224",2017,3,2,"ANCHOVETA",110186,48,1
"225",2017,3,3,"ANCHOVETA",106279,2029,1
"226",2017,3,4,"ANCHOVETA",108974,970,1
"227",2017,3,6,"ANCHOVETA",103255,294,1
"228",2018,3,3,"ANCHOVETA",129829,223.519,1
"229",2018,3,4,"ANCHOVETA",115514,7276.578,1
"230",2018,3,5,"ANCHOVETA",109026,3315.844,1
"231",2018,3,6,"ANCHOVETA",107268,7388.096,1
"232",2018,3,7,"ANCHOVETA",114030,5865.064,1
"233",2018,3,8,"ANCHOVETA",112427,2057.829,1
"234",2018,3,9,"ANCHOVETA",118867,699.565,1
"235",2018,3,12,"ANCHOVETA",116347,162.394,1
"236",2019,3,1,"ANCHOVETA",116702,13129.71,1
"237",2019,3,2,"ANCHOVETA",110749,7106.84,1
"238",2019,3,5,"ANCHOVETA",120164,9273.37,1
"239",2019,3,6,"ANCHOVETA",126919,3332.22,1
"240",2019,3,7,"ANCHOVETA",119655,2421.07,1
"241",2019,3,8,"ANCHOVETA",120425,1293.07,1
"242",2019,3,12,"ANCHOVETA",119050,39.45,1
"243",2020,3,1,"ANCHOVETA",120405,1155.645,1
"244",2020,3,2,"ANCHOVETA",140441,1819.926,1
"245",2020,3,3,"ANCHOVETA",152641,8073.123,1
"246",2020,3,4,"ANCHOVETA",152207,7811.985,1
"247",2020,3,5,"ANCHOVETA",152767,8688.915,1
"248",2020,3,6,"ANCHOVETA",148406,3550.315,1
"249",2020,3,7,"ANCHOVETA",147496,1813.125,1
"250",2020,3,8,"ANCHOVETA",119505,490.495,1
"251",2020,3,10,"ANCHOVETA",127365,35.82,1
"252",2021,3,1,"ANCHOVETA",120171,138.975,1
"253",2021,3,2,"ANCHOVETA",131098,2024.303,1
"254",2021,3,3,"ANCHOVETA",131235,437.497,1
"255",2021,3,4,"ANCHOVETA",130623,8593.295,1
"256",2021,3,5,"ANCHOVETA",125453,6091.998,1
"257",2021,3,6,"ANCHOVETA",136158,577.125,1
"258",2021,3,7,"ANCHOVETA",134667,1162.85,1
"259",2021,3,8,"ANCHOVETA",135692,683.625,1
"260",2021,3,11,"ANCHOVETA",145971,1170.955,1
"261",2021,3,12,"ANCHOVETA",157389,163.836,1
"262",2022,3,3,"ANCHOVETA",153239,4592.656,1
"263",2022,3,4,"ANCHOVETA",156031,13788.176,1
"264",2022,3,5,"ANCHOVETA",171487,11811.016,1
"265",2022,3,6,"ANCHOVETA",161782,4193.205,1
"266",2022,3,7,"ANCHOVETA",178871,246.02,1
"267",2022,3,8,"ANCHOVETA",181840,422.19,1
"268",2022,3,11,"ANCHOVETA",178983,2778.568,1
"269",2022,3,12,"ANCHOVETA",173849,1989.004,1
"270",2023,3,2,"ANCHOVETA",165534,76.835,1
"271",2023,3,3,"ANCHOVETA",172792,652.805,1
"272",2012,3,11,"JUREL",180000,15,1
"273",2013,3,1,"JUREL",117438,270.946,1
"274",2013,3,2,"JUREL",117180,263.018,1
"275",2013,3,4,"JUREL",117180,1253.079,1
"276",2013,3,5,"JUREL",117180,2.155,1
"277",2013,3,6,"JUREL",119748,373.105,1
"278",2015,3,7,"JUREL",138180,983.258,1
"279",2015,3,8,"JUREL",144185,592.417,1
"280",2015,3,9,"JUREL",148031,386.042,1
"281",2015,3,12,"JUREL",149615,0.69,1
"282",2016,3,3,"JUREL",149173,480,1
"283",2016,3,4,"JUREL",150075,1540,1
"284",2016,3,5,"JUREL",150075,1458,1
"285",2016,3,6,"JUREL",150849,1587,1
"286",2016,3,7,"JUREL",156070,667,1
"287",2016,3,8,"JUREL",156070,384,1
"288",2016,3,9,"JUREL",153146,622,1
"289",2016,3,10,"JUREL",149032,578,1
"290",2016,3,11,"JUREL",133849,12,1
"291",2017,3,2,"JUREL",130220,105,1
"292",2017,3,3,"JUREL",125602,731,1
"293",2017,3,4,"JUREL",128788,5039,1
"294",2017,3,6,"JUREL",122029,2106,1
"295",2018,3,3,"JUREL",153434,9.706,1
"296",2018,3,4,"JUREL",136516,100.894,1
"297",2018,3,5,"JUREL",128848,1038.753,1
"298",2018,3,6,"JUREL",126772,2622.674,1
"299",2018,3,8,"JUREL",132868,36.024,1
"300",2018,3,11,"JUREL",144930,316.757,1
"301",2018,3,12,"JUREL",137501,2094.582,1
"302",2019,3,2,"JUREL",130885,0.5,1
"303",2019,3,3,"JUREL",127579,2098.44,1
"304",2019,3,4,"JUREL",134583,1086.09,1
"305",2019,3,5,"JUREL",142013,0.2,1
"306",2019,3,6,"JUREL",149996,9.14,1
"307",2019,3,7,"JUREL",141411,12.45,1
"308",2019,3,12,"JUREL",140696,1938.09,1
"309",2020,3,1,"JUREL",142297,381.21,1
"310",2020,3,2,"JUREL",165976,1257.975,1
"311",2020,3,3,"JUREL",180393,3384.831,1
"312",2020,3,4,"JUREL",179881,8.365,1
"313",2021,3,2,"JUREL",154934,15.105,1
"314",2021,3,3,"JUREL",155096,6763.188,1
"315",2021,3,4,"JUREL",154373,220.245,1
"316",2021,3,5,"JUREL",148263,1.079,1
"317",2021,3,7,"JUREL",159151,28.693,1
"318",2021,3,9,"JUREL",166797,1724.564,1
"319",2021,3,10,"JUREL",172370,5418.647,1
"320",2021,3,11,"JUREL",172512,6280.282,1
"321",2021,3,12,"JUREL",186005,7769.694,1
"322",2022,3,1,"JUREL",187905,522.061,1
"323",2022,3,2,"JUREL",181845,4727.585,1
"324",2022,3,3,"JUREL",181101,2.062,1
"325",2022,3,4,"JUREL",184400,7.319,1
"326",2022,3,5,"JUREL",202667,7.894,1
"327",2022,3,7,"JUREL",211287,1049.959,1
"328",2022,3,8,"JUREL",214901,1753.478,1
"329",2022,3,11,"JUREL",211525,2841.17,1
"330",2022,3,12,"JUREL",205458,12951.307,1
"331",2023,3,2,"JUREL",195631,2233.012,1
"332",2023,3,3,"JUREL",204209,4238.028,1
"333",2023,3,4,"JUREL",195475,159.132,1
"334",2023,3,5,"JUREL",208679,1512.302,1
"335",2023,3,6,"JUREL",219476,444.33,1
"336",2023,3,7,"JUREL",219132,1547.183,1
"337",2023,3,10,"JUREL",265251,5104.976,1
"338",2023,3,11,"JUREL",272174,6049.073,1
"339",2023,3,12,"JUREL",249618,5482.748,1
"340",2024,3,10,"JUREL",265251,118.645,1
"341",2024,3,11,"JUREL",272174,6816.85,1
"342",2024,3,12,"JUREL",249618,9487.829,1
"343",2018,3,4,"SARDINA ESPAÑOLA",115514,47.653,1
"344",2018,3,5,"SARDINA ESPAÑOLA",109026,104.757,1
"345",2018,3,6,"SARDINA ESPAÑOLA",107268,65.92,1
"346",2018,3,7,"SARDINA ESPAÑOLA",114039,21.031,1
"347",2018,3,8,"SARDINA ESPAÑOLA",112427,18.495,1
"348",2018,3,9,"SARDINA ESPAÑOLA",118867,21.47,1
"349",2019,3,3,"SARDINA ESPAÑOLA",107952,57.52,1
"350",2019,3,4,"SARDINA ESPAÑOLA",113878,41.58,1
"351",2019,3,5,"SARDINA ESPAÑOLA",120164,67.77,1
"352",2019,3,6,"SARDINA ESPAÑOLA",126919,33.85,1
"353",2019,3,7,"SARDINA ESPAÑOLA",119655,136.38,1
"354",2019,3,8,"SARDINA ESPAÑOLA",120425,210.92,1
"355",2020,3,1,"SARDINA ESPAÑOLA",120405,55.28,1
"356",2020,3,3,"SARDINA ESPAÑOLA",152641,19.051,1
"357",2020,3,7,"SARDINA ESPAÑOLA",147496,226.195,1
"358",2020,3,8,"SARDINA ESPAÑOLA",119505,32.315,1
"359",2020,3,10,"SARDINA ESPAÑOLA",127365,14.98,1
"360",2021,3,2,"SARDINA ESPAÑOLA",131098,10.623,1
"361",2021,3,3,"SARDINA ESPAÑOLA",131235,1.105,1
"362",2021,3,5,"SARDINA ESPAÑOLA",125453,74.955,1
"363",2021,3,6,"SARDINA ESPAÑOLA",136158,18.6,1
"364",2021,3,7,"SARDINA ESPAÑOLA",134667,3.102,1
"365",2021,3,10,"SARDINA ESPAÑOLA",145852,3.022,1
"366",2021,3,11,"SARDINA ESPAÑOLA",145971,43.325,1
"367",2021,3,12,"SARDINA ESPAÑOLA",157389,66.959,1
"368",2022,3,3,"SARDINA ESPAÑOLA",153239,20.112,1
"369",2022,3,4,"SARDINA ESPAÑOLA",156031,12.232,1
"370",2022,3,5,"SARDINA ESPAÑOLA",171487,4.755,1
"371",2022,3,7,"SARDINA ESPAÑOLA",178871,46.638,1
"372",2022,3,8,"SARDINA ESPAÑOLA",181840,30.18,1
"373",2022,3,12,"SARDINA ESPAÑOLA",173849,72.289,1
"374",2023,3,6,"SARDINA ESPAÑOLA",185710,145.52,1
"375",2023,3,7,"SARDINA ESPAÑOLA",185419,376.218,1
"376",2023,3,10,"SARDINA ESPAÑOLA",224443,62.093,1
"377",2023,3,11,"SARDINA ESPAÑOLA",230301,505.336,1
"378",2023,3,12,"SARDINA ESPAÑOLA",211215,186.436,1
"379",2024,3,7,"SARDINA ESPAÑOLA",185419,158.68,1
"380",2024,3,11,"SARDINA ESPAÑOLA",230301,3.6,1
"381",2024,3,12,"SARDINA ESPAÑOLA",211215,73.825,1
"382",2012,4,1,"ANCHOVETA",73000,933,1
"383",2012,4,2,"ANCHOVETA",69000,1180,1
"384",2012,4,3,"ANCHOVETA",70000,4146,1
"385",2012,4,4,"ANCHOVETA",65000,6785,1
"386",2012,4,5,"ANCHOVETA",68000,3007,1
"387",2012,4,6,"ANCHOVETA",72000,3672,1
"388",2012,4,7,"ANCHOVETA",62000,401,1
"389",2012,4,8,"ANCHOVETA",65000,403,1
"390",2012,4,9,"ANCHOVETA",62000,477,1
"391",2012,4,10,"ANCHOVETA",64000,1339,1
"392",2012,4,11,"ANCHOVETA",73000,69,1
"393",2012,4,12,"ANCHOVETA",61000,388,1
"394",2013,4,1,"ANCHOVETA",89052,9.49,1
"395",2013,4,2,"ANCHOVETA",98294,79.703,1
"396",2013,4,3,"ANCHOVETA",85729,961.133,1
"397",2013,4,4,"ANCHOVETA",83260,1943.174,1
"398",2013,4,5,"ANCHOVETA",94370,4725.253,1
"399",2013,4,6,"ANCHOVETA",89800,3195.349,1
"400",2013,4,7,"ANCHOVETA",90820,542.189,1
"401",2013,4,8,"ANCHOVETA",85990,380.531,1
"402",2013,4,11,"ANCHOVETA",75930,9.534,1
"403",2013,4,12,"ANCHOVETA",71358,90.603,1
"404",2014,4,1,"ANCHOVETA",74840,871.279,1
"405",2014,4,2,"ANCHOVETA",74800,426.673,1
"406",2014,4,3,"ANCHOVETA",85940,2543.476,1
"407",2014,4,4,"ANCHOVETA",89150,4200.507,1
"408",2014,4,5,"ANCHOVETA",88050,5372.327,1
"409",2014,4,6,"ANCHOVETA",89730,3239.226,1
"410",2014,4,7,"ANCHOVETA",93010,1832.066,1
"411",2014,4,8,"ANCHOVETA",96780,285.738,1
"412",2014,4,9,"ANCHOVETA",109590,106.607,1
"413",2014,4,10,"ANCHOVETA",97260,1385.086,1
"414",2015,4,1,"ANCHOVETA",132883,464.406,1
"415",2015,4,2,"ANCHOVETA",108130,1171.422,1
"416",2015,4,3,"ANCHOVETA",104740,389.011,1
"417",2015,4,4,"ANCHOVETA",139260,2888.088,1
"418",2015,4,5,"ANCHOVETA",125900,1893.596,1
"419",2015,4,6,"ANCHOVETA",122190,2684.824,1
"420",2015,4,7,"ANCHOVETA",110532,216.285,1
"421",2015,4,8,"ANCHOVETA",111940,34.344,1
"422",2016,4,7,"ANCHOVETA",112870,824,1
"423",2016,4,9,"ANCHOVETA",117950,28,1
"424",2017,4,7,"ANCHOVETA",89000,928,1
"425",2017,4,8,"ANCHOVETA",88000,254,1
"426",2017,4,10,"ANCHOVETA",91000,3,1
"427",2017,4,11,"ANCHOVETA",88000,9,1
"428",2017,4,12,"ANCHOVETA",90000,12,1
"429",2018,4,4,"ANCHOVETA",78830,3807.574,1
"430",2018,4,5,"ANCHOVETA",86350,3272.049,1
"431",2018,4,6,"ANCHOVETA",86200,4254.333,1
"432",2018,4,7,"ANCHOVETA",92310,407.998,1
"433",2019,4,2,"ANCHOVETA",94410,2889.16,1
"434",2019,4,3,"ANCHOVETA",93550,6917.12,1
"435",2019,4,4,"ANCHOVETA",92420,4808.3,1
"436",2019,4,5,"ANCHOVETA",93160,2822.6,1
"437",2019,4,6,"ANCHOVETA",102830,4517.3,1
"438",2019,4,7,"ANCHOVETA",98300,1225.44,1
"439",2020,4,3,"ANCHOVETA",108990,5235.024,1
"440",2020,4,4,"ANCHOVETA",129670,5889.05,1
"441",2020,4,5,"ANCHOVETA",130870,5941.995,1
"442",2020,4,6,"ANCHOVETA",125630,2218.166,1
"443",2020,4,7,"ANCHOVETA",124011,5685.61,1
"444",2020,4,8,"ANCHOVETA",113739,1018.838,1
"445",2021,4,2,"ANCHOVETA",108680,1136.157,1
"446",2021,4,3,"ANCHOVETA",106900,2810.893,1
"447",2021,4,4,"ANCHOVETA",106790,8735.345,1
"448",2021,4,5,"ANCHOVETA",102880,6651.04,1
"449",2021,4,6,"ANCHOVETA",106200,3393.633,1
"450",2021,4,7,"ANCHOVETA",110480,4213.887,1
"451",2021,4,8,"ANCHOVETA",167000,292.91,1
"452",2022,4,3,"ANCHOVETA",126460,2267.257,1
"453",2022,4,4,"ANCHOVETA",124870,6063.252,1
"454",2022,4,5,"ANCHOVETA",134820,6205.286,1
"455",2022,4,6,"ANCHOVETA",147360,6733.984,1
"456",2022,4,7,"ANCHOVETA",165556,5733.316,1
"457",2022,4,11,"ANCHOVETA",162859,190.259,1
"458",2022,4,12,"ANCHOVETA",165556,103.855,1
"459",2023,4,1,"ANCHOVETA",148850,29.142,1
"460",2023,4,2,"ANCHOVETA",132110,125.082,1
"461",2023,4,3,"ANCHOVETA",145520,2802.009,1
"462",2023,4,4,"ANCHOVETA",138390,3599.764,1
"463",2023,4,5,"ANCHOVETA",145860,3625.801,1
"464",2023,4,6,"ANCHOVETA",145390,2243.7,1
"465",2013,4,11,"JUREL",202588.490872535,137.771,2
"466",2013,4,12,"JUREL",116829.580398055,513.949,2
"467",2014,4,1,"JUREL",112649.078729567,2122.049,2
"468",2014,4,2,"JUREL",153942.673578334,122.884,2
"469",2014,4,3,"JUREL",284640,3.36,1
"470",2014,4,4,"JUREL",110200,10.232,1
"471",2014,4,5,"JUREL",112350,6.337,1
"472",2014,4,6,"JUREL",114520,35.556,1
"473",2014,4,7,"JUREL",140190,140.648,1
"474",2014,4,8,"JUREL",145350,403.251,1
"475",2015,4,1,"JUREL",181427,2143.907,1
"476",2015,4,2,"JUREL",159987,2541.501,1
"477",2015,4,3,"JUREL",149555,742.729,1
"478",2015,4,4,"JUREL",194041,694.312,1
"479",2015,4,5,"JUREL",180269,417.033,1
"480",2015,4,6,"JUREL",174685,54.508,1
"481",2015,4,7,"JUREL",140225,218.25,1
"482",2015,4,8,"JUREL",144220,1027.956,1
"483",2015,4,9,"JUREL",162380,496.873,1
"484",2015,4,10,"JUREL",151754,12.314,1
"485",2015,4,12,"JUREL",152960,186.765,1
"486",2016,4,7,"JUREL",166410,1287,1
"487",2016,4,8,"JUREL",186840,31,1
"488",2016,4,9,"JUREL",179390,140,1
"489",2016,4,10,"JUREL",170100,12,1
"490",2016,4,11,"JUREL",155460,186,1
"491",2017,4,7,"JUREL",156000,1718,1
"492",2017,4,8,"JUREL",154000,1348,1
"493",2017,4,9,"JUREL",151958.791208791,364,2
"494",2017,4,10,"JUREL",149000,22,1
"495",2017,4,11,"JUREL",172000,136,1
"496",2018,4,1,"JUREL",166900,1341.32318,1
"497",2018,4,2,"JUREL",166900,2336.636156,1
"498",2018,4,3,"JUREL",161170,332.58555,1
"499",2018,4,4,"JUREL",111190,404.123,1
"500",2018,4,5,"JUREL",121530,15.325,1
"501",2018,4,7,"JUREL",196000,4.377,1
"502",2018,4,8,"JUREL",198000,2.34,1
"503",2018,4,10,"JUREL",210000,29.018,1
"504",2018,4,11,"JUREL",5e+05,2,1
"505",2019,4,1,"JUREL",144130,474.44,1
"506",2019,4,2,"JUREL",136280,2370.97,1
"507",2019,4,3,"JUREL",135030,0.2,1
"508",2019,4,4,"JUREL",135900,284.81,1
"509",2019,4,5,"JUREL",132990,54.54,1
"510",2019,4,12,"JUREL",144976.535386583,1219.53,2
"511",2020,4,1,"JUREL",147652,2800.002,1
"512",2020,4,2,"JUREL",147652,2128.57,1
"513",2020,4,3,"JUREL",147652,782.612,1
"514",2020,4,4,"JUREL",168729,1119.435,1
"515",2020,4,5,"JUREL",173148,95.882,1
"516",2020,4,8,"JUREL",169950.449331005,545.669,2
"517",2020,4,9,"JUREL",219469,27.324,1
"518",2020,4,12,"JUREL",150186,790.094,1
"519",2021,4,1,"JUREL",138668.410667489,3892.2,2
"520",2021,4,2,"JUREL",157243.000453439,3954.229,3
"521",2021,4,3,"JUREL",175740.462796876,2572.835,2
"522",2021,4,4,"JUREL",202965.44040712,91.177,2
"523",2021,4,5,"JUREL",163851.320764181,318.982,2
"524",2021,4,6,"JUREL",164158.039106663,215.82,2
"525",2021,4,7,"JUREL",159470,91.424,1
"526",2021,4,11,"JUREL",175167,158.373,1
"527",2021,4,12,"JUREL",178560,509.829,1
"528",2022,4,1,"JUREL",186484.433672138,2962.473,2
"529",2022,4,2,"JUREL",183760,3248.287,1
"530",2022,4,3,"JUREL",182420,2029.084,1
"531",2022,4,4,"JUREL",219640,48.999,1
"532",2022,4,5,"JUREL",254160,148.297,1
"533",2022,4,6,"JUREL",231590,137.501,1
"534",2022,4,7,"JUREL",244084,1433.612,1
"535",2022,4,11,"JUREL",235661,1324.143,1
"536",2022,4,12,"JUREL",227141,5296.366,1
"537",2023,4,1,"JUREL",300540,99.109,1
"538",2023,4,2,"JUREL",318284,26.026,1
"539",2023,4,3,"JUREL",195609,6.931,1
"540",2023,4,10,"JUREL",252000,6.346,1
"541",2023,4,11,"JUREL",262000,73.155,1
"542",2023,4,12,"JUREL",317000,85.86,1
"543",2024,4,1,"JUREL",265399,82.3,1
"544",2024,4,3,"JUREL",240889,1.35,1
"545",2024,4,4,"JUREL",284382,6.8,1
"546",2024,4,10,"JUREL",320000,7,1
"547",2024,4,12,"JUREL",4e+05,69.77,1
"548",2019,4,5,"SARDINA ESPAÑOLA",93160,87.92,1
"549",2019,4,6,"SARDINA ESPAÑOLA",102830,193.09,1
"550",2012,5,4,"ANCHOVETA",50000,734,1
"551",2012,5,5,"ANCHOVETA",50000,569,1
"552",2012,5,6,"ANCHOVETA",50000,197,1
"553",2012,5,10,"ANCHOVETA",60000,338,1
"554",2012,5,11,"ANCHOVETA",60000,461,1
"555",2013,5,3,"ANCHOVETA",79792,2435.756,1
"556",2013,5,4,"ANCHOVETA",79785,1713.873,1
"557",2013,5,5,"ANCHOVETA",79795,310.107,1
"558",2014,5,3,"ANCHOVETA",85559,1231.815,1
"559",2014,5,4,"ANCHOVETA",85559,1165.021,1
"560",2014,5,5,"ANCHOVETA",85559,932.669,1
"561",2014,5,6,"ANCHOVETA",85559,30.109,1
"562",2014,5,11,"ANCHOVETA",75000,11.295,1
"563",2015,5,7,"ANCHOVETA",1e+05,163.573,1
"564",2015,5,11,"ANCHOVETA",1e+05,63.347,1
"565",2015,5,12,"ANCHOVETA",1e+05,426.98,1
"566",2016,5,3,"ANCHOVETA",1e+05,8,1
"567",2016,5,4,"ANCHOVETA",1e+05,82,1
"568",2016,5,5,"ANCHOVETA",1e+05,939,1
"569",2016,5,6,"ANCHOVETA",1e+05,291,1
"570",2016,5,7,"ANCHOVETA",1e+05,319,1
"571",2017,5,3,"ANCHOVETA",94180,69,1
"572",2017,5,4,"ANCHOVETA",90000,522,1
"573",2017,5,5,"ANCHOVETA",90000,2352,1
"574",2017,5,6,"ANCHOVETA",90000,652,1
"575",2018,5,3,"ANCHOVETA",90000,837.255,1
"576",2018,5,4,"ANCHOVETA",90000,379.513,1
"577",2018,5,7,"ANCHOVETA",90000,13.099,1
"578",2018,5,11,"ANCHOVETA",90000,51.049,1
"579",2018,5,12,"ANCHOVETA",90000,13.301,1
"580",2019,5,4,"ANCHOVETA",1e+05,1809.88,1
"581",2019,5,5,"ANCHOVETA",1e+05,1150.39,1
"582",2019,5,6,"ANCHOVETA",1e+05,101.86,1
"583",2019,5,7,"ANCHOVETA",1e+05,4.74,1
"584",2020,5,4,"ANCHOVETA",1e+05,276.763,1
"585",2012,5,3,"JUREL",59000,226,1
"586",2016,5,3,"JUREL",114000,4,1
"587",2016,5,5,"JUREL",7e+05,1,1
"588",2017,5,5,"JUREL",120000,79,1
"589",2020,5,2,"JUREL",120000,135.234,1
"590",2020,5,3,"JUREL",120000,114.849,1
"591",2020,5,4,"JUREL",120000,210.989,1
"592",2022,5,1,"JUREL",350000,35.572,1
"593",2012,5,4,"SARDINA COMUN",50000,2949,1
"594",2012,5,5,"SARDINA COMUN",50000,2212,1
"595",2012,5,6,"SARDINA COMUN",50000,900,1
"596",2012,5,7,"SARDINA COMUN",50000,583,1
"597",2012,5,8,"SARDINA COMUN",50000,5,1
"598",2012,5,10,"SARDINA COMUN",60000,1292,1
"599",2012,5,11,"SARDINA COMUN",60000,1322,1
"600",2013,5,3,"SARDINA COMUN",79792,2494.115,1
"601",2013,5,4,"SARDINA COMUN",79785,2084.822,1
"602",2013,5,5,"SARDINA COMUN",79795,538.833,1
"603",2013,5,6,"SARDINA COMUN",91053,2.005,1
"604",2014,5,3,"SARDINA COMUN",85559,3216.545,1
"605",2014,5,4,"SARDINA COMUN",85559,3112.487,1
"606",2014,5,5,"SARDINA COMUN",85559,2328.714,1
"607",2014,5,6,"SARDINA COMUN",85559,38.956,1
"608",2014,5,11,"SARDINA COMUN",75000,158.145,1
"609",2014,5,12,"SARDINA COMUN",75000,113.241,1
"610",2015,5,7,"SARDINA COMUN",1e+05,388.498,1
"611",2015,5,11,"SARDINA COMUN",1e+05,995.079,1
"612",2015,5,12,"SARDINA COMUN",1e+05,686.467,1
"613",2016,5,4,"SARDINA COMUN",1e+05,788,1
"614",2016,5,5,"SARDINA COMUN",1e+05,3077,1
"615",2016,5,6,"SARDINA COMUN",1e+05,466,1
"616",2016,5,7,"SARDINA COMUN",1e+05,541,1
"617",2017,5,3,"SARDINA COMUN",91527,440,1
"618",2017,5,4,"SARDINA COMUN",90000,1005,1
"619",2017,5,5,"SARDINA COMUN",90600,1017,1
"620",2017,5,6,"SARDINA COMUN",90000,549,1
"621",2018,5,3,"SARDINA COMUN",90000,1778.676,1
"622",2018,5,4,"SARDINA COMUN",90000,1871.937,1
"623",2018,5,7,"SARDINA COMUN",90000,14.236,1
"624",2018,5,11,"SARDINA COMUN",90000,903.216,1
"625",2018,5,12,"SARDINA COMUN",90000,135.376,1
"626",2019,5,4,"SARDINA COMUN",1e+05,235.59,1
"627",2019,5,5,"SARDINA COMUN",1e+05,621.68,1
"628",2019,5,6,"SARDINA COMUN",1e+05,295.06,1
"629",2019,5,7,"SARDINA COMUN",10000,0.73,1
"630",2019,5,11,"SARDINA COMUN",10000,3.33,1
"631",2019,5,12,"SARDINA COMUN",10000,125.94,1
"632",2020,5,4,"SARDINA COMUN",1e+05,373.377,1
"633",2012,5,8,"SARDINA ESPAÑOLA",59000,10,1
"634",2012,8,2,"ANCHOVETA",62000,10,1
"635",2012,8,3,"ANCHOVETA",65680.4949053857,2748,5
"636",2012,8,4,"ANCHOVETA",71625.9011328527,11652,5
"637",2012,8,5,"ANCHOVETA",73935.1691240243,4612,4
"638",2012,8,6,"ANCHOVETA",79257.5150300601,998,4
"639",2012,8,7,"ANCHOVETA",76176.4705882353,663,3
"640",2012,8,8,"ANCHOVETA",85886.524822695,141,3
"641",2012,8,9,"ANCHOVETA",84000,35,1
"642",2012,8,10,"ANCHOVETA",86921.8612818262,3417,5
"643",2012,8,11,"ANCHOVETA",86910.848305663,4397,4
"644",2012,8,12,"ANCHOVETA",95284.3295638126,2476,4
"645",2013,8,2,"ANCHOVETA",221303,3.641,1
"646",2013,8,3,"ANCHOVETA",91914.8502142493,8316.245,6
"647",2013,8,4,"ANCHOVETA",87400.4526601018,2798.126,3
"648",2013,8,5,"ANCHOVETA",93525.9681177288,1656.281,3
"649",2013,8,6,"ANCHOVETA",93043.807769648,1420.296,3
"650",2013,8,7,"ANCHOVETA",96677.1743897175,227.026,2
"651",2013,8,10,"ANCHOVETA",96830.4867808418,344.5,2
"652",2013,8,11,"ANCHOVETA",92241.1722427589,854.84,2
"653",2013,8,12,"ANCHOVETA",124334.551097446,1029.709,2
"654",2014,8,3,"ANCHOVETA",97765.4230333438,2680.349,4
"655",2014,8,4,"ANCHOVETA",100668.099164788,8806.392,4
"656",2014,8,5,"ANCHOVETA",103679.727296393,2977.093,2
"657",2014,8,6,"ANCHOVETA",101660,311.827,1
"658",2014,8,7,"ANCHOVETA",96266,2124.617,1
"659",2014,8,10,"ANCHOVETA",107642,451.657,1
"660",2014,8,11,"ANCHOVETA",119994,177.897,1
"661",2014,8,12,"ANCHOVETA",114530,47.281,1
"662",2016,8,3,"ANCHOVETA",129284.498954704,2870,2
"663",2016,8,4,"ANCHOVETA",127993.377289377,546,2
"664",2016,8,5,"ANCHOVETA",130000,27,1
"665",2017,8,3,"ANCHOVETA",1e+05,2395,2
"666",2017,8,4,"ANCHOVETA",130349,689,2
"667",2017,8,5,"ANCHOVETA",111783.856015779,507,2
"668",2017,8,6,"ANCHOVETA",130108,68,1
"669",2017,8,10,"ANCHOVETA",95000,318,1
"670",2017,8,11,"ANCHOVETA",96041,1746,1
"671",2017,8,12,"ANCHOVETA",97031,1405,1
"672",2018,8,2,"ANCHOVETA",215570,121.664,1
"673",2018,8,3,"ANCHOVETA",131071,2179.82,2
"674",2018,8,4,"ANCHOVETA",146955,2001.551,2
"675",2018,8,5,"ANCHOVETA",146284,690.259,1
"676",2018,8,6,"ANCHOVETA",155509,1422.888,1
"677",2018,8,10,"ANCHOVETA",139712,29.837,1
"678",2018,8,11,"ANCHOVETA",155022,734.372,1
"679",2018,8,12,"ANCHOVETA",179945,124.501,1
"680",2019,8,3,"ANCHOVETA",145888,3388.43,1
"681",2019,8,4,"ANCHOVETA",156103,4470.09,1
"682",2019,8,5,"ANCHOVETA",176030,1529.42,1
"683",2019,8,6,"ANCHOVETA",162996,576.91,1
"684",2019,8,7,"ANCHOVETA",84863,58.39,1
"685",2019,8,11,"ANCHOVETA",157711,3420.24,1
"686",2019,8,12,"ANCHOVETA",157064.796989076,1103.98,2
"687",2020,8,3,"ANCHOVETA",135960,549.851,2
"688",2020,8,4,"ANCHOVETA",162317,5394.834,2
"689",2020,8,5,"ANCHOVETA",180163,2146.339,2
"690",2020,8,6,"ANCHOVETA",172458,928.686,1
"691",2020,8,7,"ANCHOVETA",174124,852.523,1
"692",2020,8,11,"ANCHOVETA",191823,3814.971,1
"693",2020,8,12,"ANCHOVETA",263052,243.29,1
"694",2021,8,3,"ANCHOVETA",150719.231560719,11630.185,2
"695",2021,8,4,"ANCHOVETA",170640.079964694,3680.962,2
"696",2021,8,5,"ANCHOVETA",168692.224172117,4515.343,2
"697",2021,8,6,"ANCHOVETA",189262,935.946,1
"698",2021,8,7,"ANCHOVETA",144209,1013.878,1
"699",2021,8,11,"ANCHOVETA",161025,896.387,1
"700",2021,8,12,"ANCHOVETA",162192,81.723,1
"701",2022,8,3,"ANCHOVETA",163765.550819715,26705.876,2
"702",2022,8,4,"ANCHOVETA",175099.582980867,21036.289,2
"703",2022,8,5,"ANCHOVETA",183995.35989101,5880.886,2
"704",2022,8,6,"ANCHOVETA",192361.15629618,2752.844,2
"705",2022,8,7,"ANCHOVETA",228717,142.201,1
"706",2022,8,10,"ANCHOVETA",203429,76.189,1
"707",2022,8,11,"ANCHOVETA",179410.796049023,5512.864,2
"708",2022,8,12,"ANCHOVETA",140000,22.916,1
"709",2023,8,3,"ANCHOVETA",175983.320103959,11024.709,2
"710",2023,8,4,"ANCHOVETA",179682.661542684,15708.093,2
"711",2023,8,5,"ANCHOVETA",195882.426682197,11535.602,2
"712",2023,8,6,"ANCHOVETA",206333.693877391,9708.476,2
"713",2023,8,7,"ANCHOVETA",231000,1811.776,1
"714",2023,8,10,"ANCHOVETA",271000,423.358,1
"715",2023,8,11,"ANCHOVETA",219581.406165975,6802.298,2
"716",2023,8,12,"ANCHOVETA",195176.603893084,707.357,2
"717",2024,8,3,"ANCHOVETA",190000,2137.582,1
"718",2024,8,4,"ANCHOVETA",190000,1276.102,1
"719",2024,8,5,"ANCHOVETA",190000,3197.828,1
"720",2024,8,6,"ANCHOVETA",190000,47.861,1
"721",2012,8,1,"JUREL",186097.632108881,14401,4
"722",2012,8,2,"JUREL",208000,201,1
"723",2012,8,9,"JUREL",227000,1021,1
"724",2012,8,12,"JUREL",150000,1452,1
"725",2013,8,1,"JUREL",181769.496950142,8492.2,3
"726",2013,8,2,"JUREL",161076.969783567,9427.089,2
"727",2013,8,12,"JUREL",206600.368066627,1580.021,2
"728",2014,8,1,"JUREL",189993.094426792,9968.675,2
"729",2014,8,2,"JUREL",220000,3861.926,1
"730",2014,8,3,"JUREL",220000,1565.656,1
"731",2014,8,4,"JUREL",220000,5133.715,1
"732",2014,8,5,"JUREL",220000,1689.434,1
"733",2014,8,6,"JUREL",220000,297.951,1
"734",2014,8,8,"JUREL",220000,890.346,1
"735",2014,8,10,"JUREL",220000,871.877,1
"736",2014,8,12,"JUREL",220000,2621.12,1
"737",2015,8,2,"JUREL",2e+05,24.96,1
"738",2015,8,3,"JUREL",2e+05,205.852,1
"739",2015,8,5,"JUREL",2e+05,7715.591,1
"740",2015,8,12,"JUREL",176345,1845.197,1
"741",2016,8,1,"JUREL",391266.511572592,10931,2
"742",2016,8,2,"JUREL",405280.865290069,5085,2
"743",2016,8,3,"JUREL",2e+05,734,1
"744",2016,8,4,"JUREL",2e+05,3841,1
"745",2016,8,5,"JUREL",2e+05,2897,1
"746",2016,8,6,"JUREL",2e+05,3606,1
"747",2016,8,7,"JUREL",2e+05,511,1
"748",2016,8,12,"JUREL",2e+05,126,1
"749",2017,8,1,"JUREL",231200.868798688,4878,3
"750",2017,8,3,"JUREL",240000,2095,1
"751",2017,8,4,"JUREL",240000,2895,1
"752",2017,8,5,"JUREL",240000,3620,1
"753",2017,8,6,"JUREL",240000,3107,1
"754",2017,8,7,"JUREL",240000,2409,1
"755",2017,8,8,"JUREL",240000,1025,1
"756",2018,8,1,"JUREL",222489.860667748,25656.735175,4
"757",2018,8,2,"JUREL",228507.752477057,16437.074896,3
"758",2018,8,3,"JUREL",230000,3221.504,1
"759",2018,8,4,"JUREL",230000,4204.216,1
"760",2018,8,5,"JUREL",230000,4946.322,1
"761",2018,8,6,"JUREL",230000,2998.624,1
"762",2018,8,7,"JUREL",209571.969040017,8917.09282,2
"763",2018,8,8,"JUREL",210171.485472569,4468.935756,2
"764",2018,8,9,"JUREL",2e+05,80.23,1
"765",2018,8,12,"JUREL",211338.176073191,9468.13058,2
"766",2019,8,1,"JUREL",237792.828208741,11370.66,2
"767",2019,8,2,"JUREL",230000,5272.96,1
"768",2019,8,3,"JUREL",230000,5683.85,1
"769",2019,8,4,"JUREL",230000,5982.61,1
"770",2019,8,5,"JUREL",230000,3740.87,1
"771",2019,8,6,"JUREL",230000,3986.58,1
"772",2019,8,7,"JUREL",230000,997.57,1
"773",2019,8,12,"JUREL",230000,1800.34,1
"774",2020,8,1,"JUREL",240811.094034649,25999.14,3
"775",2020,8,2,"JUREL",220251.331949847,10768.928,2
"776",2020,8,3,"JUREL",189011.626997541,6540.729,2
"777",2020,8,4,"JUREL",189168.773132133,12422.006,3
"778",2020,8,5,"JUREL",180163,2794.661,1
"779",2020,8,6,"JUREL",213656.207279012,8228.04,2
"780",2020,8,7,"JUREL",210000,1684.06,1
"781",2021,8,1,"JUREL",240000,15788.829,2
"782",2021,8,2,"JUREL",240000,5414.895,1
"783",2021,8,3,"JUREL",240000,6944.81,1
"784",2021,8,4,"JUREL",240000,8102.28,1
"785",2021,8,5,"JUREL",240000,7515.71,1
"786",2021,8,6,"JUREL",240000,8210.85,1
"787",2022,8,11,"JUREL",245000,460.799,1
"788",2022,8,12,"JUREL",245000,1804.84,1
"789",2023,8,1,"JUREL",290000,12740.93,1
"790",2023,8,2,"JUREL",290000,21805.724,1
"791",2023,8,3,"JUREL",290000,1290.983,1
"792",2023,8,4,"JUREL",290000,5806.167,1
"793",2023,8,5,"JUREL",290000,15996.909,1
"794",2023,8,6,"JUREL",290000,4613.623,1
"795",2023,8,11,"JUREL",290000,3132.814,1
"796",2024,8,1,"JUREL",3e+05,20710.696,1
"797",2024,8,3,"JUREL",3e+05,9308.235,1
"798",2024,8,4,"JUREL",3e+05,19174.806,1
"799",2024,8,5,"JUREL",3e+05,9106.494,1
"800",2012,8,2,"SARDINA COMUN",68471.8242597899,10470,2
"801",2012,8,3,"SARDINA COMUN",66178.7141102769,128658,8
"802",2012,8,4,"SARDINA COMUN",70735.2914918311,100809,8
"803",2012,8,5,"SARDINA COMUN",76262.1717034566,25777,6
"804",2012,8,6,"SARDINA COMUN",83549.0306441526,15990,5
"805",2012,8,7,"SARDINA COMUN",77932.4024640657,24350,4
"806",2012,8,8,"SARDINA COMUN",83320.577451879,8728,4
"807",2012,8,9,"SARDINA COMUN",84000,1092,1
"808",2012,8,10,"SARDINA COMUN",85812.3712189895,24266,7
"809",2012,8,11,"SARDINA COMUN",87127.5824853531,51888,6
"810",2012,8,12,"SARDINA COMUN",89941.9143267063,24395,6
"811",2013,8,2,"SARDINA COMUN",149998,448.732,1
"812",2013,8,3,"SARDINA COMUN",115389.139166518,35775.2,8
"813",2013,8,4,"SARDINA COMUN",153671.207597049,10737.749,5
"814",2013,8,5,"SARDINA COMUN",134700.924074785,12011.912,5
"815",2013,8,6,"SARDINA COMUN",177714.953780725,6083.133,5
"816",2013,8,7,"SARDINA COMUN",159244.25570075,13946.541,3
"817",2013,8,10,"SARDINA COMUN",129977.700730399,5303.813,3
"818",2013,8,11,"SARDINA COMUN",209274.819484044,17026.157,3
"819",2013,8,12,"SARDINA COMUN",312459.495662063,11369.805,3
"820",2014,8,3,"SARDINA COMUN",89951.4500744901,79555.542,6
"821",2014,8,4,"SARDINA COMUN",92080.2377741462,44887.458,6
"822",2014,8,5,"SARDINA COMUN",96504.5219482218,21177.342,4
"823",2014,8,6,"SARDINA COMUN",96424.1940772372,18879.061,3
"824",2014,8,7,"SARDINA COMUN",95921.2019030401,17433.789,3
"825",2014,8,10,"SARDINA COMUN",103280.611704849,11905.562,3
"826",2014,8,11,"SARDINA COMUN",107879.043463009,9190.643,3
"827",2014,8,12,"SARDINA COMUN",121964.808259799,836.679,2
"828",2015,8,2,"SARDINA COMUN",1e+05,146.542,1
"829",2015,8,3,"SARDINA COMUN",119660.250439801,20178.415964,4
"830",2015,8,4,"SARDINA COMUN",112502.835013092,34631.669,4
"831",2015,8,5,"SARDINA COMUN",114376.889367338,22558.085,4
"832",2015,8,6,"SARDINA COMUN",103816.539488814,3730.031,2
"833",2015,8,7,"SARDINA COMUN",100747.204215675,1610.371,2
"834",2015,8,10,"SARDINA COMUN",129712,2660.977,1
"835",2015,8,11,"SARDINA COMUN",127986.279476598,13129.178,2
"836",2015,8,12,"SARDINA COMUN",126525.056226362,2510.246,2
"837",2016,8,2,"SARDINA COMUN",120000,3156,1
"838",2016,8,3,"SARDINA COMUN",120182.191865454,5827,2
"839",2016,8,4,"SARDINA COMUN",119163.402714932,884,2
"840",2016,8,5,"SARDINA COMUN",120000,1482,1
"841",2016,8,6,"SARDINA COMUN",120000,4946,1
"842",2016,8,7,"SARDINA COMUN",126616.035347777,7016,3
"843",2016,8,10,"SARDINA COMUN",121613.998812704,10107,3
"844",2016,8,11,"SARDINA COMUN",121985.788982804,20586,4
"845",2016,8,12,"SARDINA COMUN",119736.040765905,8095,4
"846",2017,8,2,"SARDINA COMUN",1e+05,1090,1
"847",2017,8,3,"SARDINA COMUN",103819.117943985,69338,4
"848",2017,8,4,"SARDINA COMUN",115341.177034312,11687,4
"849",2017,8,5,"SARDINA COMUN",110619.453700555,8823,4
"850",2017,8,6,"SARDINA COMUN",105749.422857143,1400,3
"851",2017,8,7,"SARDINA COMUN",97534.695260744,5887,5
"852",2017,8,10,"SARDINA COMUN",106444.96859401,9616,5
"853",2017,8,11,"SARDINA COMUN",133948.41295451,12706,5
"854",2017,8,12,"SARDINA COMUN",101519.723310985,3878,5
"855",2018,8,2,"SARDINA COMUN",174455.20454043,2076.191,2
"856",2018,8,3,"SARDINA COMUN",120035.140791393,76730.841,6
"857",2018,8,4,"SARDINA COMUN",126403.12472958,51220.304,6
"858",2018,8,5,"SARDINA COMUN",110376.622953065,15940.599,5
"859",2018,8,6,"SARDINA COMUN",132146.448201328,10406.319,4
"860",2018,8,7,"SARDINA COMUN",102807,69.04,1
"861",2018,8,10,"SARDINA COMUN",112693.171437213,3408.729,4
"862",2018,8,11,"SARDINA COMUN",120079.855000137,18301.107,5
"863",2018,8,12,"SARDINA COMUN",133103.00899812,2583.095,5
"864",2019,8,3,"SARDINA COMUN",121116.322489405,33608.67,4
"865",2019,8,4,"SARDINA COMUN",122120.115667552,21941.59,4
"866",2019,8,5,"SARDINA COMUN",117882.742868991,8440.25,4
"867",2019,8,6,"SARDINA COMUN",117276.925477249,1986.91,4
"868",2019,8,7,"SARDINA COMUN",112104.688790738,1913.15,3
"869",2019,8,11,"SARDINA COMUN",130243.397035719,9712.98,3
"870",2019,8,12,"SARDINA COMUN",134193.268295727,6249.82,5
"871",2020,8,3,"SARDINA COMUN",141541.969460139,9343.068,4
"872",2020,8,4,"SARDINA COMUN",151938.526792194,38920.833,4
"873",2020,8,5,"SARDINA COMUN",161253.761361986,13572.913,4
"874",2020,8,6,"SARDINA COMUN",153473.865925679,2052.757,3
"875",2020,8,7,"SARDINA COMUN",170707.411413584,834.97,2
"876",2020,8,11,"SARDINA COMUN",158105.359537206,4921.499,3
"877",2020,8,12,"SARDINA COMUN",169271.108007366,4068.204,3
"878",2021,8,3,"SARDINA COMUN",144425.82069893,44265.96,3
"879",2021,8,4,"SARDINA COMUN",147596.764706165,17259.547,3
"880",2021,8,5,"SARDINA COMUN",151221.001292936,2971.532,3
"881",2021,8,6,"SARDINA COMUN",176852.715758633,394.552,2
"882",2021,8,7,"SARDINA COMUN",144209,336.662,1
"883",2021,8,11,"SARDINA COMUN",147465.730344219,983.502,2
"884",2022,8,3,"SARDINA COMUN",182376,19420.5,1
"885",2022,8,4,"SARDINA COMUN",185527,4983.149,1
"886",2022,8,5,"SARDINA COMUN",197958,1262.83,1
"887",2022,8,6,"SARDINA COMUN",186367,562.275,1
"888",2022,8,7,"SARDINA COMUN",231917,163.366,1
"889",2022,8,10,"SARDINA COMUN",206435,1288.961,1
"890",2022,8,11,"SARDINA COMUN",186638.436469386,3188.148,2
"891",2022,8,12,"SARDINA COMUN",140000,121.379,1
"892",2023,8,3,"SARDINA COMUN",177881.757668779,51485.673,2
"893",2023,8,4,"SARDINA COMUN",186545.156404083,24271.585,2
"894",2023,8,5,"SARDINA COMUN",193971.282002447,8526.848,2
"895",2023,8,6,"SARDINA COMUN",207218.04274874,2324.934,2
"896",2023,8,7,"SARDINA COMUN",231000,367.149,1
"897",2023,8,10,"SARDINA COMUN",271000,207.792,1
"898",2023,8,11,"SARDINA COMUN",246000,3306.15,1
"899",2023,8,12,"SARDINA COMUN",223000,766.363,1
"900",2024,8,3,"SARDINA COMUN",190000,3112.291,1
"901",2024,8,4,"SARDINA COMUN",190000,498.119,1
"902",2024,8,5,"SARDINA COMUN",190000,262.32,1
"903",2024,8,6,"SARDINA COMUN",190000,2.792,1
"904",2016,10,1,"ANCHOVETA",117678,52,1
"905",2016,10,2,"ANCHOVETA",97867,199,1
"906",2016,10,3,"ANCHOVETA",121408,35,1
"907",2016,10,4,"ANCHOVETA",113888,99,1
"908",2014,10,2,"SARDINA COMUN",90170,28.03,1
"909",2014,10,3,"SARDINA COMUN",93150,56.55,1
"910",2014,10,4,"SARDINA COMUN",95420,32.6,1
"911",2014,10,5,"SARDINA COMUN",93070,104.74,1
"912",2014,10,7,"SARDINA COMUN",115460,323.072,1
"913",2014,10,8,"SARDINA COMUN",119060,25.4,1
"914",2014,10,11,"SARDINA COMUN",120656,1128.15,1
"915",2014,10,12,"SARDINA COMUN",130250,542.92,1
"916",2015,10,11,"SARDINA COMUN",129699,440.45,1
"917",2016,10,1,"SARDINA COMUN",117678,151,1
"918",2016,10,2,"SARDINA COMUN",97867,191,1
"919",2016,10,3,"SARDINA COMUN",121408,104,1
"920",2016,10,4,"SARDINA COMUN",113888,173,1
"921",2013,14,2,"ANCHOVETA",92055,109.821,1
"922",2013,14,3,"ANCHOVETA",91674,233.349,1
"923",2013,14,4,"ANCHOVETA",100221,439.697,1
"924",2013,14,5,"ANCHOVETA",106553,479.302,1
"925",2013,14,6,"ANCHOVETA",121400,950.223,1
"926",2013,14,7,"ANCHOVETA",111689,176.412,1
"927",2013,14,10,"ANCHOVETA",77819,10.699,1
"928",2013,14,11,"ANCHOVETA",84664,323.903,1
"929",2013,14,12,"ANCHOVETA",84480,588.212,1
"930",2014,14,2,"ANCHOVETA",88495,615.568,1
"931",2014,14,3,"ANCHOVETA",92640,117.158,1
"932",2014,14,4,"ANCHOVETA",95512,117.833,1
"933",2014,14,5,"ANCHOVETA",97304,60.785,1
"934",2014,14,6,"ANCHOVETA",97316,45.599,1
"935",2014,14,11,"ANCHOVETA",119784,43.675,1
"936",2015,14,7,"ANCHOVETA",119323,2.823,1
"937",2015,14,10,"ANCHOVETA",126881,9.297,1
"938",2015,14,11,"ANCHOVETA",129496,97.672,1
"939",2015,14,12,"ANCHOVETA",136479,238.945,1
"940",2018,14,10,"ANCHOVETA",126346,134.154,1
"941",2018,14,11,"ANCHOVETA",136231,122.456,1
"942",2018,14,12,"ANCHOVETA",159033,35.739,1
"943",2019,14,2,"ANCHOVETA",116019,9.41,1
"944",2019,14,3,"ANCHOVETA",140456,129.51,1
"945",2019,14,4,"ANCHOVETA",139136,112.12,1
"946",2019,14,5,"ANCHOVETA",134852,1034.24,1
"947",2019,14,6,"ANCHOVETA",135151,2486.1,1
"948",2019,14,7,"ANCHOVETA",182213,96.69,1
"949",2019,14,11,"ANCHOVETA",155229,1406.43,1
"950",2019,14,12,"ANCHOVETA",149748,849.16,1
"951",2020,14,2,"ANCHOVETA",124176,1714.996,1
"952",2020,14,3,"ANCHOVETA",134485,1136.609,1
"953",2020,14,4,"ANCHOVETA",145413,562.103,1
"954",2020,14,5,"ANCHOVETA",149787,1140.022,1
"955",2020,14,6,"ANCHOVETA",146279,585.258,1
"956",2020,14,2,"JUREL",2e+05,1084.462,1
"957",2012,14,2,"SARDINA COMUN",67000,7567,1
"958",2012,14,3,"SARDINA COMUN",62000,20491,1
"959",2012,14,4,"SARDINA COMUN",67000,16571,1
"960",2012,14,5,"SARDINA COMUN",74000,13048,1
"961",2012,14,6,"SARDINA COMUN",86000,2429,1
"962",2012,14,7,"SARDINA COMUN",79000,1934,1
"963",2012,14,8,"SARDINA COMUN",76000,5028,1
"964",2012,14,10,"SARDINA COMUN",78000,9263,1
"965",2012,14,11,"SARDINA COMUN",83000,21790,1
"966",2012,14,12,"SARDINA COMUN",93000,20076,1
"967",2013,14,2,"SARDINA COMUN",92055,7538.711,1
"968",2013,14,3,"SARDINA COMUN",91674,9363.041,1
"969",2013,14,4,"SARDINA COMUN",100221,6207.649,1
"970",2013,14,5,"SARDINA COMUN",106553,5176.485,1
"971",2013,14,6,"SARDINA COMUN",121400,2467.197,1
"972",2013,14,7,"SARDINA COMUN",111689,2761.511,1
"973",2013,14,10,"SARDINA COMUN",77819,1400.845,1
"974",2013,14,11,"SARDINA COMUN",84664,2814.552,1
"975",2013,14,12,"SARDINA COMUN",84480,7148.675,1
"976",2014,14,2,"SARDINA COMUN",88495,12416.103,1
"977",2014,14,3,"SARDINA COMUN",92640,21110.928,1
"978",2014,14,4,"SARDINA COMUN",95512,15619.315,1
"979",2014,14,5,"SARDINA COMUN",97304,6100.419,1
"980",2014,14,6,"SARDINA COMUN",97316,6490.854,1
"981",2014,14,7,"SARDINA COMUN",98674,7414.427,1
"982",2014,14,10,"SARDINA COMUN",118828,3055.354,1
"983",2014,14,11,"SARDINA COMUN",119784,10724.68,1
"984",2014,14,12,"SARDINA COMUN",127349,2373.725,1
"985",2015,14,7,"SARDINA COMUN",119323,2212.244,1
"986",2015,14,8,"SARDINA COMUN",124018,883.565,1
"987",2015,14,10,"SARDINA COMUN",126881,7691.029,1
"988",2015,14,11,"SARDINA COMUN",129496,3825.906,1
"989",2015,14,12,"SARDINA COMUN",136479,5940.495,1
"990",2018,14,7,"SARDINA COMUN",103055,1120.282,1
"991",2018,14,10,"SARDINA COMUN",126346,7401.209,1
"992",2018,14,11,"SARDINA COMUN",136231,8227.281,1
"993",2018,14,12,"SARDINA COMUN",159033,1912.666,1
"994",2019,14,2,"SARDINA COMUN",116079,11544.53,1
"995",2019,14,3,"SARDINA COMUN",140456,14532.45,1
"996",2019,14,4,"SARDINA COMUN",139862,11974.37,1
"997",2019,14,5,"SARDINA COMUN",134862,4653.36,1
"998",2019,14,6,"SARDINA COMUN",135151,2390.47,1
"999",2019,14,7,"SARDINA COMUN",182213,209.72,1
"1000",2019,14,11,"SARDINA COMUN",155229,7874.48,1
"1001",2019,14,12,"SARDINA COMUN",149748,8996.87,1
"1002",2020,14,2,"SARDINA COMUN",124176,5300.462,1
"1003",2020,14,3,"SARDINA COMUN",134485,8744.299,1
"1004",2020,14,4,"SARDINA COMUN",145413,9346.482,1
"1005",2020,14,5,"SARDINA COMUN",149787,5534.731,1
"1006",2020,14,6,"SARDINA COMUN",146279,2626.986,1
"1007",2012,15,1,"ANCHOVETA",105000,19,1
"1008",2012,15,2,"ANCHOVETA",99724.7706422018,218,2
"1009",2012,15,3,"ANCHOVETA",102638.888888889,180,2
"1010",2012,15,4,"ANCHOVETA",100454.545454545,88,2
"1011",2012,15,5,"ANCHOVETA",80000,4,1
"1012",2012,15,7,"ANCHOVETA",80000,3,1
"1013",2012,15,8,"ANCHOVETA",80000,5,1
"1014",2012,15,9,"ANCHOVETA",80000,4,1
"1015",2012,15,11,"ANCHOVETA",80000,4,1
"1016",2012,15,12,"ANCHOVETA",80000,4,1
"1017",2012,15,7,"JUREL",80000,1,1
"1018",2012,15,7,"SARDINA ESPAÑOLA",85000,1,1
