ANIO,MES,NM_RECURSO,PRECIO_MACRO,Q_MUESTRA_TOTAL,N_REGIONES_PRECIO,N_PLANTAS_TOTAL,CV_PRECIO_REGIONAL,FECHA,Q_MACRO,Q_INDUSTRIAL_MACRO,Q_ARTESANAL_MACRO,N_REGIONES_DESEMB,SHARE_INDUSTRIAL,SHARE_ARTESANAL,P_harina_FOB_CLP,Tipo_Cambio,Precio_USD,DEFLACTOR,PRECIO_REAL_MACRO,P_HARINA_REAL
2012,1,JUREL,164000,555,1,1,NA,2012-01-01,67350.71600000001,66814.505,536.211,4,0.9920385256186436,0.00796147438135624,629181.1295454539,501.339545454545,1255,0.5952396173964261,275519.2954348954,1057021.5945932628
2012,2,ANCHOVETA,62000,10,1,1,NA,2012-02-01,257.86599999999993,249.91999999999993,7.946,2,0.969185545981246,0.03081445401875393,612694.2071428566,481.48857142857094,1272.5,0.5976205758660117,103744.75462153529,1025222.7448076092
2012,2,SARDINA COMUN,66527.34234773244,8357,2,2,0.05481447916174787,2012-02-01,34840.46299999999,18585.22,16255.242999999997,4,0.5334378019029198,0.4665621980970805,612694.2071428566,481.48857142857094,1272.5,0.5976205758660117,111320.36786271574,1025222.7448076092
2012,3,ANCHOVETA,62694.845360824744,1455,1,3,NA,2012-03-01,6729.8769999999995,1053.2960000000005,5676.580999999999,5,0.15651043845229276,0.8434895615477073,629800.6022727266,485.395454545454,1297.5,0.5988158170177438,104698.04500666188,1051743.4315768327
2012,3,JUREL,59000,226,1,1,NA,2012-03-01,25882.192000000003,25575.942,306.25,2,0.9881675400599762,0.01183245994002362,629800.6022727266,485.395454545454,1297.5,0.5988158170177438,98527.79155673462,1051743.4315768327
2012,3,SARDINA COMUN,63621.375583844674,109190,2,7,0.02240300178184658,2012-03-01,246995.89999999973,14111.308999999996,232884.59099999972,5,0.05713175400887226,0.9428682459911276,629800.6022727266,485.395454545454,1297.5,0.5988158170177438,106245.31579792837,1051743.4315768327
2012,4,ANCHOVETA,64809.253359191025,7219,2,4,0.200144482883664,2012-04-01,30577.223999999987,1966.032,28611.191999999988,6,0.064297269104612,0.935702730895388,677971.395,486.001,1395,0.5994146328347614,108120.90631270387,1131055.7965422478
2012,4,SARDINA COMUN,67599.12067486417,83928,3,8,0.16643606209549433,2012-04-01,190814.7750000001,23250.824000000004,167563.95100000012,6,0.1218502288410318,0.8781497711589683,677971.395,486.001,1395,0.5994146328347614,112775.22598201067,1131055.7965422478
2012,5,ANCHOVETA,62510.38062283737,2312,2,3,0.20127894873676033,2012-05-01,10886.609000000002,737.2610000000001,10149.348000000002,5,0.06772182228644383,0.932278177713556,759550.6095238092,497.088095238095,1528,0.5994146328347614,104285.71008887833,1267153.9330491985
2012,5,SARDINA COMUN,71166.45939325419,26535,3,6,0.20393800396400447,2012-05-01,60009.51300000002,17293.07399999999,42716.43900000003,5,0.2881722102960573,0.7118277897039427,759550.6095238092,497.088095238095,1528,0.5994146328347614,118726.59674104488,1267153.9330491985
2012,6,ANCHOVETA,65468.93787575151,499,2,3,0.2878850836772574,2012-06-01,2786.318,548.9399999999999,2237.378,5,0.19701268842967673,0.8029873115703234,831758.2166666663,505.628095238095,1645,0.597616388936257,109550.104528232,1391792.8491672997
2012,6,SARDINA COMUN,82945.61727794532,10279,3,5,0.28125531970924594,2012-06-01,31836.169,18735.995000000003,13100.174,5,0.5885128640949231,0.411487135905077,831758.2166666663,505.628095238095,1645,0.597616388936257,138794.0806402357,1391792.8491672997
2012,7,ANCHOVETA,71000,187,1,1,NA,2012-07-01,2110.4800000000014,432.26499999999993,1678.215000000001,3,0.20481833516545983,0.79518166483454,838748.3225,491.9345,1705,0.597616388936257,118805.30941659467,1403489.4926374962
2012,7,SARDINA COMUN,75858.96276194784,13266,3,4,0.23509442935521693,2012-07-01,43739.299000000035,8593.246,35146.053000000036,5,0.19646510567076056,0.8035348943292394,838748.3225,491.9345,1705,0.597616388936257,126935.8808866922,1403489.4926374962
2012,8,ANCHOVETA,78000,25,1,1,NA,2012-08-01,302.07800000000003,238.087,63.99100000000001,4,0.7881639841365474,0.2118360158634525,807108.0845454547,480.994090909091,1678,0.5988116217141295,130257.99295063935,1347849.7331682805
2012,8,SARDINA COMUN,77471.47081371154,9131,3,4,0.23455655812116052,2012-08-01,19686.011999999995,9553.973000000002,10132.039,5,0.48531784903920633,0.5146821509607941,807108.0845454547,480.994090909091,1678,0.5988116217141295,129375.36280933462,1347849.7331682805
2012,10,ANCHOVETA,78545.90264941467,1623,2,4,0.230970310512372,2012-10-01,7392.5039999999935,384.88499999999993,7007.618999999993,3,0.05206422614042553,0.9479357738595744,784348.4999999995,475.362727272727,1650,0.6072237273759696,129352.49251349174,1291696.0662743684
2012,10,SARDINA COMUN,80062.66638495668,23665,3,7,0.16646503859736464,2012-10-01,50721.09699999997,14513.606,36207.49099999997,4,0.28614534894621874,0.7138546510537813,784348.4999999995,475.362727272727,1650,0.6072237273759696,131850.35889644173,1291696.0662743684
2012,11,ANCHOVETA,77934.72966390647,2053,2,3,0.22852340633098117,2012-11-01,7308.017999999999,3794.542999999999,3513.475000000001,4,0.5192301113653524,0.48076988863464776,792941.325,480.5705,1650,0.6041876087390898,128990.94343651381,1312409.1151998797
2012,11,SARDINA COMUN,83933.62874856665,51453,3,6,0.18550589245540547,2012-11-01,108437.95500000002,61749.652,46688.303000000014,5,0.5694468509665273,0.4305531490334727,792941.325,480.5705,1650,0.6041876087390898,138919.81155279244,1312409.1151998797
2012,12,ANCHOVETA,91828.57142857143,525,1,2,NA,2012-12-01,4835.112999999999,3899.116999999999,935.9959999999996,3,0.8064169337924469,0.19358306620755292,1006740.9684210536,477.128421052632,2110,0.6041876087390898,151986.84994585242,1666272.121207638
2012,12,SARDINA COMUN,91536.99383934446,33438,2,5,0.02839557819912719,2012-12-01,60548.53400000001,16546.941000000003,44001.59300000001,5,0.27328392459510253,0.7267160754048976,1006740.9684210536,477.128421052632,2110,0.6041876087390898,151504.25549173,1666272.121207638
2013,2,ANCHOVETA,221303,3.641,1,1,NA,2013-02-01,252.02000000000004,70.09,181.93000000000004,4,0.27811284818665183,0.7218871518133482,993104.31125,472.3445,2102.5,0.6060013799405244,365185.63707184896,1638782.2604421587
2013,2,SARDINA COMUN,149998,448.732,1,1,NA,2013-02-01,12087.563000000004,1071.941,11015.622000000005,5,0.08868131649034629,0.9113186835096536,993104.31125,472.3445,2102.5,0.6060013799405244,247520.8885080781,1638782.2604421587
2013,3,ANCHOVETA,85647.96434929254,6912.177,2,5,0.07583537747874296,2013-03-01,21597.034000000003,44.464,21552.570000000003,6,0.00205880122242711,0.9979411987775728,1031196.33,472.484,2182.5,0.6084253854602866,140769.87317762565,1694860.7908920143
2013,3,SARDINA COMUN,99758.36521136692,23975.130000000005,2,6,0.1732855764986839,2013-03-01,67779.91399999999,470.75,67309.16399999999,6,0.00694527290193965,0.9930547270980604,1031196.33,472.484,2182.5,0.6084253854602866,163961.54334667945,1694860.7908920143
2013,4,ANCHOVETA,82013.11880925074,2992.3679999999995,2,2,0.0447560380360815,2013-04-01,7411.364999999996,0,7411.364999999996,4,0,1,1022177.195454546,472.137272727273,2165,0.6053832585329851,135473.05389315146,1688479.4566859521
2013,4,SARDINA COMUN,87070.0533795839,5303.863,2,3,0.09893819211857616,2013-04-01,22539.18099999999,17.96,22521.22099999999,6,7.968346321013176e-4,0.9992031653678988,1022177.195454546,472.137272727273,2165,0.6053832585329851,143826.3317531761,1688479.4566859521
2013,5,ANCHOVETA,87251.4333377628,1151.379,2,2,0.08499690452614879,2013-05-01,3483.217000000001,904.453,2578.7640000000006,5,0.25966025085431077,0.7403397491456892,949574.0571428568,479.58285714285694,1980,0.6053832585329851,144125.94353731835,1568550.242773385
2013,5,SARDINA COMUN,96021.45020975568,4405.602,2,3,0.1468203503244301,2013-05-01,19175.103000000003,5677.764999999999,13497.338,5,0.2961008866549504,0.7038991133450494,949574.0571428568,479.58285714285694,1980,0.6053832585329851,158612.66207202824,1568550.242773385
2013,6,ANCHOVETA,90000,610.9680000000001,1,1,NA,2013-06-01,2842.523000000001,322.87,2519.6530000000007,3,0.11358571241112204,0.8864142875888779,898908.7250000001,502.886,1787.5,0.6090155580841831,147779.47591867507,1476002.8919913827
2013,6,SARDINA COMUN,98561.07983755252,1520.738,2,3,0.05606909722794558,2013-06-01,10071.040999999996,3301.308,6769.732999999998,4,0.3278020613757804,0.6721979386242197,898908.7250000001,502.886,1787.5,0.6090155580841831,161836.71915969116,1476002.8919913827
2014,2,ANCHOVETA,88495,615.568,1,1,NA,2014-02-01,702.9739999999999,3.486,699.4879999999999,3,0.00495893162478271,0.9950410683752172,848245.005,554.4085,1530,0.6262715136402804,141304.52698640546,1354436.5127985324
2014,2,SARDINA COMUN,88498.77288236952,12444.132999999996,2,2,0.01325837582612685,2014-02-01,16066.774000000009,83.224,15983.550000000008,4,0.00517988240825444,0.9948201175917456,848245.005,554.4085,1530,0.6262715136402804,141310.55134211594,1354436.5127985324
2014,3,ANCHOVETA,90029.25676472133,2663.82,3,5,0.04989174159268227,2014-03-01,10666.090999999997,497.58,10168.510999999997,5,0.04665064267687198,0.953349357323128,902149.3333333328,563.843333333333,1600,0.6312816857494027,142613.4462586958,1429075.725937431
2014,3,SARDINA COMUN,88099.33058564345,64208.725999999995,4,7,0.04643643276711872,2014-03-01,196372.08499999964,7321.98,189050.10499999963,5,0.03728625685264793,0.962713743147352,902149.3333333328,563.843333333333,1600,0.6312816857494027,139556.2909148229,1429075.725937431
2014,4,ANCHOVETA,93945.84877674106,5722.009999999999,3,5,0.06412972744502612,2014-04-01,27781.904000000035,208.384,27573.52000000004,4,0.00750070981456129,0.9924992901854388,899904.9452380945,554.640952380952,1622.5,0.6350693758638991,147930.05669489954,1417018.3281376678
2014,4,SARDINA COMUN,89767.7504385856,40355.862,4,7,0.06107777117134742,2014-04-01,119650.44299999996,10417.145,109233.29799999997,4,0.08706315445902697,0.912936845540973,899904.9452380945,554.640952380952,1622.5,0.6350693758638991,141351.0930462873,1417018.3281376678
2014,5,ANCHOVETA,86496.45800546026,1014.239,3,3,0.07164758903327209,2014-05-01,9203.481000000002,973.4789999999998,8230.002,5,0.10577291353130404,0.8942270864686959,930298.35,555.402,1675,0.6369745839914907,135792.63628298198,1460495.2432645692
2014,5,SARDINA COMUN,94918.36737857542,12182.975000000002,4,5,0.05854198464888673,2014-05-01,48241.11200000004,18739.271,29501.841000000026,5,0.3884502289250709,0.6115497710749288,930298.35,555.402,1675,0.6369745839914907,149014.37163126032,1460495.2432645692
2014,6,ANCHOVETA,92640.25221905214,75.708,2,2,0.09091952892861505,2014-06-01,1436.4690000000007,241.839,1194.6300000000008,4,0.1683565743500207,0.8316434256499794,1042524.3833333328,553.063333333333,1885,0.6376115585754821,145292.61738294718,1635046.2429860672
2014,6,SARDINA COMUN,97274.4438162064,7535.713999999999,3,3,0.07308958055534598,2014-06-01,42433.87700000003,17375.662000000004,25058.215000000026,4,0.4094761833805568,0.5905238166194431,1042524.3833333328,553.063333333333,1885,0.6376115585754821,152560.6656716384,1635046.2429860672
2014,7,SARDINA COMUN,99142.0371941657,11586.871,3,3,0.09294584811082572,2014-07-01,41888.491999999984,12038.920999999998,29849.570999999993,3,0.28740402017814354,0.7125959798218566,1063944.794545455,558.208181818182,1906,0.638886781692633,155179.3526413303,1665310.3883706836
2014,8,SARDINA COMUN,119060,25.4,1,1,NA,2014-08-01,37.76800000000001,0,37.76800000000001,3,0,1,1094408.28,579.052,1890,0.6408034420377109,185798.00324011585,1707868.9161217
2014,10,SARDINA COMUN,118828,5387.934,2,2,0,2014-10-01,32348.782000000025,1879.939,30468.843000000023,3,0.05811467646602579,0.9418853235339744,1238958,589.98,2100,0.6523891682697527,182142.81563740876,1899108.7839271273
2014,11,ANCHOVETA,110581.97562306712,54.97,2,2,0.32515062929869337,2014-11-01,2850.7519999999995,1316.548,1534.2039999999995,4,0.461824809734414,0.538175190265586,1415978.205,592.4595,2390,0.6523891682697527,169503.08343768088,2170450.2065161746
2014,11,SARDINA COMUN,119405.07872871828,16094.685999999998,4,4,0.20716763583033831,2014-11-01,44138.743999999984,7019.79,37118.95399999998,4,0.1590391878844582,0.8409608121155417,1415978.205,592.4595,2390,0.6523891682697527,183027.37773130246,2170450.2065161746
2014,12,SARDINA COMUN,126110.6326067253,3515.1459999999997,4,4,0.2321397565827627,2014-12-01,5792.637999999999,330.949,5461.6889999999985,4,0.05713269153018022,0.9428673084698196,1473457.276,612.919,2404,0.6497796115966737,194082.16317658752,2267626.206952448
2015,3,SARDINA COMUN,128093.1463919342,3856.216964,1,2,NA,2015-03-01,79484.26,36244.96999999999,43239.29000000001,5,0.4560018549584533,0.5439981450415468,1330333.8298590914,628.503181818182,2116.67,0.6569492954257421,194981.78517555492,2025017.5152360217
2015,4,SARDINA COMUN,114179.71785906445,10997.323,1,2,NA,2015-04-01,102946.97500000006,4245.856,98701.11900000008,4,0.04124313511883178,0.9587568648811684,1207325.0438095238,614.727619047619,1964,0.6608909911982966,172766.3402583823,1826814.194607886
2015,5,SARDINA COMUN,116021.46651743492,7602.046,1,2,NA,2015-05-01,71163.354,1373.631,69789.723,5,0.01930250505056296,0.9806974949494368,1111902.2210526313,607.596842105263,1830,0.6622127731806933,175202.70102941216,1679070.936237037
2015,7,ANCHOVETA,100327.82536238852,166.39600000000002,2,2,0.12459636547801788,2015-07-01,997.9460000000004,36.09,961.8560000000004,4,0.03616428143406555,0.9638357185659344,1050788.0403409083,650.139545454545,1616.25,0.6681859323947831,150149.56241717466,1572598.2685311507
2015,7,SARDINA COMUN,116523.71336793689,2659.842000000001,3,3,0.10127580921243838,2015-07-01,12892.246000000006,1732.915,11159.331000000006,4,0.13441529117579662,0.8655847088242034,1050788.0403409083,650.139545454545,1616.25,0.6681859323947831,174388.15712613866,1572598.2685311507
2015,8,SARDINA COMUN,124018,883.565,1,1,NA,2015-08-01,4677.280000000002,1167.29,3509.9900000000016,4,0.24956598706940775,0.7504340129305922,1156034.3999999997,688.115714285714,1680,0.6728632339215466,184313.8304305984,1718082.2813909152
2015,10,ANCHOVETA,126881,9.297,1,1,NA,2015-10-01,1656.5610000000006,1645.1040000000007,11.457,3,0.993083864705254,0.00691613529474616,1269544.7142857148,685.314285714286,1852.5,0.6789324602915188,186883.09577291395,1869913.1188109638
2015,10,SARDINA COMUN,127608.7068702433,10352.006,2,2,0.01560307021266453,2015-10-01,34077.630999999994,24220.09799999999,9857.533,4,0.7107330318824098,0.2892669681175901,1269544.7142857148,685.314285714286,1852.5,0.6789324602915188,187954.93562857623,1869913.1188109638
2015,11,ANCHOVETA,117891.8842621057,161.019,2,2,0.1817619620200649,2015-11-01,9860.357999999998,193.828,9666.53,4,0.01965729844697322,0.9803427015530268,1376324.6547619049,704.002380952381,1955,0.6789324602915188,173643.02218144864,2027189.352783252
2015,11,SARDINA COMUN,126827.093405315,18390.613,4,5,0.11946507742726932,2015-11-01,79735.07600000019,7047.602000000001,72687.47400000019,5,0.0883877253719553,0.9116122746280448,1376324.6547619049,704.002380952381,1955,0.6789324602915188,186803.6967194914,2027189.352783252
2015,12,ANCHOVETA,113089.27379960207,665.925,2,2,0.21815508582922008,2015-12-01,3558.8079999999995,22.592,3536.215999999999,4,0.00634819299046197,0.993651807009538,1295797.9200000002,704.238,1840,0.6789324602915188,166569.25454859532,1908581.4801719936
2015,12,SARDINA COMUN,133488.81739481894,8459.173999999999,3,3,0.16915484584823692,2015-12-01,23926.19099999999,1019.238,22906.95299999999,4,0.0425992586952098,0.95740074130479,1295797.9200000002,704.238,1840,0.6789324602915188,196615.7537047231,1908581.4801719936
2016,1,ANCHOVETA,117678,52,1,1,NA,2016-01-01,114.639,0,114.639,2,0,1,1227311.6,721.948,1700,0.6823271225929762,172465.66361425095,1798714.369342342
2016,1,SARDINA COMUN,117678,151,1,1,NA,2016-01-01,239.86900000000003,0,239.86900000000003,3,0,1,1227311.6,721.948,1700,0.6823271225929762,172465.66361425095,1798714.369342342
2016,2,ANCHOVETA,97867,199,1,1,NA,2016-02-01,1383.087,528.2739999999999,854.813,3,0.38195283449269635,0.6180471655073035,1172301.1285714288,704.084761904762,1665,0.6843741039607552,143002.19636249138,1712953.6634814772
2016,2,SARDINA COMUN,97867,191,1,1,NA,2016-02-01,29493.965000000004,13750.243,15743.722000000003,4,0.4662053067466513,0.5337946932533487,1172301.1285714288,704.084761904762,1665,0.6843741039607552,143002.19636249138,1712953.6634814772
2016,3,ANCHOVETA,120800.68085106384,282,3,3,0.10816223189242778,2016-03-01,30622.06000000004,672.4669999999999,29949.59300000004,4,0.02196021430302203,0.978039785696978,1166335.8136363633,682.067727272727,1710,0.6871116003765982,175809.40386518626,1697447.4204730461
2016,3,JUREL,114000,4,1,1,NA,2016-03-01,23188.494999999995,23012.976999999995,175.518,3,0.9924308153677072,0.00756918463229287,1166335.8136363633,682.067727272727,1710,0.6871116003765982,165911.91290835122,1697447.4204730461
2016,3,SARDINA COMUN,121408,858,2,2,0,2016-03-01,40715.301000000014,13709.154,27006.147000000015,4,0.3367076667319737,0.6632923332680264,1166335.8136363633,682.067727272727,1710,0.6871116003765982,176693.27651207987,1697447.4204730461
2016,4,ANCHOVETA,109314.44176706827,249,3,3,0.07338768431952482,2016-04-01,9916.19400000001,0,9916.19400000001,4,0,1,1102038.7666666666,669.932380952381,1645,0.6891729351777279,158616.8524433967,1599074.3548024944
2016,4,SARDINA COMUN,103773.63401109056,1082,3,3,0.07338768431952482,2016-04-01,16313.857000000007,0,16313.857000000007,4,0,1,1102038.7666666666,669.932380952381,1645,0.6891729351777279,150577.0594202583,1599074.3548024944
2016,5,ANCHOVETA,100000,939,1,1,NA,2016-05-01,8370.931999999997,278.19,8092.741999999999,5,0.03323285865898804,0.9667671413410124,1208615.380681819,681.870454545455,1772.5,0.6905512810480834,144811.83764980512,1750218.14288353
2016,5,SARDINA COMUN,100000,3077,1,1,NA,2016-05-01,26720.11800000001,3210.3749999999995,23509.74300000001,5,0.1201482343753122,0.8798517656246878,1208615.380681819,681.870454545455,1772.5,0.6905512810480834,144811.83764980512,1750218.14288353
2016,6,ANCHOVETA,100000,291,1,1,NA,2016-06-01,5474.125,1048.6839999999995,4425.441000000001,4,0.1915710730025346,0.8084289269974655,1309020.2009523814,681.071904761905,1922,0.6933134861722757,144234.8980575748,1888063.9523967283
2016,6,SARDINA COMUN,100000,466,1,1,NA,2016-06-01,33770.975,18990.001999999997,14780.973,5,0.5623172561645021,0.4376827438354978,1309020.2009523814,681.071904761905,1922,0.6933134861722757,144234.8980575748,1888063.9523967283
2016,7,ANCHOVETA,100000,319,1,1,NA,2016-07-01,2900.6509999999994,133.798,2766.8529999999996,4,0.04612688668853992,0.9538731133114602,1155128.4728428577,657.567142857143,1756.67,0.6947001131446202,143947.0040494759,1662772.8295797573
2016,7,SARDINA COMUN,100000,541,1,1,NA,2016-07-01,20547.013,9758.721,10788.291999999998,4,0.4749459690320925,0.5250540309679075,1155128.4728428577,657.567142857143,1756.67,0.6947001131446202,143947.0040494759,1662772.8295797573
2016,10,SARDINA COMUN,116186,2307,1,1,NA,2016-10-01,28470.199000000004,17379.022,11091.177000000003,5,0.6104285396810889,0.38957146031891104,1048996.9263157896,663.922105263158,1580,0.6974816923976513,166579.282677085,1503977.7212069544
2016,11,SARDINA COMUN,101916,1137,1,1,NA,2016-11-01,60041.66000000004,5718.536000000001,54323.12400000004,4,0.09524280308039448,0.9047571969196057,1059127.014285714,666.117619047619,1590,0.6981791740900489,145973.9903196471,1516984.5414912235
2016,12,SARDINA COMUN,118756,2937,1,1,NA,2016-12-01,25501.562,2666.308,22835.254,4,0.10455469355171264,0.8954453064482875,1059129.3511904755,667.168095238095,1587.5,0.6967828157418688,170434.74281661178,1520027.9445221594
2017,1,JUREL,228999.95848282933,3902,1,2,NA,2017-01-01,16897.188,9054.778,7842.409999999998,2,0.5358748449742052,0.4641251550257948,1020718.6785714292,661.194285714286,1543.75,0.7002667298205781,327018.1899709894,1457614.1277380935
2017,2,SARDINA COMUN,100000,1090,1,1,NA,2017-02-01,20605.559,8094.899000000001,12510.66,5,0.3928502497796833,0.6071497502203167,963206.22625,643.2095,1497.5,0.7016672632802193,142517.6935468112,1372739.29775078
2017,3,ANCHOVETA,99837.0211038961,2464,2,3,0.04238707865388512,2017-03-01,13893.260000000004,170.201,13723.059000000005,5,0.01225061648597952,0.9877493835140204,992465.1156521736,661.202608695652,1501,0.7044739323333401,141718.54560071306,1408803.1793667038
2017,3,SARDINA COMUN,99928.47594198448,52124,2,4,0.0625636673366535,2017-03-01,169656.5179999997,500.524,169155.9939999997,5,0.00295021969035107,0.9970497803096487,992465.1156521736,661.202608695652,1501,0.7044739323333401,141848.3656464108,1408803.1793667038
2017,4,ANCHOVETA,112956.6151940545,1211,2,3,0.2589623870686593,2017-04-01,6200.24,22.888,6177.352,4,0.0036914700076126,0.9963085299923874,973778.8499999996,655.743333333333,1485,0.7058828801980068,160021.75199711474,1379519.0070721724
2017,4,SARDINA COMUN,113075.7702321347,10985,2,4,0.1748804542402546,2017-04-01,34265.107999999986,0,34265.107999999986,4,0,1,973778.8499999996,655.743333333333,1485,0.7058828801980068,160190.55484164154,1379519.0070721724
2017,5,ANCHOVETA,93863.03427771947,2859,2,3,0.1526733863976138,2017-05-01,8768.418,356.392,8412.026,5,0.04064496012849752,0.9593550398715024,937919.1369500008,671.539545454546,1396.67,0.7065887630782048,132839.6928771011,1327390.3944693676
2017,5,JUREL,120000,79,1,1,NA,2017-05-01,70295.02900000004,70042.06700000004,252.962,2,0.9964014240608678,0.00359857593913219,937919.1369500008,671.539545454546,1396.67,0.7065887630782048,169830.04297609878,1327390.3944693676
2017,5,SARDINA COMUN,103009.75628188172,5293,2,4,0.11052091520896008,2017-05-01,30949.613000000027,47.353,30902.260000000028,5,0.00153000297612768,0.9984699970238724,937919.1369500008,671.539545454546,1396.67,0.7065887630782048,145784.5944692453,1327390.3944693676
2017,6,ANCHOVETA,93787.97777777778,720,2,2,0.25769748287050037,2017-06-01,2075.8160000000003,0,2075.8160000000003,4,0,1,934540.4333333328,665.153333333333,1405,0.703762408025892,133266.5352797975,1327920.3644235432
2017,6,SARDINA COMUN,100673.5725026853,1862,2,3,0.1096986534906969,2017-06-01,13014.722000000002,0,13014.722000000002,4,0,1,934540.4333333328,665.153333333333,1405,0.703762408025892,143050.511585412,1327920.3644235432
2017,7,SARDINA COMUN,101700.3495145631,412,1,2,NA,2017-07-01,12926.533999999996,0,12926.533999999996,4,0,1,939539.7142857136,658.171428571428,1427.5,0.7051699328419437,144221.0519451602,1332359.2945876513
2017,10,ANCHOVETA,95000,318,1,1,NA,2017-10-01,3043.841,1030.732,2013.109,3,0.33862872600769883,0.6613712739923012,935663.485625,629.5465,1486.25,0.7093981148351857,133916.3412100007,1318954.0063020643
2017,10,SARDINA COMUN,95979.16666666669,720,1,2,NA,2017-10-01,20624.767,11123.771,9500.996,4,0.5393404444278086,0.4606595555721914,935663.485625,629.5465,1486.25,0.7093981148351857,135296.61928826172,1318954.0063020643
2017,11,ANCHOVETA,96041,1746,1,1,NA,2017-11-01,15477.358000000007,1087.67,14389.688000000007,4,0.07027491384511488,0.9297250861548852,988677.4857142856,633.767619047619,1560,0.7101075129500207,135248.5338466763,1392292.6707351587
2017,11,SARDINA COMUN,97921.525,3960,1,2,NA,2017-11-01,28720.39000000003,2905.9799999999996,25814.41000000003,4,0.1011817736458313,0.8988182263541687,988677.4857142856,633.767619047619,1560,0.7101075129500207,137896.75959517976,1392292.6707351587
2017,12,ANCHOVETA,97031,1405,1,1,NA,2017-12-01,4618.351000000001,0,4618.351000000001,3,0,1,1138501.085526315,636.923684210526,1787.5,0.7108176204629707,136506.1827488205,1601678.1981076736
2017,12,SARDINA COMUN,97073.89576883386,1938,1,2,NA,2017-12-01,13904.765000000009,0,13904.765000000009,4,0,1,1138501.085526315,636.923684210526,1787.5,0.7108176204629707,136566.52983026442,1601678.1981076736
2018,1,JUREL,227164.8603106744,10394.575025,1,2,NA,2018-01-01,47397.35699999999,39894.35499999999,7503.002,3,0.8416999918370975,0.15830000816290246,1163826.0390909084,605.528636363636,1922,0.7143717085652854,317992.5206821291,1629160.3168724142
2018,2,ANCHOVETA,215570,121.664,1,1,NA,2018-02-01,2141.9160000000006,380.427,1761.4890000000007,3,0.1776106065784092,0.8223893934215909,1195665.47387,596.839,2003.33,0.7143717085652854,301761.67031158315,1673730.159711007
2018,2,JUREL,230000,10949.636,1,1,NA,2018-02-01,50863.59,49425.35999999999,1438.2299999999998,3,0.97172378119594,0.02827621880406003,1195665.47387,596.839,2003.33,0.7143717085652854,321961.2384453501,1673730.159711007
2018,2,SARDINA COMUN,215570,1183.001,1,1,NA,2018-02-01,15461.511,6917.638,8543.873,5,0.4474102175395406,0.5525897824604593,1195665.47387,596.839,2003.33,0.7143717085652854,301761.67031158315,1673730.159711007
2018,3,ANCHOVETA,119673.57033550707,3017.075,2,3,0.2627353439402972,2018-03-01,15468.492000000004,540.303,14928.189000000004,4,0.03492926136561986,0.9650707386343802,1046977.488095238,603.445238095238,1735,0.7158004519824159,167188.45315628123,1462666.7043805635
2018,3,SARDINA COMUN,119833.45484206572,38257.618,2,4,0.20942050110335703,2018-03-01,129505.82700000006,1228.394,128277.43300000006,4,0.00948524115443855,0.9905147588455614,1046977.488095238,603.445238095238,1735,0.7158004519824159,167411.81779109788,1462666.7043805635
2018,4,ANCHOVETA,137877.05714966083,2381.064,2,3,0.33992333331206204,2018-04-01,11899.626999999997,0,11899.626999999997,4,0,1,982646.0416666666,600.547619047619,1636.25,0.717947853338363,192043.275160655,1368687.2063165756
2018,4,SARDINA COMUN,124884.71955372306,24556.771000000004,2,4,0.24524549260023895,2018-04-01,76365.92200000002,0,76365.92200000002,4,0,1,982646.0416666666,600.547619047619,1636.25,0.717947853338363,173946.78314452164,1368687.2063165756
2018,5,ANCHOVETA,146284,690.259,1,1,NA,2018-05-01,7508.449,0,7508.449,4,0,1,971736.761904761,626.119047619047,1552,0.720101696898378,203143.52907384394,1349443.7884124222
2018,5,SARDINA COMUN,124089.4792088436,2905.418,1,2,NA,2018-05-01,31355.127999999968,0,31355.127999999968,4,0,1,971736.761904761,626.119047619047,1552,0.720101696898378,172322.15913852418,1349443.7884124222
2018,6,ANCHOVETA,155509,1422.888,1,1,NA,2018-06-01,5597.892,0,5597.892,3,0,1,1017833.9047619055,636.146190476191,1600,0.7208217985952763,215738.4811378526,1412046.5096164416
2018,6,SARDINA COMUN,155508,2396.423999999999,1,1,NA,2018-06-01,23661.932000000004,0,23661.932000000004,3,0,1,1017833.9047619055,636.146190476191,1600,0.7208217985952763,215737.09383241602,1412046.5096164416
2018,7,ANCHOVETA,90000,13.099,1,1,NA,2018-07-01,16.051000000000002,0,16.051000000000002,2,0,1,1043851.2,652.407,1600,0.7237050857896574,124360.04909623948,1442370.960901872
2018,7,SARDINA COMUN,102891.18507595296,1134.518,2,2,0.09563366945575488,2018-07-01,1343.4790000000005,0,1343.4790000000005,4,0,1,1043851.2,652.407,1600,0.7237050857896574,142172.8091957308,1442370.960901872
2018,10,ANCHOVETA,128777.8489551256,163.991,2,2,0.071046081962124,2018-10-01,1658.6150000000005,475.379,1183.236,3,0.2866120226815746,0.7133879773184251,1088360.1818181816,676.840909090909,1608,0.730237265262917,176350.69460439,1490419.9410123571
2018,10,SARDINA COMUN,125455.94594172217,8830.285,2,3,0.03146413288266747,2018-10-01,12456.342999999995,1986.486,10469.856999999996,4,0.15947585900613048,0.8405241409938694,1088360.1818181816,676.840909090909,1608,0.730237265262917,171801.6210752441,1490419.9410123571
2018,11,ANCHOVETA,148831.31692949595,907.8769999999998,3,3,0.2633061522382459,2018-11-01,15864.485000000032,0,15864.485000000032,4,0,1,1070626.96,677.612,1580,0.730237265262917,203812.27309169198,1466135.7491999918
2018,11,SARDINA COMUN,130770.69362607996,15635.589999999998,3,4,0.21066492485954033,2018-11-01,47184.33100000007,0,47184.33100000007,4,0,1,1070626.96,677.612,1580,0.730237265262917,179079.73181702368,1466135.7491999918
2018,12,ANCHOVETA,168744.57812274908,173.541,3,3,0.3291710398543427,2018-12-01,1416.973,0,1416.973,4,0,1,1040029.934210526,681.986842105263,1525,0.729507027997654,231313.16306289478,1425661.2949503628
2018,12,SARDINA COMUN,154591.5591343198,2825.339,3,4,0.28757481192496986,2018-12-01,7839.774000000001,0,7839.774000000001,4,0,1,1040029.934210526,681.986842105263,1525,0.729507027997654,211912.36437932844,1425661.2949503628
2019,1,JUREL,240000,8860.960000000001,1,1,NA,2019-01-01,51711.32699999996,42049.51499999996,9661.812,3,0.8131586915183978,0.18684130848160224,1022363.3454545452,677.061818181818,1510,0.7302365350256516,328660.6304785467,1400044.090396863
2019,2,ANCHOVETA,116019,9.41,1,1,NA,2019-02-01,92.641,0,92.641,4,0,1,991019.795,656.3045,1510,0.7302365350256516,158878.65703121046,1357121.6276725838
2019,2,SARDINA COMUN,116079,11544.53,1,1,NA,2019-02-01,12962.758,0,12962.758,5,0,1,991019.795,656.3045,1510,0.7302365350256516,158960.8221888301,1357121.6276725838
2019,3,ANCHOVETA,145688.02549219143,3517.9400000000005,2,2,0.02682789955721318,2019-03-01,31798.80000000004,0,31798.80000000004,3,0,1,1014871.4285714296,667.678571428572,1520,0.7338877177007798,198515.41588490142,1382870.164050371
2019,3,SARDINA COMUN,135011.40280425036,32633.319999999992,2,3,0.05120580532601557,2019-03-01,108830.06100000028,0,108830.06100000028,4,0,1,1014871.4285714296,667.678571428572,1520,0.7338877177007798,183967.38294957695,1382870.164050371
2019,4,ANCHOVETA,139920.18065922102,6392.09,3,3,0.21839123262879503,2019-04-01,44711.911000000015,0,44711.911000000015,4,0,1,1075847.2647619054,667.399047619048,1612,0.736089380853882,190085.85682476513,1461571.5057781378
2019,4,SARDINA COMUN,135825.53617735862,24052.06,3,4,0.17084088155264832,2019-04-01,65829.34599999996,0,65829.34599999996,4,0,1,1075847.2647619054,667.399047619048,1612,0.736089380853882,184523.1567120254,1461571.5057781378
2019,5,ANCHOVETA,141013.7545482694,3714.05,3,3,0.2778815117167498,2019-05-01,26871.669,0,26871.669,4,0,1,1127966.2095238103,692.00380952381,1630,0.7405059171390054,190428.93687208547,1523237.2671399899
2019,5,SARDINA COMUN,130510.5224860511,8581.32,3,4,0.15541960796858584,2019-05-01,32305.72100000002,0,32305.72100000002,4,0,1,1127966.2095238103,692.00380952381,1630,0.7405059171390054,176245.0771363007,1523237.2671399899
2019,6,ANCHOVETA,139095.4204943647,3164.8700000000003,3,3,0.23786589517071977,2019-06-01,13108.639999999996,0,13108.639999999996,4,0,1,1107854.4,692.409,1600,0.7405059171390054,187838.36465719173,1496077.7143824457
2019,6,SARDINA COMUN,129954.84421000436,3589.64,3,4,0.15147642529050484,2019-06-01,14043.367000000007,0,14043.367000000007,4,0,1,1107854.4,692.409,1600,0.7405059171390054,175494.6735768077,1496077.7143824457
2019,7,ANCHOVETA,144208.01864597673,159.82,3,3,0.4281265912292842,2019-07-01,4331.212000000001,57.192,4274.020000000001,4,0.01320461801454188,0.986795381985458,1072997.1290909098,686.059545454546,1564,0.7419869289732833,194353.85316763338,1446113.2496978869
2019,7,SARDINA COMUN,131933.6821481073,870.72,3,4,0.8453466073067211,2019-07-01,7664.082999999995,900.633,6763.449999999995,4,0.1175134716051484,0.8824865283948516,1072997.1290909098,686.059545454546,1564,0.7419869289732833,177811.32927862916,1446113.2496978869
2019,11,ANCHOVETA,156987.77689587235,4826.669999999998,2,2,0.01121645702629904,2019-11-01,28448.712000000003,505.0139999999999,27943.698000000004,3,0.01775173512248989,0.9822482648775102,1014668.4551,776.53,1306.67,0.7501680887239336,209270.13459465455,1352588.1337154615
2019,11,SARDINA COMUN,144045.9487775222,16226.469999999998,3,4,0.7866339903316869,2019-11-01,47715.96300000003,2180.071,45535.89200000002,4,0.04568850470438998,0.9543114952956098,1014668.4551,776.53,1306.67,0.7501680887239336,192018.23023763942,1352588.1337154615
2019,12,ANCHOVETA,153883.698178318,1953.14,2,3,0.03372582120637617,2019-12-01,8315.577999999998,0,8315.577999999998,3,0,1,1084709.824,770.3905,1408,0.7509182568126574,204927.36297488853,1444511.189012972
2019,12,SARDINA COMUN,142656.4147247565,15195.089999999997,3,5,0.7815137457635107,2019-12-01,30366.25699999999,0,30366.25699999999,4,0,1,1084709.824,770.3905,1408,0.7509182568126574,189975.9573435795,1444511.189012972
2020,1,JUREL,243687.17528821412,20535.95,1,2,NA,2020-01-01,80473.19799999999,69904.875,10568.323,2,0.8686727598423516,0.13132724015764854,1216920.1704545452,772.647727272727,1575,0.7554237663535334,322583.41098335275,1610910.6234884255
2020,2,ANCHOVETA,124176,1714.996,1,1,NA,2020-02-01,2591.6190000000006,0,2591.6190000000006,5,0,1,1343890.40625,796.3795,1687.5,0.7584454614189474,163724.36294586526,1771901.1776216123
2020,2,JUREL,199335.1829079683,4969.614000000001,3,3,0.26883276463021183,2020-02-01,102478.11599999994,99736.36499999992,2741.751,3,0.973245497604581,0.02675450239541876,1343890.40625,796.3795,1687.5,0.7584454614189474,262820.72086638835,1771901.1776216123
2020,2,SARDINA COMUN,124176,5300.462,1,1,NA,2020-02-01,6170.065,0,6170.065,5,0,1,1343890.40625,796.3795,1687.5,0.7584454614189474,163724.36294586526,1771901.1776216123
2020,3,ANCHOVETA,134965.90688483568,1686.46,2,3,0.00771308400784009,2020-03-01,7767.468999999997,0,7767.468999999997,4,0,1,1372378.8681818172,839.375454545454,1635,0.7607207978032042,177418.45270247347,1804050.6742354727
2020,3,JUREL,135341.9363805755,2965.698,2,2,0.08818115508467962,2020-03-01,77125.61100000002,74999.18800000002,2126.4229999999993,2,0.972429093624944,0.02757090637505612,1372378.8681818172,839.375454545454,1635,0.7607207978032042,177912.75954517545,1804050.6742354727
2020,3,SARDINA COMUN,134610.29083564138,16180.565,2,4,0.00143195464089166,2020-03-01,35224.99100000004,0,35224.99100000004,5,0,1,1372378.8681818172,839.375454545454,1635,0.7607207978032042,176950.98020767482,1804050.6742354727
2020,4,ANCHOVETA,158025.99642539743,6233.699999999998,3,4,0.23712047838680889,2020-04-01,53235.635999999984,0,53235.635999999984,4,0,1,1427984.7617523817,853.379047619048,1673.33,0.7607207978032042,207731.92593359094,1877146.9977895836
2020,4,JUREL,184527.939377391,11664.625,2,3,0.30399829878939727,2020-04-01,60908.149999999965,60896.64699999997,11.503,2,0.999811141858684,1.8885814131606372e-4,1427984.7617523817,853.379047619048,1673.33,0.7607207978032042,242569.86257016697,1877146.9977895836
2020,4,SARDINA COMUN,147136.51150593703,41298.201,3,5,0.20624793628030996,2020-04-01,104305.04799999992,5.725,104299.3229999999,4,5.488708465960347e-5,0.9999451129153402,1427984.7617523817,853.379047619048,1673.33,0.7607207978032042,193417.23261784768,1877146.9977895836
2020,5,ANCHOVETA,169625.7193202451,3286.361,2,3,0.13019594232654988,2020-05-01,41502.43499999997,5.041,41497.39399999997,3,1.2146275272764128e-4,0.9998785372472724,1382687.3552631584,821.8052631578951,1682.5,0.759960077005401,223203.4608826426,1819421.042104731
2020,5,JUREL,180163,2794.6610000000005,1,1,NA,2020-05-01,66974.86999999998,66967.25999999998,7.609999999999999,2,0.9998863752927032,1.1362470729693097e-4,1382687.3552631584,821.8052631578951,1682.5,0.759960077005401,237069.03224433406,1819421.042104731
2020,5,SARDINA COMUN,156196.38603595077,16297.565,2,4,0.04437890093280633,2020-05-01,37355.82299999999,45.374,37310.44899999999,4,0.00121464329670905,0.998785356703291,1382687.3552631584,821.8052631578951,1682.5,0.759960077005401,205532.3572409721,1819421.042104731
2020,6,ANCHOVETA,162337.76491732852,1513.944,2,2,0.11615437445092744,2020-06-01,13609.637,0,13609.637,3,0,1,1289791.9047619046,793.7180952380951,1625,0.7592001169283956,213827.37080457996,1698882.647674239
2020,6,JUREL,172458,2337.03,1,1,NA,2020-06-01,51820.874,51810.274,10.6,2,0.9997954492238011,2.045507761987959e-4,1289791.9047619046,793.7180952380951,1625,0.7592001169283956,227157.49926085098,1698882.647674239
2020,6,SARDINA COMUN,149156.28802496206,4610.523999999999,2,3,0.0316067480807189,2020-06-01,8706.608999999997,0,8706.608999999997,4,0,1,1289791.9047619046,793.7180952380951,1625,0.7592001169283956,196465.0488048197,1698882.647674239
2020,7,ANCHOVETA,174124,852.523,1,1,NA,2020-07-01,6638.683,0,6638.683,3,0,1,1130009.890909091,784.729090909091,1440,0.7599593170453239,229122.79130543937,1486934.7155351704
2020,7,SARDINA COMUN,170707.4114135837,834.97,1,2,NA,2020-07-01,4312.121,0,4312.121,4,0,1,1130009.890909091,784.729090909091,1440,0.7599593170453239,224627.039349006,1486934.7155351704
2020,11,ANCHOVETA,191823,3814.970999999999,1,1,NA,2020-11-01,35925.03799999997,538.307,35386.73099999997,3,0.01498417343358135,0.9850158265664186,1188193.0166666668,762.884761904762,1557.5,0.7698699365875226,249162.8661982343,1543368.5096646026
2020,11,SARDINA COMUN,156229.01400003047,4136.991,1,2,NA,2020-11-01,30231.040000000008,1163.963,29067.077000000005,4,0.03850224802057751,0.9614977519794224,1188193.0166666668,762.884761904762,1557.5,0.7698699365875226,202929.10084594478,1543368.5096646026
2020,12,ANCHOVETA,263052,243.29,1,1,NA,2020-12-01,6567.447,768.6700000000001,5798.777,3,0.11704243673378711,0.8829575632662129,1128549.8879999998,734.733,1536,0.772179546397285,340661.70390980574,1461512.278155271
2020,12,SARDINA COMUN,130000,1942.78,1,1,NA,2020-12-01,27299.390999999992,2843.7300000000005,24455.660999999993,4,0.10416825781937776,0.8958317421806222,1128549.8879999998,734.733,1536,0.772179546397285,168354.62763360378,1461512.278155271
2021,1,JUREL,240000,13459.005,1,1,NA,2021-01-01,90400.38299999996,76789.71599999999,13610.666999999998,2,0.8494401622170119,0.15055983778298818,1163116.27,723.556,1607.5,0.7775848032220659,308648.0072726676,1495806.3290079918
2021,3,ANCHOVETA,150719.2315607189,11630.185000000003,1,2,NA,2021-03-01,56042.23800000011,0,56042.23800000011,4,0,1,1181557.9226695658,726.366086956522,1626.67,0.782256532719824,192672.3846417542,1510448.1372132653
2021,3,SARDINA COMUN,144425.82069892983,44265.95999999999,1,3,NA,2021-03-01,184713.50999999992,0,184713.50999999992,5,0,1,1181557.9226695658,726.366086956522,1626.67,0.782256532719824,184627.18386866825,1510448.1372132653
2021,4,ANCHOVETA,170640.079964694,3680.961999999999,1,2,NA,2021-04-01,48236.96999999999,0,48236.96999999999,3,0,1,1144939.672619047,707.845238095238,1617.5,0.7853855588507033,217269.1845956536,1457805.8632686073
2021,4,SARDINA COMUN,147596.76470616524,17259.547000000002,1,3,NA,2021-04-01,95610.4170000002,0,95610.4170000002,4,0,1,1144939.672619047,707.845238095238,1617.5,0.7853855588507033,187929.05349845174,1457805.8632686073
2021,5,ANCHOVETA,168692.22417211713,4515.343000000001,1,2,NA,2021-05-01,41749.39,0,41749.39,3,0,1,1216183.09625,712.2595,1707.5,0.7877417155272554,214146.61791677133,1543885.6065099689
2021,5,SARDINA COMUN,151221.00129293575,2971.5319999999992,1,3,NA,2021-05-01,20628.11200000001,0,20628.11200000001,4,0,1,1216183.09625,712.2595,1707.5,0.7877417155272554,191967.7456610505,1543885.6065099689
2021,6,ANCHOVETA,189262,935.9459999999998,1,1,NA,2021-06-01,15501.417000000009,0,15501.417000000009,4,0,1,1209696.5925,726.5445,1665,0.7885294572427826,240018.93431069067,1534117.18660441
2021,6,SARDINA COMUN,176852.7157586326,394.552,1,2,NA,2021-06-01,5552.879000000003,0,5552.879000000003,4,0,1,1209696.5925,726.5445,1665,0.7885294572427826,224281.68552767322,1534117.18660441
2021,11,SARDINA COMUN,130000,429.833,1,1,NA,2021-11-01,19248.929999999986,0,19248.929999999986,3,0,1,1389588.342857143,812.624761904762,1710,0.8221824202250634,158115.7621497355,1690121.6915788085
2022,3,ANCHOVETA,140000,12078.883,1,1,NA,2022-03-01,91966.47199999982,0,91966.47199999982,3,0,1,1440135.6791304352,799.187391304348,1802,0.8572043142859221,163321.62317291222,1680037.8336057642
2022,4,ANCHOVETA,140000,7875.876,1,1,NA,2022-04-01,59670.83800000008,33.85,59636.98800000008,3,5.672787769462859e-4,0.9994327212230536,1483523.86,815.123,1820,0.8692051746859251,161066.6895196373,1706759.1210970993
2022,5,ANCHOVETA,140000,1717.598,1,1,NA,2022-05-01,23351.412000000004,0,23351.412000000004,3,0,1,1518284.625,849.39,1787.5,0.8796356367821562,159156.80782572855,1726038.102042024
2022,6,ANCHOVETA,140000,582.977,1,1,NA,2022-06-01,15566.766000000003,0,15566.766000000003,3,0,1,1528545.249,857.7695,1782,0.8875523575131954,157737.1732663316,1722202.905621007
2022,11,ANCHOVETA,140000,2157.399,1,1,NA,2022-11-01,22373.05500000001,521.786,21851.26900000001,4,0.02332207201922132,0.9766779279807788,1600257.2357142852,917.0528571428569,1745,0.9328053992152403,150084.89457477472,1715531.703676421
2022,11,JUREL,245000,460.799,1,1,NA,2022-11-01,2653.804,802.2579999999999,1851.546,3,0.30230491777086776,0.6976950822291321,1600257.2357142852,917.0528571428569,1745,0.9328053992152403,262648.5655058558,1715531.703676421
2022,11,SARDINA COMUN,140000,852.051,1,1,NA,2022-11-01,18881.94899999999,24.244,18857.704999999987,4,0.00128397762328454,0.9987160223767152,1600257.2357142852,917.0528571428569,1745,0.9328053992152403,150084.89457477472,1715531.703676421
2022,12,ANCHOVETA,140000,22.916,1,1,NA,2022-12-01,1273.6409999999998,0,1273.6409999999998,3,0,1,1613406.182142856,875.661428571428,1842.5,0.935603815412886,149635.98661492995,1724454.4705398118
2022,12,JUREL,245000,1804.84,1,1,NA,2022-12-01,55399.36,44259.238999999994,11140.121,3,0.7989124603605527,0.2010875396394471,1613406.182142856,875.661428571428,1842.5,0.935603815412886,261862.97657612743,1724454.4705398118
2022,12,SARDINA COMUN,140000,121.379,1,1,NA,2022-12-01,14344.204,0,14344.204,4,0,1,1613406.182142856,875.661428571428,1842.5,0.935603815412886,149635.98661492995,1724454.4705398118
2023,1,JUREL,290000,12740.93,1,1,NA,2023-01-01,98336.59599999996,80260.95099999996,18075.644999999993,4,0.8161859802427979,0.18381401975720213,1617138.992857142,826.335714285714,1957,0.943088645936189,307500.2559405448,1714726.393775883
2023,2,JUREL,290000,21805.724,1,1,NA,2023-02-01,116416.41099999996,110197.18599999994,6219.2249999999985,4,0.946577763851524,0.05342223614847567,1508507.1106250002,798.2575,1889.75,0.9421455572902528,307808.0640045494,1601140.1836502687
2023,3,ANCHOVETA,160000,5684.968,1,1,NA,2023-03-01,38083.561,0,38083.561,3,0,1,1542104.9543478256,809.503913043478,1905,0.9525091584204455,167977.38749864564,1618992.259250412
2023,3,JUREL,290000,1290.983,1,1,NA,2023-03-01,95917.841,95017.979,899.8619999999999,5,0.9906184085190156,0.00938159148098422,1542104.9543478256,809.503913043478,1905,0.9525091584204455,304459.0148412952,1618992.259250412
2023,3,SARDINA COMUN,160000,23587.057,1,1,NA,2023-03-01,206754.27699999977,0,206754.27699999977,5,0,1,1542104.9543478256,809.503913043478,1905,0.9525091584204455,167977.38749864564,1618992.259250412
2023,4,ANCHOVETA,160000,8346.734,1,1,NA,2023-04-01,47399.75199999994,0,47399.75199999994,3,0,1,1609683.2763157892,803.836842105263,2002.5,0.9553666858957068,167474.96261081318,1684885.2907264878
2023,4,JUREL,290000,5806.167,1,1,NA,2023-04-01,93841.48000000004,93026.96200000004,814.518,4,0.99132027755743,0.00867972244257016,1609683.2763157892,803.836842105263,2002.5,0.9553666858957068,303548.3697320989,1684885.2907264878
2023,4,SARDINA COMUN,160000,8931.275,1,1,NA,2023-04-01,101672.79099999995,0,101672.79099999995,3,0,1,1609683.2763157892,803.836842105263,2002.5,0.9553666858957068,167474.96261081318,1684885.2907264878
2023,5,ANCHOVETA,160000,4273.753,1,1,NA,2023-05-01,43375.229999999945,0,43375.229999999945,3,0,1,1677134.4545454555,798.635454545455,2100,0.9563220525816024,167307.65495585735,1753733.9539729443
2023,5,JUREL,290000,15996.909,1,1,NA,2023-05-01,91945.899,90676.806,1269.0930000000003,2,0.9861973941872058,0.01380260581279433,1677134.4545454555,798.635454545455,2100,0.9563220525816024,303245.1246074914,1753733.9539729443
2023,5,SARDINA COMUN,160000,3444.954,1,1,NA,2023-05-01,40972.838999999985,0,40972.838999999985,3,0,1,1677134.4545454555,798.635454545455,2100,0.9563220525816024,167307.65495585735,1753733.9539729443
2023,6,ANCHOVETA,160000,2334.221,1,1,NA,2023-06-01,27267.95599999998,944.661,26323.29499999998,3,0.03464363078772756,0.9653563692122724,1679732.25,799.8725,2100,0.9544094084764392,167642.94083753243,1759970.3388102825
2023,6,JUREL,290000,4613.623,1,1,NA,2023-06-01,78424.89100000003,77007.56400000004,1417.3269999999998,3,0.9819275872503286,0.01807241274967152,1679732.25,799.8725,2100,0.9544094084764392,303852.8302680275,1759970.3388102825
2023,6,SARDINA COMUN,160000,525.281,1,1,NA,2023-06-01,8954.294999999998,638.999,8315.295999999998,4,0.07136229038690373,0.9286377096130964,1679732.25,799.8725,2100,0.9544094084764392,167642.94083753243,1759970.3388102825
2023,11,ANCHOVETA,160000,2089.618,1,1,NA,2023-11-01,24344.917999999983,0,24344.917999999983,3,0,1,1961634.1071428575,886.6142857142859,2212.5,0.9765515105272661,163841.84374832595,2008735.9304617932
2023,11,JUREL,290000,3132.814,1,1,NA,2023-11-01,38856.918000000005,21617.58100000001,17239.336999999996,2,0.5563380245443039,0.443661975455696,1961634.1071428575,886.6142857142859,2212.5,0.9765515105272661,296963.34179384075,2008735.9304617932
2023,12,ANCHOVETA,160000,312.398,1,1,NA,2023-12-01,5020.911999999998,0,5020.911999999998,3,0,1,1836798.1578947364,874.665789473684,2100,0.9716687529746298,164665.16959630745,1890354.251149512
2024,1,JUREL,300000,20710.696,1,1,NA,2024-01-01,143748.73200000008,117458.11900000006,26290.612999999987,2,0.8171071658566004,0.1828928341433994,1884980.6345454543,907.986818181818,2076,0.9784704342454522,306600.9860904434,1926456.4043767534
2024,3,ANCHOVETA,190000,2137.582,1,1,NA,2024-03-01,37704.742000000006,0,37704.742000000006,3,0,1,1974582.3,967.9325,2040,0.9882786218783286,192253.47568369412,1998001.6326236993
2024,3,JUREL,300000,9308.235,1,1,NA,2024-03-01,104571.62199999996,101778.46599999996,2793.155999999999,3,0.9732895412103292,0.02671045878967048,1974582.3,967.9325,2040,0.9882786218783286,303558.1195005697,1998001.6326236993
2024,3,SARDINA COMUN,190000,3112.291,1,1,NA,2024-03-01,63773.90400000001,0,63773.90400000001,3,0,1,1974582.3,967.9325,2040,0.9882786218783286,192253.47568369412,1998001.6326236993
2024,4,ANCHOVETA,190000,1276.102,1,1,NA,2024-04-01,22415.663,360.381,22055.281999999996,3,0.016077195664478,0.9839228043355218,1838664.6181818184,960.138181818182,1915,0.9932200149877201,191296.99073004397,1851215.8337894059
2024,4,JUREL,300000,19174.806,1,1,NA,2024-04-01,122787.62799999988,120360.37499999988,2427.2529999999992,3,0.9802321044918304,0.01976789550816961,1838664.6181818184,960.138181818182,1915,0.9932200149877201,302047.8801000694,1851215.8337894059
2024,4,SARDINA COMUN,190000,498.119,1,1,NA,2024-04-01,10462.345,128.686,10333.659,4,0.01229991937753916,0.9877000806224608,1838664.6181818184,960.138181818182,1915,0.9932200149877201,191296.99073004397,1851215.8337894059
2024,5,ANCHOVETA,190000,3197.828,1,1,NA,2024-05-01,37413.006000000016,459.7759999999999,36953.23000000002,3,0.01228920231643508,0.987710797683565,1688893.9428571428,917.8771428571428,1840,0.9961996750326831,190724.81628120036,1695336.7735255824
2024,5,JUREL,300000,9106.494,1,1,NA,2024-05-01,85034.45199999998,83259.93499999995,1774.5170000000005,4,0.9791317876664858,0.02086821233351396,1688893.9428571428,917.8771428571428,1840,0.9961996750326831,301144.44675979007,1695336.7735255824
2024,5,SARDINA COMUN,190000,262.32,1,1,NA,2024-05-01,9202.514,265.264,8937.249999999998,4,0.0288251666881463,0.9711748333118536,1688893.9428571428,917.8771428571428,1840,0.9961996750326831,190724.81628120036,1695336.7735255824
2024,6,ANCHOVETA,190000,47.861,1,1,NA,2024-06-01,2877.019,0,2877.019,3,0,1,1720195.5552631582,926.081052631579,1857.5,0.9952034753576505,190915.73201321356,1728486.2823102223
2024,6,SARDINA COMUN,190000,2.792,1,1,NA,2024-06-01,954.9939999999996,0,954.9939999999996,3,0,1,1720195.5552631582,926.081052631579,1857.5,0.9952034753576505,190915.73201321356,1728486.2823102223
