ANIO,MES,NM_RECURSO,Precio_Real,Q_Mercado,D_Shock,P_Harina,P_Diesel,SST,Viento
2012,1,JUREL,312643.2224435449,67118.57,0,1057021.5945932628,1085.2772247008684,14.795716313599025,6.030405856426803
2012,2,ANCHOVETA,103744.75462153528,255.91999999999993,0,1025222.7448076092,1086.1406487877186,14.42879835738546,5.873971982520215
2012,2,JUREL,348046.91873031197,40430.758999999976,0,1025222.7448076092,1086.1406487877186,14.428798357385462,5.873971982520215
2012,2,SARDINA COMUN,113555.75225298511,31719.280999999995,0,1025222.7448076092,1094.3048029125805,14.500656055112945,6.28733197940588
2012,3,ANCHOVETA,109683.96798950876,6355.603999999999,0,1051743.4315768327,1090.9865461697411,14.223894510824909,8.812925412967449
2012,3,JUREL,98527.79155673462,258.15,0,1051743.4315768327,1047.400523125152,15.146481467425945,6.151968592924904
2012,3,SARDINA COMUN,109839.98691752457,240028.97099999973,0,1051743.4315768327,1092.8630723778647,14.252630249528877,8.892950132677912
2012,4,ANCHOVETA,118590.68787157748,30507.76999999999,0,1131055.7965422478,1132.1748697131027,11.912684948465799,6.832244145969045
2012,4,SARDINA COMUN,116858.57543259389,184713.7390000001,0,1131055.7965422478,1134.3406923808286,11.904036243613557,6.766417911268023
2012,5,ANCHOVETA,121148.14942393542,10695.451000000001,0,1267153.9330491985,1104.4803060140418,12.828071566284894,5.78718209432984
2012,5,SARDINA COMUN,124458.97562670255,59107.98200000002,0,1267153.9330491985,1109.9270985344033,12.848021597552457,5.810926670445578
2012,6,ANCHOVETA,129188.58650582633,2724.8869999999997,0,1391792.8491672997,1061.8836002285188,12.394080488881325,7.756925574723804
2012,6,SARDINA COMUN,138527.85396435187,31133.369,0,1391792.8491672997,1065.4509356636338,12.251765831289939,7.723835780764683
2012,7,ANCHOVETA,127467.17124647068,1925.8370000000011,0,1403489.4926374962,989.9326908571468,11.49877413156588,6.6231984945734235
2012,7,SARDINA COMUN,129897.67868205515,43550.827000000034,0,1403489.4926374962,990.6697216320334,11.446844058199238,6.53781388170252
2012,8,ANCHOVETA,143428.28647319897,296.47,0,1347849.7331682802,1027.2011726145931,11.05414261259878,7.614961336573437
2012,8,SARDINA COMUN,135318.5043789122,19685.511999999995,0,1347849.7331682802,1033.3912973924607,10.934742117286168,7.5396998846245635
2012,8,SARDINA ESPAÃ‘OLA,NA,0,0,1347849.7331682802,NA,NA,NA
2012,9,ANCHOVETA,139164.5223831617,34.339,0,1255098.261373173,1084.3235702354682,11.936941782041238,6.587973329492103
2012,9,JUREL,376075.55453544884,1569.272,0,1255098.261373173,1084.3235702354682,11.93694178204124,6.587973329492103
2012,9,SARDINA COMUN,139164.5223831617,197.57700000000003,0,1255098.261373173,1084.3235702354682,11.936941782041238,6.587973329492103
2012,10,ANCHOVETA,140942.5073499856,7325.408999999993,0,1291696.0662743684,1053.9151334355827,12.615990224583177,4.898172010487093
2012,10,SARDINA COMUN,137166.264577253,50719.88599999997,0,1291696.0662743684,1059.804544728717,12.407134072924089,5.000055433944801
2012,11,ANCHOVETA,140927.4089845197,7063.538,0,1312409.11519988,1061.6592306851344,13.231104156195855,6.256188612997343
2012,11,SARDINA COMUN,142030.04411344073,108432.35500000001,0,1312409.11519988,1068.9311537934602,12.94606736853196,6.126452929968729
2012,12,ANCHOVETA,157706.52722035526,4562.525,0,1666272.1212076382,1044.3775921139238,15.152736381542113,7.505496836114468
2012,12,JUREL,248267.25644546523,5548.63,0,1666272.1212076382,1044.3775921139238,15.152736381542113,7.5054968361144665
2012,12,SARDINA COMUN,150556.87046576527,59254.41800000001,0,1666272.1212076382,1051.573111881054,14.855257110650502,8.31525825374905
2013,1,JUREL,300248.9308934414,36664.33799999999,0,1620075.8618261798,1038.8419000989497,14.062866605351454,7.341195604474525
2013,2,ANCHOVETA,165968.53852524672,241.77800000000005,0,1638782.2604421587,1079.501609732347,13.16848606820372,7.09724309919759
2013,2,JUREL,265802.97523311933,35920.64900000001,0,1638782.2604421587,1058.195374416134,14.190594317575732,7.537686762928127
2013,2,SARDINA COMUN,161034.7126877399,10199.367000000004,0,1638782.2604421587,1078.8277700662195,13.200811679522719,7.111172749692455
2013,3,ANCHOVETA,148783.64883563554,21593.647,0,1694860.7908920145,1092.964487014752,12.828306044795994,5.837719772826517
2013,3,SARDINA COMUN,180143.11944834125,67093.47399999999,0,1694860.7908920145,1100.0448762761332,12.825463649001696,5.6779001782757
2013,4,ANCHOVETA,142800.22909680413,7411.324999999996,0,1688479.4566859521,1025.8901765393289,13.431526891718569,5.211756535863509
2013,4,SARDINA COMUN,209459.96382915013,22508.35499999999,0,1688479.4566859521,1037.839228736743,13.360933255883738,5.428963309402488
2013,5,ANCHOVETA,155813.94074188487,3398.4030000000002,0,1568550.242773385,987.8203952819644,13.65296231162536,5.871996895098422
2013,5,SARDINA COMUN,203488.61147281734,19155.300000000003,0,1568550.242773385,994.3043065196667,13.569585588342482,6.033604104295803
2013,6,ANCHOVETA,169432.63746180295,2837.737000000001,0,1476002.8919913827,1014.4309441755977,11.675278429329108,8.27390172027465
2013,6,SARDINA COMUN,257975.1374257366,10034.972999999998,0,1476002.8919913827,1014.6116498488394,11.676198994557806,8.268020450306343
2013,7,ANCHOVETA,164192.66730525045,750.4,0,1321010.8553860474,1047.6750883127809,11.064267012065827,8.163749894036757
2013,7,SARDINA COMUN,253302.6314285887,33622.66,0,1321010.8553860474,1044.2548781223677,11.117888568598675,8.26325877144916
2013,10,ANCHOVETA,156717.22347978078,1002.1560000000004,0,1183411.1337202091,1043.5122061613197,11.735380178645077,6.641434997985444
2013,10,SARDINA COMUN,200874.0866295407,13009.034999999998,0,1183411.1337202091,1045.7917010232593,11.690708724590587,6.662816900393884
2013,11,ANCHOVETA,146823.37867947767,2307.5280000000007,0,1255702.6300791097,1034.402687972642,12.651557390298974,8.24908233969501
2013,11,SARDINA COMUN,315549.78821625834,33983.562000000005,0,1255702.6300791097,1032.7119914015184,12.691473824480719,8.259006760167363
2013,12,ANCHOVETA,189053.74734538,3173.854999999999,0,1236552.6973690118,1036.5525460398562,12.604085895262807,6.502423117477128
2013,12,JUREL,332201.97967725794,7766.394000000002,0,1236552.6973690118,1032.8827241542294,12.616652161372876,6.319683121324654
2013,12,SARDINA COMUN,349810.15914466174,23962.663,0,1236552.6973690118,1041.8901266270072,12.58580886162671,6.768209710494003
2014,1,JUREL,304888.6237680615,31785.55400000002,0,1444360.4827478887,1080.6232117264715,13.320785023900624,7.369147254469575
2014,2,ANCHOVETA,141304.52698640546,672.1819999999999,0,1354436.5127985324,1110.9035898555758,13.887688044881244,6.982695325659864
2014,2,JUREL,351285.3374428974,39393.035000000025,0,1354436.5127985324,1087.0299019539812,13.495417758991307,8.151354568315622
2014,2,SARDINA COMUN,141328.5303179325,15976.711000000008,0,1354436.5127985324,1110.7662418527304,13.906180335142933,6.987417598132711
2014,3,ANCHOVETA,152190.47994808832,10654.141999999996,0,1429075.725937431,1109.0671106922903,12.340213748379865,6.712065730970949
2014,3,JUREL,348497.3585743029,25693.29000000001,0,1429075.725937431,1114.6726250386384,12.127348479452005,6.738190121297619
2014,3,SARDINA COMUN,142939.08749796913,196371.71999999965,0,1429075.725937431,1117.2836241370176,12.260868707352117,6.749040971214111
2014,4,ANCHOVETA,157570.39669889817,27781.180000000037,0,1417018.3281376678,1082.3781769030609,12.460551953532828,6.058575523345864
2014,4,JUREL,346418.8455012951,60962.31299999999,0,1417018.3281376678,1083.6991423099687,12.428685239530529,6.044764408026865
2014,4,SARDINA COMUN,145541.1494470072,119650.44299999997,0,1417018.3281376678,1087.0765152120089,12.485419692332394,6.115022347884014
2014,5,ANCHOVETA,159778.6068851327,9154.470000000001,0,1460495.2432645692,1105.670837207325,12.336987694857639,6.050865180562299
2014,5,JUREL,345382.697409068,40609.817,0,1460495.2432645692,1108.9870294315772,12.293166085874324,5.881731735877347
2014,5,SARDINA COMUN,151093.630174687,48240.69200000004,0,1460495.2432645692,1112.9891734274622,12.291765062028672,6.0253634107110745
2014,6,ANCHOVETA,158513.5495444768,1423.0660000000007,0,1635046.2429860677,1082.3484922651905,12.157374095232347,7.607146232405676
2014,6,JUREL,345037.6597493188,18459.384,0,1635046.2429860677,1081.5957172659093,12.134329440129491,7.708535877211984
2014,6,SARDINA COMUN,151459.43358873087,42361.61700000003,0,1635046.2429860677,1086.5704325221966,12.10192609847885,7.4630405546343255
2014,7,ANCHOVETA,150677.71435958953,1962.9820000000009,0,1665310.3883706836,1100.513374862909,11.655773300058195,8.177540658463755
2014,7,SARDINA COMUN,151147.86174229297,41888.491999999984,0,1665310.3883706836,1106.5483311001974,11.523594235446257,7.598582692208121
2014,8,JUREL,343319.0048112337,966.558,0,1707868.9161217,1082.1006062302663,11.815307907487448,6.423407696122309
2014,8,SARDINA COMUN,185798.00324011585,36.909000000000006,0,1707868.9161217,1091.7098484159815,10.396593126934022,6.649700055017784
2014,10,ANCHOVETA,164996.60821390542,2288.398999999998,0,1899108.7839271273,1063.7822234857244,13.151103231233195,6.686254252593593
2014,10,JUREL,337222.03049979743,1155.45,0,1899108.7839271273,1063.7822234857244,13.151103231233195,6.686254252593593
2014,10,SARDINA COMUN,161250.74394028488,32344.136000000024,0,1899108.7839271273,1067.1509312618393,13.076080558848622,6.751846094327012
2014,11,ANCHOVETA,183644.12979323938,2810.5949999999993,0,2170450.2065161746,1035.8798534582704,13.16600355341445,6.77956138096304
2014,11,SARDINA COMUN,172019.1415958129,44138.743999999984,0,2170450.2065161746,1045.0445920106317,13.1521441144336,6.74960447541827
2014,12,ANCHOVETA,176259.76247326483,334.15800000000013,0,2267626.206952448,1006.1236287226742,13.497933793286085,7.31372433635293
2014,12,JUREL,338576.33584317006,16199.979000000008,0,2267626.206952448,1006.1236287226741,13.497933793286087,7.31372433635293
2014,12,SARDINA COMUN,191257.87356629974,5792.637999999999,0,2267626.206952448,1018.9114012365676,13.669285250866974,7.436588493959181
2015,2,JUREL,306264.1232754659,890.757,1,2208341.1484935316,789.158159026179,13.12357060058595,5.791323522953508
2015,2,SARDINA COMUN,153132.061637733,147.054,0,2208341.1484935316,789.158159026179,13.12357060058595,5.791323522953508
2015,3,JUREL,304437.49828575144,2339.782,1,2025017.5152360215,806.6019027857142,14.642687727334371,5.5925811227848
2015,3,SARDINA COMUN,182145.33644069705,59057.369999999995,0,2025017.5152360215,806.6019027857142,14.642687727334373,5.5925811227848
2015,4,SARDINA COMUN,170229.0340031822,94780.00800000007,0,1826814.194607886,815.7743685640852,14.14446633072713,6.4440290726531035
2015,5,JUREL,302017.73221524287,39832.279,1,1679070.936237037,812.4276996590033,13.164207308703372,6.527840079060266
2015,5,SARDINA COMUN,172719.24372278526,65080.8,0,1679070.936237037,812.4276996590033,13.164207308703372,6.527840079060266
2015,6,SARDINA COMUN,155992.21802410838,8938.752000000002,0,1590312.9851769635,837.7119050362065,13.00386910471492,6.8816992826940195
2015,7,ANCHOVETA,150304.18603799812,167.306,0,1572598.2685311507,801.6027439464219,12.146191886295135,7.6249898851092
2015,7,SARDINA COMUN,157008.65870119372,12821.135000000006,0,1572598.2685311507,840.5643274849152,11.850872688447751,7.366269807852309
2015,8,SARDINA COMUN,184313.8304305984,1768.215,0,1718082.2813909154,835.7770316652582,11.600658942173027,7.58323468684341
2015,10,ANCHOVETA,186883.09577291395,14.651000000000002,0,1869913.1188109638,787.3322985852412,12.170575949248542,7.860628911977458
2015,10,SARDINA COMUN,189780.67273838414,34046.121999999996,0,1869913.1188109638,773.2918254968771,12.803653134844954,7.052080554522538
2015,11,ANCHOVETA,169005.48144952962,163.42399999999998,0,2027189.352783252,744.5519687032205,13.590614123588912,7.151221290197627
2015,11,SARDINA COMUN,188124.18927229405,79734.6260000002,0,2027189.352783252,754.7554542453698,13.535585471362337,5.857205991572524
2015,12,ANCHOVETA,167298.70401773753,684.382,0,1908581.4801719936,735.4002803925256,14.5685671299474,5.5526316056813
2015,12,JUREL,259738.64900240788,9772.198,1,1908581.4801719936,752.6521854332724,13.419844199822425,5.787359592064063
2015,12,SARDINA COMUN,189378.0584709619,23550.10199999999,0,1908581.4801719936,757.1537201503252,13.592672218069199,5.434640215441347
2016,1,ANCHOVETA,172465.66361425095,114.417,0,1798714.369342342,684.8411836685275,16.757837272038863,7.195982002386692
2016,1,JUREL,573429.5158687268,63101.30599999995,1,1798714.369342342,692.9126628464802,15.5776818624418,6.804520899597863
2016,1,SARDINA COMUN,172465.66361425095,239.663,0,1798714.369342342,684.8411836685275,16.757837272038863,7.195982002386692
2016,2,ANCHOVETA,143002.19636249138,372.381,0,1712953.6634814772,622.2578271044038,16.879364896116073,7.020181961224337
2016,2,JUREL,592191.9940344637,16778.29599999999,1,1712953.6634814772,627.9586240953081,14.02113192175226,6.5275002959419854
2016,2,SARDINA COMUN,173573.45023264593,14091.814,0,1712953.6634814772,627.6467517547682,14.177496691265299,6.554453331515415
2016,3,ANCHOVETA,188137.88814136566,30316.91000000004,0,1697447.4204730464,577.3689741181217,13.012475154041681,6.257161587483905
2016,3,JUREL,290911.43704903213,23166.899999999994,1,1697447.4204730464,577.3366131725817,13.014229435963802,6.257119977338633
2016,3,SARDINA COMUN,174913.30805272624,33592.57300000001,0,1697447.4204730464,577.3961616474487,13.015048696549965,6.256795722814193
2016,4,ANCHOVETA,184529.076492469,7710.629000000009,0,1599074.3548024944,605.7845160557724,12.60962286103102,4.94223778840817
2016,4,JUREL,290202.92265020945,45311.535,1,1599074.3548024944,605.539491279946,12.56726686475942,4.96234772916299
2016,4,SARDINA COMUN,169340.52779513036,10562.439000000008,0,1599074.3548024944,605.3963947668818,12.783605089122004,4.8441070957013945
2016,5,ANCHOVETA,182958.37287220763,7397.781999999997,0,1750218.14288353,604.9957272410007,13.58554046450449,4.158301093149513
2016,5,JUREL,289659.21449702076,42376.958999999995,1,1750218.14288353,605.6752373184898,13.53529155209982,3.8832310086258164
2016,5,SARDINA COMUN,167746.0611526078,12876.458000000004,0,1750218.14288353,604.515093245082,13.621082741741748,4.35286485057144
2016,6,ANCHOVETA,144234.89805757484,263.46700000000004,0,1888063.9523967286,634.6335514533293,12.91169927814044,6.5196029690991315
2016,6,JUREL,288469.7961151497,35130.141,1,1888063.9523967286,641.8452963562081,12.720149895090325,5.464590553519893
2016,6,SARDINA COMUN,172642.96722571875,25296.141999999993,0,1888063.9523967286,641.7355687453653,12.723064343180702,5.480642700861484
2016,7,ANCHOVETA,143947.0040494759,319.473,0,1662772.8295797573,651.0192662090243,12.379240234968282,6.505519809777079
2016,7,JUREL,287894.0080989518,8906.078,1,1662772.8295797573,674.1860753945809,11.478890988767777,6.248123649040715
2016,7,SARDINA COMUN,180822.92127894078,14590.209,0,1662772.8295797573,673.3171197251947,11.51266187087964,6.257778230789916
2016,10,SARDINA COMUN,174361.5640930242,16075.666,0,1503977.7212069544,665.9160961166608,13.232296290222749,5.254535320421671
2016,11,SARDINA COMUN,174719.89069537973,51071.78700000003,0,1516984.5414912235,698.2448318304089,13.485747116116375,6.964306232434714
2016,12,JUREL,287033.48515714874,25606.500000000004,1,1520027.9445221594,684.0110463253839,14.488916347307098,5.660734000435185
2016,12,SARDINA COMUN,171841.26539978056,14429.217000000004,0,1520027.9445221594,684.0110463253839,14.4889163473071,5.660734000435185
2017,1,JUREL,330161.1499634234,16891.037999999997,1,1457614.1277380935,711.1065891162269,14.397600033225736,5.333323595397599
2017,2,SARDINA COMUN,142517.69354681124,7532.133000000001,0,1372739.2977507801,712.3245460793399,14.75604576776623,5.2257992142719605
2017,3,ANCHOVETA,141906.45528360916,13093.250000000004,0,1408803.1793667038,719.2881638386717,14.989102307446466,3.3581783717264333
2017,3,JUREL,340679.74553022604,38018.313,1,1408803.1793667038,719.4230922585823,14.984708407990837,3.344342282964591
2017,3,SARDINA COMUN,147321.23480819198,159676.0219999997,0,1408803.1793667038,719.349714755498,14.987097922157465,3.351866699588381
2017,4,ANCHOVETA,179589.00770366212,5884.424999999999,0,1379519.0070721724,699.4448436481326,14.637866346362676,6.307626208252369
2017,4,JUREL,339999.74603814975,53284.05500000005,1,1379519.0070721724,701.3019453002946,14.594789635619293,6.264154193101922
2017,4,SARDINA COMUN,162106.29276512412,28049.017999999982,0,1379519.0070721724,700.5477860543227,14.61228286204304,6.281807950573182
2017,5,ANCHOVETA,148813.67047754428,8351.587,0,1327390.3944693676,702.4272830929384,14.692571485548001,4.960114086988169
2017,5,JUREL,339455.0264371402,70295.02900000004,1,1327390.3944693676,707.3957342305474,14.499749298194722,4.227876915517906
2017,5,SARDINA COMUN,155035.59185919072,20255.11300000003,0,1327390.3944693676,706.5375297696653,14.5330556258128,4.354356816310876
2017,6,ANCHOVETA,169263.11799176864,1680.246,0,1327920.3644235432,694.5837983218098,13.279621606543616,7.505558368768799
2017,6,JUREL,341024.18268292927,28097.368999999977,1,1327920.3644235432,700.0468638963464,13.17292545588257,8.095132332127656
2017,6,SARDINA COMUN,149066.35644205965,9127.382000000001,0,1327920.3644235432,698.9805110626223,13.193751810802267,7.980051548648133
2017,7,JUREL,340343.4956915462,39116.927,1,1332359.2945876513,677.3780962860912,11.903288178335384,9.19698501427731
2017,7,SARDINA COMUN,138313.7464010471,10521.101999999995,0,1332359.2945876513,677.3780962860912,11.903288178335384,9.19698501427731
2017,8,JUREL,339664.1673568325,19115.254000000008,1,1343955.4947678747,679.2194679933583,11.625042333685917,6.167915455762454
2017,10,ANCHOVETA,133916.3412100007,2871.225,0,1318954.0063020643,740.7427091959026,12.179361625572216,5.793590472013146
2017,10,SARDINA COMUN,150049.69194024478,14886.659,0,1318954.0063020643,740.7427091959026,12.179361625572218,5.793590472013146
2017,11,ANCHOVETA,135248.5338466763,15138.645000000006,0,1392292.6707351587,744.2274188678771,12.614493046400066,8.820723801163012
2017,11,SARDINA COMUN,188631.1727614933,21539.331000000027,0,1392292.6707351587,744.2274188678771,12.614493046400066,8.820723801163012
2017,12,ANCHOVETA,136506.18274882052,4299.402000000001,0,1601678.1981076738,774.9552571489018,12.806856115276997,7.287419905206048
2017,12,SARDINA COMUN,142821.05618718776,6915.819000000007,0,1601678.1981076738,774.9552571489018,12.806856115276995,7.287419905206048
2018,1,JUREL,311448.3090527018,47351.376999999986,0,1629160.3168724142,774.2104949604528,13.304964466344,6.78514782028861
2018,2,ANCHOVETA,301761.67031158315,380.598,0,1673730.159711007,781.157806707905,13.777141502884392,5.54783713142763
2018,2,JUREL,319872.3433994636,50823.719999999994,0,1673730.159711007,781.1578067079049,13.777141502884392,5.54783713142763
2018,2,SARDINA COMUN,244207.88568292925,6600.905,0,1673730.159711007,781.157806707905,13.77714150288439,5.54783713142763
2018,3,ANCHOVETA,179669.31219198086,13957.846000000005,0,1462666.7043805635,744.6392979211387,14.647411839945354,7.2376589481539595
2018,3,JUREL,321318.60124286445,41463.056,0,1462666.7043805635,746.7941017291888,14.631997822531995,7.343879364688255
2018,3,SARDINA COMUN,167079.1637570453,121562.18400000007,0,1462666.7043805635,746.2680919734603,14.635760542601497,7.317949869322668
2018,4,ANCHOVETA,201807.71354630968,10454.302999999996,0,1368687.2063165756,749.3255533613982,13.459250576132682,5.984850053291726
2018,4,JUREL,320357.52865689376,42699.91799999999,0,1368687.2063165756,751.0088409318937,13.406390587698956,5.978356319261833
2018,4,SARDINA COMUN,174730.60002051896,71307.17800000001,0,1368687.2063165756,749.7915510790359,13.444616930404985,5.983052341902468
2018,5,ANCHOVETA,203143.5290738439,6173.609,0,1349443.7884124222,788.0574145648285,12.808907732917527,5.581308834100291
2018,5,JUREL,319399.33066489914,65000.02299999998,0,1349443.7884124222,788.0574145648285,12.808907732917527,5.581308834100291
2018,5,SARDINA COMUN,153279.2151837426,25932.76699999997,0,1349443.7884124222,788.0574145648284,12.808907732917529,5.581308834100291
2018,6,ANCHOVETA,215738.48113785256,5222.4,0,1412046.5096164416,826.994113908712,11.446306362232336,7.40061463740991
2018,6,JUREL,319080.2504144847,48543.682000000015,0,1412046.5096164416,826.994113908712,11.446306362232336,7.40061463740991
2018,6,SARDINA COMUN,183327.4860150635,19177.497000000003,0,1412046.5096164416,826.994113908712,11.446306362232336,7.400614637409909
2018,7,ANCHOVETA,124360.04909623948,13.099,0,1442370.960901872,803.4677324065811,12.306010579314806,4.808780011731433
2018,7,JUREL,289582.00398902356,44127.09000000001,0,1442370.960901872,843.0973584883519,11.470466562946587,7.74216449283382
2018,7,SARDINA COMUN,142166.13640903655,1203.5580000000002,0,1442370.960901872,876.9235038480701,11.444315714286384,6.247447385161619
2018,8,JUREL,289830.7413173465,14828.783,0,1447973.302710086,839.5051167303334,11.045494884640792,6.128216421981095
2018,9,JUREL,274979.11918765656,468.268,0,1528324.674009249,877.4033735039745,11.816973540373146,7.3164440060913
2018,10,ANCHOVETA,189818.16019961724,1657.4020000000005,0,1490419.9410123574,900.789987754769,12.586032114606525,5.576409375109343
2018,10,SARDINA COMUN,164545.4704337702,12456.313999999997,0,1490419.9410123574,918.1976048890323,12.361983562598109,5.45139300965995
2018,11,ANCHOVETA,211801.629180239,15861.191000000032,0,1466135.749199992,922.1633403951756,14.09305428991247,6.629328636007735
2018,11,SARDINA COMUN,167732.0033187257,47184.30300000007,0,1466135.749199992,928.4930365155452,14.075054884924153,6.500571101463491
2018,12,ANCHOVETA,244421.60363539553,1186.8509999999999,0,1425661.2949503628,904.3937128865107,14.06917821083759,8.08975812533278
2018,12,JUREL,289699.9863774722,48925.97000000002,0,1425661.2949503628,903.507929765283,14.072167886994206,8.088104466284054
2018,12,SARDINA COMUN,190792.21888785815,7818.800000000001,0,1425661.2949503628,913.6714745799358,13.94009621350071,8.26034957560881
2019,1,JUREL,325638.0868431728,51534.40599999996,0,1400044.090396863,862.2074552778543,13.227876767617818,7.935325198459256
2019,2,ANCHOVETA,158878.65703121046,12.496,0,1357121.6276725838,872.9425533771097,13.698973635986384,7.342801723742477
2019,2,JUREL,314966.4375419406,69226.92299999997,0,1357121.6276725838,828.4986726646698,13.580786231193937,6.102534037183827
2019,2,SARDINA COMUN,158960.8221888301,12826.72,0,1357121.6276725838,872.9425533771097,13.698973635986384,7.342801723742477
2019,3,ANCHOVETA,198758.444096305,31780.55000000004,0,1382870.164050371,800.2858911418741,13.362126178281226,7.941425705861278
2019,3,JUREL,313399.44034023944,74661.76199999997,0,1382870.164050371,800.1119156646214,13.36462165574282,7.945663679914859
2019,3,SARDINA COMUN,168262.10480286946,108709.64800000029,0,1382870.164050371,805.4668893384473,13.287810737781909,7.815218631878966
2019,4,ANCHOVETA,208922.97305497667,44711.86100000001,0,1461571.5057781378,807.3105127509696,12.946193818916168,6.2097673407342
2019,4,JUREL,312462.0541777064,57635.439000000006,0,1461571.5057781378,808.6915071084214,12.897489130969804,6.249508542886332
2019,4,SARDINA COMUN,170227.4646953204,65813.34599999996,0,1461571.5057781378,815.5128036481402,12.732313546473286,6.284904527054179
2019,5,ANCHOVETA,231153.62151291824,26774.716,0,1523237.26713999,832.2618435711728,12.373997612655032,7.2437360199092975
2019,5,JUREL,310598.4633973224,47756.269000000015,0,1523237.26713999,832.295847656686,12.354591219249198,7.252517420355453
2019,5,SARDINA COMUN,161928.23094165,32261.588000000018,0,1523237.26713999,836.8389883935935,12.321851435482507,7.418671218047827
2019,6,ANCHOVETA,212131.23591889185,12796.148999999996,0,1496077.714382446,862.2463633892582,11.87886652101996,6.537210435453643
2019,6,JUREL,310598.4633973224,57878.86599999997,0,1496077.714382446,855.3071425101223,11.934823109811315,6.143385812010426
2019,6,SARDINA COMUN,162017.39150176267,13949.822000000007,0,1496077.714382446,860.9159640439597,11.897787129174306,6.512714448285528
2019,7,ANCHOVETA,117560.14822784516,4010.8310000000015,0,1446113.2496978869,823.955815958006,11.20442760164432,7.126264319619872
2019,7,JUREL,309978.50638455333,38361.60800000001,0,1446113.2496978869,823.1536256499509,11.206674118228165,7.157163919516903
2019,7,SARDINA COMUN,153696.25573340306,7556.778999999995,0,1446113.2496978869,824.1275330348758,11.202936243944123,7.119832805333437
2019,11,ANCHOVETA,210062.388430407,28424.023000000005,0,1352588.1337154617,835.516614174448,13.892520445360349,5.54033929383432
2019,11,SARDINA COMUN,179329.39098740672,47691.34100000003,0,1352588.1337154617,839.0897762665215,13.803460017033284,5.509853969435023
2019,12,ANCHOVETA,208248.48136802865,8300.733999999997,0,1444511.189012972,851.1912935169431,13.463222489212875,6.3114136568725
2019,12,JUREL,306291.66079442046,16949.671000000006,0,1444511.189012972,848.4684304879845,13.435676483793308,6.307764939292474
2019,12,SARDINA COMUN,183941.489143451,30354.056999999993,0,1444511.189012972,856.5686861536053,13.52106306493298,6.322422719040158
2020,1,JUREL,318776.16876823397,80468.49799999999,0,1610910.6234884255,886.8664580595988,14.25784449494691,7.03204442468046
2020,2,ANCHOVETA,163724.36294586526,1714.9960000000003,0,1771901.1776216123,912.6322898509286,14.443094654775718,4.885075606174249
2020,2,JUREL,289936.48592805566,102478.11599999994,0,1771901.1776216123,884.4673048706737,13.850307656052536,6.314403557289444
2020,2,SARDINA COMUN,163724.36294586526,5300.4619999999995,0,1771901.1776216123,912.6322898509285,14.44309465477572,4.885075606174249
2020,3,ANCHOVETA,178426.08916095833,7405.881999999998,0,1804050.6742354727,855.5522703111602,14.19753101542148,5.777295890425938
2020,3,JUREL,248325.94783780267,77125.61100000002,0,1804050.6742354727,851.0186135865168,14.203700759534712,5.979173789289368
2020,3,SARDINA COMUN,183732.0766698836,35113.873000000036,0,1804050.6742354727,858.3588742041961,14.196003425324792,5.650697910989995
2020,4,ANCHOVETA,212825.90772341721,53234.135999999984,0,1877146.9977895836,811.1206224038389,12.915726152667766,6.204305943472985
2020,4,JUREL,248350.68983497837,60908.149999999965,0,1877146.9977895836,810.8080778504182,12.905767977178403,6.199525026958542
2020,4,SARDINA COMUN,198692.72325170613,104303.83299999993,0,1877146.9977895836,813.5291629885407,12.986813704110919,6.2389980385335955
2020,5,ANCHOVETA,235980.70254128397,41396.06999999997,0,1819421.0421047313,782.5116473957426,13.21427728339362,7.490257176578365
2020,5,JUREL,237069.03224433408,66967.56999999998,0,1819421.0421047313,781.7296609504808,13.198383940776658,7.472263819845615
2020,5,SARDINA COMUN,210051.65445806013,37225.965,0,1819421.0421047313,785.7943452753576,13.28099588500728,7.565791419341348
2020,6,ANCHOVETA,225650.8987864441,13224.11,0,1698882.6476742392,751.7835697194329,11.715978739747166,8.821029848923185
2020,6,JUREL,281422.77973221504,51810.274,0,1698882.6476742392,750.5706606563623,11.669908343370146,8.849229001338585
2020,6,SARDINA COMUN,199297.6263201759,8622.551999999998,0,1698882.6476742392,758.9320820768767,11.987503463109192,8.65483273188571
2020,7,ANCHOVETA,229122.79130543937,5943.889,0,1486934.7155351704,712.4833148154439,11.394911430836205,8.637963500199453
2020,7,JUREL,276330.58150595136,24626.47599999998,0,1486934.7155351704,712.483314815444,11.394911430836205,8.637963500199453
2020,7,SARDINA COMUN,224627.039349006,2904.852,0,1486934.7155351704,712.483314815444,11.394911430836205,8.637963500199453
2020,11,ANCHOVETA,249162.86619823432,34850.47099999997,0,1543368.5096646026,639.7725684027566,13.017712537729397,6.386643498777171
2020,11,SARDINA COMUN,205366.32491198965,20880.215000000004,0,1543368.5096646026,639.7725684027566,13.017712537729397,6.386643498777171
2020,12,ANCHOVETA,340661.70390980574,5757.8589999999995,0,1461512.2781552712,644.1722899647315,12.978832691487286,6.526800019783474
2020,12,SARDINA COMUN,219212.11044390543,18364.102999999996,0,1461512.2781552712,644.1722899647315,12.978832691487286,6.526800019783473
2021,1,JUREL,308648.0072726676,90391.36099999998,0,1495806.3290079918,670.0769671779007,13.743998777315426,6.988121678289204
2021,2,JUREL,308031.9433858958,82934.48900000002,0,1562781.6502337272,698.2057383413639,15.193236601672,5.821296940247022
2021,3,ANCHOVETA,192672.38464175415,54853.31200000011,0,1510448.137213265,726.1045146214675,14.0866665724554,5.871069214986149
2021,3,JUREL,306804.72448794404,72784.29000000004,0,1510448.137213265,726.1045146214675,14.0866665724554,5.871069214986149
2021,3,SARDINA COMUN,184627.18386866825,165217.76999999993,0,1510448.137213265,726.1045146214675,14.0866665724554,5.871069214986149
2021,4,ANCHOVETA,217269.1845956536,45679.38199999999,0,1457805.8632686073,761.1326716656458,13.48246841328935,5.136571411701366
2021,4,JUREL,305582.39490831085,72216.459,0,1457805.8632686073,761.1326716656458,13.48246841328935,5.136571411701366
2021,4,SARDINA COMUN,187929.05349845177,79752.23500000019,0,1457805.8632686073,761.1326716656458,13.482468413289348,5.136571411701366
2021,5,ANCHOVETA,214146.61791677133,39164.204,0,1543885.6065099689,765.4793292194726,13.23928176338967,5.066639698787734
2021,5,JUREL,304668.38973909355,70915.00200000004,0,1543885.6065099689,765.4793292194726,13.23928176338967,5.066639698787734
2021,5,SARDINA COMUN,191967.7456610505,16722.233000000007,0,1543885.6065099689,765.4793292194726,13.23928176338967,5.066639698787734
2021,6,ANCHOVETA,240018.93431069067,13784.86400000001,0,1534117.18660441,805.296484699985,12.90912731593618,6.156148597197249
2021,6,JUREL,304364.0257133802,65440.95300000001,0,1534117.18660441,805.2964846999851,12.90912731593618,6.156148597197249
2021,6,SARDINA COMUN,224281.6855276732,3721.140000000002,0,1534117.18660441,805.2964846999851,12.90912731593618,6.156148597197249
2021,7,ANCHOVETA,181432.00968957032,3145.8249999999985,0,1535412.6198406022,830.3582050712258,11.975559561053478,6.232109395294386
2021,7,SARDINA COMUN,181432.00968957032,1580.4450000000002,0,1535412.6198406022,830.3582050712258,11.97555956105348,6.232109395294388
2021,11,ANCHOVETA,195850.6969243166,5401.713000000003,0,1690121.6915788085,909.7208883819061,12.727151334386033,7.358231110251994
2021,11,SARDINA COMUN,179358.89495648883,3034.583999999999,0,1690121.6915788085,909.7208883819062,12.727151334386033,7.358231110251995
2021,12,ANCHOVETA,195704.4543237935,81.739,0,1741767.7588529326,934.4501365036524,13.795399070275998,7.4985121401030925
2022,1,JUREL,417310.02053809277,6.183999999999999,0,1692381.7988978294,923.903344629966,15.881201292057671,7.518895956339126
2022,3,ANCHOVETA,191046.11128344183,88592.13299999983,0,1680037.8336057642,1005.3916815321322,13.431542392667595,7.38064280681777
2022,3,SARDINA COMUN,212756.74534130745,94486.032,0,1680037.8336057642,1005.3916815321325,13.431542392667597,7.38064280681777
2022,4,ANCHOVETA,201447.92976426624,58980.243000000075,0,1706759.1210970993,1023.7238719592848,12.078511209656986,6.295019053107576
2022,4,SARDINA COMUN,213444.42647506972,27139.34699999997,0,1706759.1210970993,1023.7238719592848,12.078511209656986,6.295019053107576
2022,5,ANCHOVETA,209172.24382142271,21334.704000000005,0,1726038.1020420243,1043.4162152798542,11.577163921234662,5.465300122690442
2022,5,SARDINA COMUN,225045.452596897,5738.693000000002,0,1726038.1020420243,1043.4162152798542,11.577163921234662,5.465300122690442
2022,6,ANCHOVETA,216732.17886001687,11694.585000000005,0,1722202.905621007,1073.7394723058144,10.96707901735432,6.712750021345034
2022,6,SARDINA COMUN,209978.59835804589,2074.7350000000015,0,1722202.905621007,1073.7394723058144,10.96707901735432,6.712750021345033
2022,7,ANCHOVETA,254136.18665790054,745.4509999999997,0,1922029.6818335296,1106.6936078702893,10.98838510843128,5.386193919409781
2022,7,SARDINA COMUN,257691.82877154002,878.0000000000001,0,1922029.6818335296,1106.6936078702893,10.98838510843128,5.386193919409781
2022,10,ANCHOVETA,220263.83013311692,378.3970000000001,0,1781493.9271850404,1240.0501278386637,12.552797558211324,7.903748527407339
2022,10,SARDINA COMUN,223518.5925975647,5393.874999999999,0,1781493.9271850404,1240.0501278386637,12.552797558211326,7.903748527407339
2022,11,ANCHOVETA,192334.64578995717,20782.02100000001,0,1715531.7036764212,1287.5139884593177,13.517654058867349,5.9330838034791915
2022,11,JUREL,262648.56550585583,2569.584,0,1715531.7036764212,1287.5139884593177,13.517654058867349,5.9330838034791915
2022,11,SARDINA COMUN,200082.92900791857,10296.299999999988,0,1715531.7036764212,1287.5139884593177,13.517654058867349,5.9330838034791915
2022,12,ANCHOVETA,149635.98661492998,22.964,0,1724454.470539812,1296.4889411707861,13.584826321029116,8.477471649421032
2022,12,JUREL,261862.97657612743,55366.634999999995,0,1724454.470539812,1296.4889411707861,13.584826321029116,8.477471649421032
2022,12,SARDINA COMUN,149635.98661492998,159.709,0,1724454.470539812,1296.4889411707861,13.584826321029116,8.477471649421032
2023,1,JUREL,307500.2559405448,97698.62099999994,0,1714726.393775883,1261.508439149191,13.786523386332261,5.786261578483001
2023,2,JUREL,307808.0640045494,116303.83099999996,0,1601140.1836502687,1163.1505709255657,12.723239642306956,6.570565934105827
2023,3,ANCHOVETA,184757.6147150059,35170.895,0,1618992.2592504118,1171.8922441534974,13.825269460118845,6.976509413414482
2023,3,JUREL,304459.01484129514,95194.034,0,1618992.2592504118,1171.8922441534974,13.825269460118845,6.976509413414482
2023,3,SARDINA COMUN,186750.70585542917,194610.7549999997,0,1618992.2592504118,1171.8922441534974,13.825269460118845,6.976509413414482
2023,4,ANCHOVETA,188077.16889795224,46107.68399999994,0,1684885.2907264878,1124.4249052194448,13.492806609347465,5.976525199297845
2023,4,JUREL,303548.3697320989,93114.64700000004,0,1684885.2907264878,1124.4249052194448,13.492806609347463,5.976525199297846
2023,4,SARDINA COMUN,195260.26933751328,96459.13099999996,0,1684885.2907264878,1124.4249052194448,13.492806609347465,5.976525199297846
2023,5,ANCHOVETA,204828.9340953811,40398.37399999994,0,1753733.9539729443,1107.3675412390808,12.754856379952273,5.94160411906173
2023,5,JUREL,303245.1246074915,91887.029,0,1753733.9539729443,1107.3675412390808,12.75485637995227,5.94160411906173
2023,5,SARDINA COMUN,202830.50200381677,38585.39899999999,0,1753733.9539729443,1107.3675412390808,12.754856379952273,5.94160411906173
2023,6,ANCHOVETA,216189.92022173142,24925.789999999983,0,1759970.3388102825,1078.752388050086,12.10036050373545,8.82105528817232
2023,6,JUREL,303852.8302680275,78410.46100000004,0,1759970.3388102825,1078.752388050086,12.10036050373545,8.82105528817232
2023,6,SARDINA COMUN,217116.5130062272,7921.475999999999,0,1759970.3388102825,1078.752388050086,12.10036050373545,8.82105528817232
2023,7,ANCHOVETA,241070.21497429023,6109.708,0,1782598.400800409,1059.645473901627,11.941774086361155,7.432777666616414
2023,7,SARDINA COMUN,241070.21497429025,1809.8730000000005,0,1782598.400800409,1059.645473901627,11.941774086361155,7.432777666616414
2023,10,ANCHOVETA,279449.6727086681,589.51,0,2042282.0237359253,1052.1469227075438,12.588383934758696,6.779130137554961
2023,10,SARDINA COMUN,279449.6727086681,322.25899999999996,0,2042282.0237359253,1052.1469227075438,12.588383934758696,6.779130137554961
2023,11,ANCHOVETA,224853.89024427105,22648.110999999983,0,2008735.9304617934,1078.0647031279357,12.74560303861419,6.4902627736048215
2023,11,JUREL,296963.34179384075,38833.76500000001,0,2008735.9304617934,1078.0647031279357,12.745603038614188,6.490262773604822
2023,11,SARDINA COMUN,251906.83476305113,16592.235000000022,0,2008735.9304617934,1078.0647031279357,12.745603038614188,6.490262773604822
2023,12,ANCHOVETA,200867.4286330372,3442.1889999999994,0,1890354.2511495124,1100.104842033456,13.345254066698343,7.512036117483253
2023,12,SARDINA COMUN,229502.08012485353,6324.315999999996,0,1890354.2511495124,1100.104842033456,13.345254066698343,7.512036117483252
2024,1,JUREL,306600.98609044345,143748.72700000007,0,1926456.4043767538,1059.6370550647364,13.692849200140342,8.426652858655334
2024,3,ANCHOVETA,192253.47568369412,33588.306000000004,0,1998001.6326236993,1070.7268650383821,13.602159076580598,6.027261139638908
2024,3,JUREL,303558.1195005697,104545.81199999998,0,1998001.6326236993,1070.7268650383821,13.602159076580596,6.027261139638908
2024,3,SARDINA COMUN,192253.4756836941,51741.52300000001,0,1998001.6326236993,1070.7268650383821,13.602159076580598,6.027261139638908
2024,4,ANCHOVETA,191296.99073004397,19913.721,0,1851215.833789406,1082.634362397896,13.61058363626496,5.71853518703748
2024,4,JUREL,302047.88010006945,122618.51999999987,0,1851215.833789406,1082.634362397896,13.61058363626496,5.71853518703748
2024,4,SARDINA COMUN,191296.99073004397,6700.027000000001,0,1851215.833789406,1082.634362397896,13.61058363626496,5.71853518703748
2024,5,ANCHOVETA,190724.8162812004,35467.74000000001,0,1695336.7735255826,1074.2491625803402,11.8998241450767,6.893577236262996
2024,5,JUREL,301144.44675979007,84925.71699999996,0,1695336.7735255826,1074.2491625803402,11.8998241450767,6.893577236262996
2024,5,SARDINA COMUN,190724.81628120036,6134.688999999997,0,1695336.7735255826,1074.2491625803402,11.8998241450767,6.893577236262996
2024,6,ANCHOVETA,190915.73201321356,2342.348,0,1728486.2823102223,1049.9248794457665,12.211153287956348,8.06699076439542
2024,6,SARDINA COMUN,190915.73201321356,410.42199999999985,0,1728486.2823102223,1049.9248794457665,12.211153287956348,8.06699076439542
