ANIO,MES,NM_RECURSO,Q_MACRO,Q_INDUSTRIAL,Q_ARTESANAL,N_REGIONES_ACTIVAS,SHARE_INDUSTRIAL,PRECIO_W,Q_MUESTRA_PRECIO,N_TRANSACCIONES,PRECIO_SD,FECHA
2012,1,ANCHOVETA,6.85,0,6.85,2,0,71830.56478405316,1204,5,20707.486568871656,2012-01-01
2012,2,ANCHOVETA,257.86599999999993,249.91999999999993,7.946,2,0.9691855459812461,67314.4253827707,21684,9,17127.787688756278,2012-02-01
2012,3,ANCHOVETA,6729.8769999999995,1053.2960000000005,5676.580999999999,5,0.15651043845229276,69513.48716282094,15385,18,14087.958980466055,2012-03-01
2012,4,ANCHOVETA,30577.223999999987,1966.032,28611.191999999988,6,0.064297269104612,69095.74993822584,24282,18,15135.66104582544,2012-04-01
2012,5,ANCHOVETA,10886.609000000002,737.2610000000001,10149.348000000002,5,0.06772182228644383,70350.14855961762,15482,16,11678.327505826051,2012-05-01
2012,6,ANCHOVETA,2786.3179999999998,548.9399999999999,2237.378,5,0.19701268842967673,82970.80111045013,20172,15,11833.366867826393,2012-06-01
2012,7,ANCHOVETA,2110.4800000000014,432.26499999999993,1678.215000000001,3,0.20481833516545983,88336.85076058655,29188,10,8796.463936024395,2012-07-01
2012,8,ANCHOVETA,302.07800000000003,238.087,63.99100000000001,4,0.7881639841365474,89441.5462465439,19169,9,8012.143561147944,2012-08-01
2012,9,ANCHOVETA,34.349,0,34.349,2,0,78376.67201712145,1869,5,9549.869109050658,2012-09-01
2012,10,ANCHOVETA,7392.5039999999935,384.88499999999993,7007.618999999993,3,0.05206422614042553,83944.14130263365,31705,15,9426.406677899211,2012-10-01
2012,11,ANCHOVETA,7308.017999999999,3794.542999999999,3513.475000000001,4,0.5192301113653524,94287.02131944644,34757,16,11295.832564859189,2012-11-01
2012,12,ANCHOVETA,4835.112999999999,3899.116999999999,935.9959999999996,3,0.8064169337924469,94719.12315095348,5611,13,11705.79518980411,2012-12-01
2013,1,ANCHOVETA,3.151,0,3.151,1,0,95924.11116448906,17989.117000000002,5,3764.3975215165574,2013-01-01
2013,2,ANCHOVETA,252.02000000000004,70.09,181.93000000000004,4,0.27811284818665183,96759.66090604932,667.116,6,51572.85653681272,2013-02-01
2013,3,ANCHOVETA,21597.034000000003,44.464,21552.570000000003,6,0.002058801222427116,91530.34134892593,17833.907000000003,19,6435.7480860348,2013-03-01
2013,4,ANCHOVETA,7411.364999999996,0,7411.364999999996,4,0,89939.42200373282,12462.949,13,8064.545726154125,2013-04-01
2013,5,ANCHOVETA,3483.2170000000006,904.453,2578.7640000000006,5,0.25966025085431077,96283.28835238706,19032.844,15,7762.802406961277,2013-05-01
2013,6,ANCHOVETA,2842.523000000001,322.87,2519.6530000000007,3,0.11358571241112204,98075.76038371885,10769.239000000001,13,10588.017798920459,2013-06-01
2013,7,ANCHOVETA,750.4,209.33299999999997,541.067,2,0.27896188699360336,94172.99395174034,15551.581,12,341107.584896735,2013-07-01
2013,8,ANCHOVETA,0.3,0,0.3,1,0,91813.6747443947,3733.393,5,3091.3996021219905,2013-08-01
2013,9,ANCHOVETA,1.954,0,1.954,1,0,102478,2.278,1,NA,2013-09-01
2013,10,ANCHOVETA,1006.9060000000004,179.93200000000002,826.9740000000003,3,0.1786979122182209,96216.06021503633,369.891,8,418825.59025173506,2013-10-01
2013,11,ANCHOVETA,2382.560000000001,1263.02,1119.54,4,0.5301104694110534,90044.90021434397,1188.277,10,376177.9539485268,2013-11-01
2013,12,ANCHOVETA,3609.0009999999993,2826.534999999999,782.466,3,0.7831904175144312,107804.04893931838,1708.5240000000003,7,29611.084584758362,2013-12-01
2014,1,ANCHOVETA,2.656,0,2.656,1,0,77789.58548940279,1258.1150000000002,3,5538.52113233608,2014-01-01
2014,2,ANCHOVETA,702.9739999999999,3.486,699.4879999999999,3,0.00495893162478271,83642.57111939798,2007.195,5,5598.406576875245,2014-02-01
2014,3,ANCHOVETA,10666.090999999997,497.58,10168.510999999995,5,0.04665064267687198,90202.92358243634,7572.9580000000005,15,6766.793896528491,2014-03-01
2014,4,ANCHOVETA,27781.904000000035,208.384,27573.52000000004,4,0.0075007098145612955,95822.10526212926,14582.253,15,8222.434512617641,2014-04-01
2014,5,ANCHOVETA,9203.481000000002,973.4789999999998,8230.002,5,0.10577291353130404,92642.50523161293,9636.034,11,7223.794599667256,2014-05-01
2014,6,ANCHOVETA,1436.4690000000007,241.839,1194.6300000000008,4,0.1683565743500207,90816.48611943275,3626.7609999999995,7,7070.895103975773,2014-06-01
2014,7,ANCHOVETA,2024.5330000000008,1241.489,783.0440000000006,3,0.6132224073403593,94678.12869413709,4038.2570000000005,4,2680.3303279011466,2014-07-01
2014,8,ANCHOVETA,98.94200000000001,0,98.94200000000001,2,0,96072.21921823092,644.1800000000001,4,233034.7714569652,2014-08-01
2014,9,ANCHOVETA,0.773,0,0.773,2,0,109590.00000000001,106.607,1,NA,2014-09-01
2014,10,ANCHOVETA,2290.498999999998,87.39399999999999,2203.104999999998,2,0.03815500465182481,100060.1670024625,1871.673,5,545004.0822243444,2014-10-01
2014,11,ANCHOVETA,2850.7519999999995,1316.548,1534.2039999999997,4,0.46182480973441403,117719.97987259335,239.07699999999997,5,19707.98715749531,2014-11-01
2014,12,ANCHOVETA,390.2230000000001,0,390.2230000000001,3,0,114530,47.281,2,0,2014-12-01
2015,1,ANCHOVETA,221.374,0,221.374,2,0,132056.61986266397,489.6020000000001,4,528829.8476255541,2015-01-01
2015,2,ANCHOVETA,127.82300000000001,5.869,121.95400000000001,4,0.04591505441117795,108130,1171.4219999999998,2,761375.8124290527,2015-02-01
2015,3,ANCHOVETA,2413.6749999999997,1192.475,1221.2000000000003,4,0.49404953028058873,127909.17627614443,13751.441000000003,4,12482.642545417482,2015-03-01
2015,4,ANCHOVETA,27988.31400000001,829.743,27158.571000000007,3,0.029646051562805812,120847.26438414911,19866.66,5,8938.762414339022,2015-04-01
2015,5,ANCHOVETA,15680.545,55.5,15625.045,4,0.0035394177944707917,119619.79878871952,7553.329,5,5789.193164854667,2015-05-01
2015,6,ANCHOVETA,1583.5369999999998,115.73000000000002,1467.8069999999998,4,0.07308323076757918,117211.15877073826,9436.298,5,5468.708970131798,2015-06-01
2015,7,ANCHOVETA,997.9460000000005,36.09,961.8560000000004,4,0.036164281434065554,114291.0229197809,7863.774999999999,8,7581.656140928953,2015-07-01
2015,8,ANCHOVETA,63.361000000000004,1.325,62.036,2,0.02091191742554568,116699.90790873794,13044.104000000005,4,4143.112638262847,2015-08-01
2015,9,ANCHOVETA,40.596000000000004,0,40.596000000000004,2,0,125257,1175.565,2,0,2015-09-01
2015,10,ANCHOVETA,1656.5610000000006,1645.1040000000007,11.457,3,0.9930838647052539,126881,9.297,1,NA,2015-10-01
2015,11,ANCHOVETA,9860.357999999998,193.828,9666.529999999999,4,0.019657298446973226,117891.8842621057,161.019,5,1995884.6892976558,2015-11-01
2015,12,ANCHOVETA,3558.8079999999995,22.592,3536.2159999999994,4,0.006348192990461975,113178.53878169028,670.3549999999999,6,1819903.775937261,2015-12-01
2016,1,ANCHOVETA,114.639,0,114.639,2,0,141255.35433070865,508,5,581163.3911674066,2016-01-01
2016,2,ANCHOVETA,1383.087,528.2739999999999,854.813,3,0.38195283449269635,97867,199,3,0,2016-02-01
2016,3,ANCHOVETA,30622.06000000004,672.4669999999999,29949.59300000004,4,0.021960214303022037,127338.44083311222,7538,10,8596.208356013714,2016-03-01
2016,4,ANCHOVETA,9916.19400000001,0,9916.19400000001,4,0,126219.08473697849,3859,10,11324.290070463578,2016-04-01
2016,5,ANCHOVETA,8370.931999999997,278.19,8092.741999999999,5,0.03323285865898804,118763.83984375,3072,6,14775.332560273107,2016-05-01
2016,6,ANCHOVETA,5474.125,1048.6839999999997,4425.441000000001,4,0.1915710730025346,126083.38361735089,5164,4,15958.538790670445,2016-06-01
2016,7,ANCHOVETA,2900.6509999999994,133.798,2766.8529999999996,4,0.046126886688539925,168703.11886708296,13452,10,1189995.0019211378,2016-07-01
2016,8,ANCHOVETA,26.240000000000002,0,26.240000000000002,2,0,NA,NA,NA,NA,2016-08-01
2016,9,ANCHOVETA,13.100000000000001,0,13.100000000000001,2,0,292756.08695652173,1610,4,1833643.7646459576,2016-09-01
2016,10,ANCHOVETA,1918.8799999999997,1781.388,137.49200000000002,3,0.9283477862086218,NA,NA,NA,NA,2016-10-01
2016,11,ANCHOVETA,12210.441,515.844,11694.597000000003,3,0.042246140004279946,169152.25961538462,728,5,31703.82479607153,2016-11-01
2016,12,ANCHOVETA,972.131,376.138,595.9929999999999,3,0.38692110425446774,NA,0,1,NA,2016-12-01
2017,1,ANCHOVETA,46.971000000000004,0,46.971000000000004,2,0,NA,NA,NA,NA,2017-01-01
2017,2,ANCHOVETA,1341.0929999999998,603.615,737.478,4,0.45009182808351106,105499.5985533454,16590,4,2350,2017-02-01
2017,3,ANCHOVETA,13893.260000000004,170.201,13723.059000000003,5,0.012250616485979528,99408.7666981667,26455,12,1097047.9657040222,2017-03-01
2017,4,ANCHOVETA,6200.24,22.888,6177.352,4,0.003691470007612609,99140.17887522677,24805,12,1094112.7670455284,2017-04-01
2017,5,ANCHOVETA,8768.418,356.392,8412.026,5,0.040644960128497526,96129.76037227103,11497,10,9473.339798848368,2017-05-01
2017,6,ANCHOVETA,2075.8160000000003,0,2075.8160000000003,4,0,96532.85404339251,1014,7,1433418.6433186822,2017-06-01
2017,7,ANCHOVETA,1699.828,0,1699.828,3,0,89000,928,3,0,2017-07-01
2017,8,ANCHOVETA,93.338,0,93.338,1,0,88000,254,3,0,2017-08-01
2017,9,ANCHOVETA,18.044,0,18.044,3,0,NA,NA,NA,NA,2017-09-01
2017,10,ANCHOVETA,3043.841,1030.732,2013.109,3,0.33862872600769883,94962.6168224299,321,4,2309.4010767585028,2017-10-01
2017,11,ANCHOVETA,15477.358000000007,1087.67,14389.688000000007,4,0.07027491384511488,95999.7641025641,1755,3,4642.473514553781,2017-11-01
2017,12,ANCHOVETA,4618.351000000001,0,4618.351000000001,3,0,96971.45730416372,1417,3,4059.349742672259,2017-12-01
2018,1,ANCHOVETA,9.254,0,9.254,2,0,NA,0,1,NA,2018-01-01
2018,2,ANCHOVETA,2141.9160000000006,380.427,1761.4890000000007,3,0.17761060657840919,215570,121.664,3,93341.37272042518,2018-02-01
2018,3,ANCHOVETA,15468.492000000004,540.303,14928.189000000004,4,0.03492926136561986,120374.03805320874,3240.594,10,31321.818969380864,2018-03-01
2018,4,ANCHOVETA,11899.626999999997,0,11899.626999999997,4,0,109095.30056680858,13465.216,13,31752.08757280014,2018-04-01
2018,5,ANCHOVETA,7508.4490000000005,0,7508.4490000000005,4,0,102365.06281402204,7278.152,10,27787.78545351656,2018-05-01
2018,6,ANCHOVETA,5597.892,0,5597.892,3,0,105661.55236187535,13065.317000000001,9,27570.819599734627,2018-06-01
2018,7,ANCHOVETA,16.051000000000002,0,16.051000000000002,2,0,112570.2083195133,6286.161,8,25403.125984568458,2018-07-01
2018,8,ANCHOVETA,0.7150000000000001,0,0.7150000000000001,3,0,112427,2057.8289999999997,2,0,2018-08-01
2018,9,ANCHOVETA,98.48400000000001,0,98.48400000000001,2,0,118795.03755693478,724.0740000000001,3,1227.4466722971445,2018-09-01
2018,10,ANCHOVETA,1658.6150000000005,475.379,1183.2359999999999,3,0.2866120226815746,121299.97896639457,25201.337999999996,9,12991.162075041633,2018-10-01
2018,11,ANCHOVETA,15864.485000000032,0,15864.485000000032,4,0,115111.33477840731,16429.378,10,25422.556773463995,2018-11-01
2018,12,ANCHOVETA,1416.973,0,1416.973,4,0,143415.11765668952,335.935,8,41806.71849602304,2018-12-01
2019,1,ANCHOVETA,199.34,0,199.34,1,0,116702,13129.710000000003,4,746787.7620122333,2019-01-01
2019,2,ANCHOVETA,92.64099999999999,0,92.64099999999999,4,0,106035.91032751281,10005.41,6,10077.59694900856,2019-02-01
2019,3,ANCHOVETA,31798.80000000004,0,31798.80000000004,3,0,113320.96776431485,45491.200000000004,9,25620.73675972475,2019-03-01
2019,4,ANCHOVETA,44711.911000000015,0,44711.911000000015,4,0,120323.42926148164,43394.17999999999,10,25019.93555724892,2019-04-01
2019,5,ANCHOVETA,26871.669,0,26871.669,4,0,124274.84902317096,44640.35999999999,13,35495.48532126738,2019-05-01
2019,6,ANCHOVETA,13108.639999999996,0,13108.639999999996,4,0,120615.0541169778,13078.890000000003,13,408579.36477973,2019-06-01
2019,7,ANCHOVETA,4331.212000000001,57.192,4274.020000000001,4,0.013204618014541885,118222.14106764543,8326.36,13,392337.28663135803,2019-07-01
2019,8,ANCHOVETA,106.595,0,106.595,3,0,124210.31523551248,3598.96,5,663713.6851961636,2019-08-01
2019,9,ANCHOVETA,80.71900000000001,0,80.71900000000001,3,0,NA,0,1,NA,2019-09-01
2019,10,ANCHOVETA,104.166,101.438,2.728,3,0.9738110323906074,NA,0,1,NA,2019-10-01
2019,11,ANCHOVETA,28448.712000000003,505.0139999999999,27943.698000000004,3,0.017751735122489898,155409.73839114548,5044.209999999999,6,18661.058005018545,2019-11-01
2019,12,ANCHOVETA,8315.577999999998,0,8315.577999999998,3,0,152307.98041452654,2042.3300000000002,9,27735.507863386963,2019-12-01
2020,1,ANCHOVETA,35.725,0,35.725,2,0,120405,1155.645,2,0,2020-01-01
2020,2,ANCHOVETA,2591.6190000000006,0,2591.6190000000006,5,0,132549.90369292448,3534.9220000000005,4,9390.602128369263,2020-02-01
2020,3,ANCHOVETA,7767.468999999997,0,7767.468999999997,4,0,142572.87952603417,28344.571999999996,13,14581.209851407024,2020-03-01
2020,4,ANCHOVETA,53235.635999999984,0,53235.635999999984,4,0,149307.68291067705,41764.235,16,20175.780767626646,2020-04-01
2020,5,ANCHOVETA,41502.43499999997,5.041,41497.39399999997,3,1.2146275272764127e-4,148541.0481872512,32373.874,14,17826.575215449768,2020-05-01
2020,6,ANCHOVETA,13609.637,0,13609.637,3,0,148683.9572578053,17501.675000000003,12,15681.586005132378,2020-06-01
2020,7,ANCHOVETA,6638.683,0,6638.683,3,0,139757.82086920372,17843.297,11,22701.06043938757,2020-07-01
2020,8,ANCHOVETA,383.5760000000001,0,383.5760000000001,4,0,136135.830872271,3396.433,6,19883.243854227276,2020-08-01
2020,9,ANCHOVETA,214.77,0,214.77,3,0,NA,NA,NA,NA,2020-09-01
2020,10,ANCHOVETA,665.724,482.427,183.29700000000003,3,0.7246651765596553,148773.8008303575,1782.1239999999996,5,13198.50242641187,2020-10-01
2020,11,ANCHOVETA,35925.03799999997,538.307,35386.73099999997,3,0.01498417343358135,173200.17056052267,5701.160999999999,4,32498.469302414844,2020-11-01
2020,12,ANCHOVETA,6567.447,768.6700000000001,5798.777,3,0.11704243673378713,164946.11450319356,2939.5249999999996,5,66389.56433205448,2020-12-01
2021,1,ANCHOVETA,978.806,0,978.806,1,0,125170.8574994784,412.202,3,4354.953080497347,2021-01-01
2021,2,ANCHOVETA,1155.0919999999999,0,1155.0919999999999,4,0,125734.5815939746,5098.287,6,11335.179539822031,2021-02-01
2021,3,ANCHOVETA,56042.23800000011,0,56042.23800000011,4,0,138381.49480300682,22230.643000000004,9,23962.47185705181,2021-03-01
2021,4,ANCHOVETA,48236.96999999999,0,48236.96999999999,3,0,128696.237226454,33268.17,10,25420.956686254838,2021-04-01
2021,5,ANCHOVETA,41749.39,0,41749.39,3,0,133472.14993978705,28158.39,10,31458.775458261774,2021-05-01
2021,6,ANCHOVETA,15501.417000000009,0,15501.417000000009,4,0,132195.61350473893,15989.676000000003,8,32054.738374937868,2021-06-01
2021,7,ANCHOVETA,3353.3509999999983,0,3353.3509999999983,2,0,136144.68818265482,24124.106999999996,9,13944.800175852088,2021-07-01
2021,8,ANCHOVETA,52.107000000000006,0,52.107000000000006,2,0,144836.56183598653,1310.685,5,14485.975517720579,2021-08-01
2021,9,ANCHOVETA,16.188000000000002,0,16.188000000000002,2,0,150951,640.71,2,0,2021-09-01
2021,10,ANCHOVETA,338.657,0,338.657,3,0,158089.5579566615,25281.822000000004,4,2314.5972291812095,2021-10-01
2021,11,ANCHOVETA,7250.078000000003,0,7250.078000000003,3,0,160311.49134589653,16765.977000000003,8,5434.685843200664,2021-11-01
2021,12,ANCHOVETA,536.807,0,536.807,3,0,170042.8874458818,7686.187000000001,8,5945.409201344225,2021-12-01
2022,1,ANCHOVETA,33.513000000000005,0,33.513000000000005,2,0,162288,728.936,2,0,2022-01-01
2022,2,ANCHOVETA,1048.1950000000002,0,1048.1950000000002,4,0,NA,NA,NA,NA,2022-02-01
2022,3,ANCHOVETA,91966.47199999982,0,91966.47199999982,3,0,160962.4592047712,43037.251000000004,11,20124.715001031127,2022-03-01
2022,4,ANCHOVETA,59670.838000000076,33.85,59636.98800000008,3,5.672787769462859e-4,169142.92622279236,62189.83,11,27322.98050659255,2022-04-01
2022,5,ANCHOVETA,23351.412000000004,0,23351.412000000004,3,0,169478.17453049222,45737.154,10,26007.711536730363,2022-05-01
2022,6,ANCHOVETA,15566.766000000005,0,15566.766000000005,3,0,174986.91362857158,24477.701,10,27210.35730419985,2022-06-01
2022,7,ANCHOVETA,1877.4179999999997,0,1877.4179999999997,3,0,188386.60382031594,27406.948,10,22380.20591703501,2022-07-01
2022,8,ANCHOVETA,1059.206,0,1059.206,3,0,191276.50406365836,9939.935,6,5716.483654019022,2022-08-01
2022,9,ANCHOVETA,23.488,0,23.488,2,0,190819.53037066234,1298.9180000000001,3,3558.7870592848535,2022-09-01
2022,10,ANCHOVETA,526.989,378.34800000000007,148.641,4,0.7179428792631346,191367.62198364877,14657.03,7,5950.969640879263,2022-10-01
2022,11,ANCHOVETA,22373.05500000001,521.786,21851.26900000001,4,0.02332207201922132,183953.65188624183,27760.252999999997,12,21713.604757051617,2022-11-01
2022,12,ANCHOVETA,1273.6409999999998,0,1273.6409999999998,3,0,181050.49383398445,6820.611999999999,10,16799.409505495525,2022-12-01
2023,1,ANCHOVETA,558.589,0,558.589,1,0,148850,29.142,2,0,2023-01-01
2023,2,ANCHOVETA,1039.8540000000003,0,1039.8540000000003,3,0,144828.755924464,201.91699999999997,4,19297.35539739405,2023-02-01
2023,3,ANCHOVETA,38083.561,0,38083.561,3,0,169944.3223537129,14479.523,8,18648.59495281845,2023-03-01
2023,4,ANCHOVETA,47399.75199999994,0,47399.75199999994,3,0,171984.04245276935,19307.857,7,26534.290931511532,2023-04-01
2023,5,ANCHOVETA,43375.229999999945,0,43375.229999999945,3,0,183919.72344907658,15161.403,7,31220.12324187871,2023-05-01
2023,6,ANCHOVETA,27267.95599999998,944.661,26323.29499999998,3,0.034643630787727565,194893.1523431382,11952.176,7,33264.52457556091,2023-06-01
2023,7,ANCHOVETA,6538.208,33.8,6504.407999999999,3,0.00516961222402224,231000,1811.776,2,0,2023-07-01
2023,8,ANCHOVETA,10.703999999999999,0,10.703999999999999,3,0,NA,NA,NA,NA,2023-08-01
2023,9,ANCHOVETA,249.94500000000002,0,249.94500000000002,3,0,NA,NA,NA,NA,2023-09-01
2023,10,ANCHOVETA,2219.705999999999,589.444,1630.261999999999,3,0.26555048281168775,209950.27838690535,2955.958,4,41139.09343110678,2023-10-01
2023,11,ANCHOVETA,24344.917999999983,0,24344.917999999983,3,0,217061.44391016895,7934.317,6,38464.420134283406,2023-11-01
2023,12,ANCHOVETA,5020.911999999998,0,5020.911999999998,3,0,195261.1678911931,713.337,5,32095.786938475274,2023-12-01
2024,1,ANCHOVETA,96.71600000000001,0,96.71600000000001,3,0,NA,NA,NA,NA,2024-01-01
2024,2,ANCHOVETA,3378.3089999999984,0,3378.3089999999984,4,0,NA,NA,NA,NA,2024-02-01
2024,3,ANCHOVETA,37704.742000000006,0,37704.742000000006,3,0,190314.25491173693,2156.111,5,20029.118482848913,2024-03-01
2024,4,ANCHOVETA,22415.663,360.381,22055.281999999996,3,0.016077195664478003,190487.85012883032,1303.653,5,12643.627517449253,2024-04-01
2024,5,ANCHOVETA,37413.006000000016,459.7759999999999,36953.23000000002,3,0.012289202316435084,190000,3197.828,3,80769.57060882109,2024-05-01
2024,6,ANCHOVETA,2877.019,0,2877.019,3,0,198602.75601753753,204.81799999999998,3,6481.334121922739,2024-06-01
2024,7,ANCHOVETA,6774.584999999996,0,6774.584999999996,3,0,NA,NA,NA,NA,2024-07-01
2024,8,ANCHOVETA,23.629,0,23.629,2,0,NA,NA,NA,NA,2024-08-01
2024,9,ANCHOVETA,49.579,0,49.579,3,0,NA,NA,NA,NA,2024-09-01
2024,10,ANCHOVETA,2569.7959999999994,595.778,1974.0179999999993,3,0.23183863621859485,NA,NA,NA,NA,2024-10-01
2024,11,ANCHOVETA,5608.3179999999975,643.111,4965.206999999998,3,0.1146709227258512,NA,NA,NA,NA,2024-11-01
2024,12,ANCHOVETA,2286.991,0,2286.991,3,0,NA,NA,NA,NA,2024-12-01
2012,1,JUREL,67350.71600000001,66814.505,536.211,4,0.9920385256186436,186087.6084692815,14405,11,19345.659602467567,2012-01-01
2012,2,JUREL,40827.648999999976,40409.758999999976,417.8899999999999,3,0.9897645343232965,207712.8712871287,202,3,33486.315612998296,2012-02-01
2012,3,JUREL,25882.192000000003,25575.942,306.25,2,0.9881675400599762,59798.245614035084,228,3,52538.87449625594,2012-03-01
2012,4,JUREL,19438.143,19216.106,222.037,3,0.9885772524669666,NA,NA,NA,NA,2012-04-01
2012,5,JUREL,15213.454,15030.709000000004,182.74499999999998,3,0.9879879348897367,NA,NA,NA,NA,2012-05-01
2012,6,JUREL,2610.76,2580.022,30.738,2,0.9882264168288161,NA,NA,NA,NA,2012-06-01
2012,7,JUREL,51.315,8.708,42.607,1,0.1696969696969697,147307.6923076923,26,3,36678.78587594379,2012-07-01
2012,8,JUREL,433.9290000000001,0,433.9290000000001,3,0,150000,31,1,NA,2012-08-01
2012,9,JUREL,1571.272,334.22,1237.052,2,0.21270664786236887,227000,1021,2,0,2012-09-01
2012,10,JUREL,150.131,74.067,76.064,3,0.4933491417495387,150000,21,2,21213.203435596424,2012-10-01
2012,11,JUREL,44.568,0.095,44.473,2,0.00213157422365823,175000,18,3,17320.508075688773,2012-11-01
2012,12,JUREL,5750.28,5493.996,256.284,2,0.9554310398797972,150000,1452,3,0,2012-12-01
2013,1,JUREL,36666.15799999999,34925.952999999994,1740.2049999999997,2,0.9525392052257017,179775.78891384305,8764.516,14,29206.77140513973,2013-01-01
2013,2,JUREL,35955.61100000001,32174.472000000012,3781.1390000000006,4,0.8948386943000357,159885.47693436203,9690.107,10,19296.297399587656,2013-02-01
2013,3,JUREL,39730.95299999999,39533.450999999994,197.502,4,0.9950290142801258,NA,NA,NA,NA,2013-03-01
2013,4,JUREL,35259.539,35239.942,19.597,4,0.9994442071406551,117180,1253.0790000000002,2,0,2013-04-01
2013,5,JUREL,23008.586,22997.235,11.350999999999999,2,0.999506662425931,140891.55183515776,7.764999999999999,2,23207.24455854249,2013-05-01
2013,6,JUREL,5956.375,5956.015,0.36,2,0.9999395605548678,120444.30416737584,381.89500000000004,3,17466.00034352456,2013-06-01
2013,7,JUREL,0.195,0,0.195,1,0,NA,NA,NA,NA,2013-07-01
2013,8,JUREL,14.98,0,14.98,1,0,NA,NA,NA,NA,2013-08-01
2013,9,JUREL,NA,NA,NA,NA,NA,150000,12.540000000000001,1,NA,2013-09-01
2013,10,JUREL,NA,NA,NA,NA,NA,150000,12.13,1,NA,2013-10-01
2013,11,JUREL,8.828000000000001,0,8.828000000000001,2,0,202119.39325664873,139.01100000000002,3,101086.458150107,2013-11-01
2013,12,JUREL,7999.157000000002,7766.394000000002,232.763,3,0.9709015587517534,184566.81144858812,2093.97,7,177841.6470953062,2013-12-01
2014,1,JUREL,31786.82400000002,27374.80700000002,4412.017,2,0.8611998166284245,176418.4076531728,12090.724000000002,10,57671.063540373325,2014-01-01
2014,2,JUREL,39398.319000000025,34917.98900000002,4480.33,4,0.8862811887989435,217962.91705250693,3984.8100000000004,7,52513.97328784208,2014-02-01
2014,3,JUREL,25714.73000000001,25693.07300000001,21.656999999999996,3,0.9991577978847144,220138.42459222852,1569.0159999999998,6,26389.1694955841,2014-03-01
2014,4,JUREL,60964.412999999986,60962.31299999999,2.1,2,0.9999655536747315,219725.42689988494,5147.167,7,49080.167656018224,2014-04-01
2014,5,JUREL,40609.842000000004,40609.817,0.025,2,0.9999993843856866,219446.19352139573,1699.4710000000002,7,44684.112175944385,2014-05-01
2014,6,JUREL,18459.384,18459.384,0,1,1,208754.51825598863,333.507,3,60898.906394121725,2014-06-01
2014,7,JUREL,8554.958999999995,8552.998999999996,1.96,2,0.999770893115911,141089.6047737136,154.84799999999998,2,6936.717523440031,2014-07-01
2014,8,JUREL,973.058,946.751,26.307,2,0.9729646125924662,196729.47049969967,1293.597,4,37325,2014-08-01
2014,9,JUREL,123.646,0,123.646,2,0,NA,NA,NA,NA,2014-09-01
2014,10,JUREL,1155.45,877.617,277.833,1,0.7595456315721147,220000.00000000003,871.8770000000001,4,0,2014-10-01
2014,12,JUREL,16240.833000000008,16199.979000000008,40.854,2,0.9974844886342961,220000,2621.12,5,57768.29814006987,2014-12-01
2015,1,JUREL,21074.34,20921.819999999996,152.52,3,0.9927627626772652,181427,2143.907,1,NA,2015-01-01
2015,2,JUREL,914.757,88.83500000000001,825.9219999999999,3,0.0971132224186314,160376.14461587375,2566.4609999999993,4,20006.5,2015-02-01
2015,3,JUREL,2434.572,1736.427,698.145,2,0.7132370700065555,160502.09269951642,948.581,4,25222.5,2015-03-01
2015,4,JUREL,47534.73600000001,47290.44600000001,244.29,2,0.994860810839467,194041,694.3120000000001,1,NA,2015-04-01
2015,5,JUREL,39922.182,38681.831,1240.3509999999994,3,0.9689307813886525,198988.21362908208,8132.624,3,11391.698161380506,2015-05-01
2015,6,JUREL,53012.099,52664.694,347.4049999999999,2,0.9934466846898479,174685,54.507999999999996,1,NA,2015-06-01
2015,7,JUREL,23908.951999999994,23848.123999999993,60.828,2,0.9974558483366397,138551.46756409446,1201.508,3,1180.6813004927847,2015-07-01
2015,8,JUREL,27841.280000000017,27767.479000000018,73.801,2,0.9973492238862581,144216.5551330166,1622.9930000000002,3,3347.2339326673896,2015-08-01
2015,9,JUREL,194.066,0,194.066,2,0,156106.1042591869,882.9150000000001,3,8284.39901260194,2015-09-01
2015,10,JUREL,173.916,0,173.916,2,0,151754,12.314,1,NA,2015-10-01
2015,11,JUREL,112.1,110,2.1,2,0.9812667261373774,NA,NA,NA,NA,2015-11-01
2015,12,JUREL,9773.548,7708.065,2065.4830000000006,2,0.7886659992870552,174187.2557206054,2032.652,7,12264.878864930894,2015-12-01
2016,1,JUREL,63323.89299999995,51752.94099999995,11570.952,3,0.8172735210704747,391266.5115725917,10931,5,116863.18031441726,2016-01-01
2016,2,JUREL,16778.29599999999,16552.93399999999,225.362,1,0.9865682426868616,405280.86529006885,5085,9,105100.00000000001,2016-02-01
2016,3,JUREL,23188.494999999995,23012.976999999995,175.518,3,0.9924308153677072,179687.2249589491,1218,6,36588.97075713755,2016-03-01
2016,4,JUREL,45311.535,45105.48100000001,206.054,1,0.995452504533338,185711.85653224308,5381,5,27345.048683445417,2016-04-01
2016,5,JUREL,42376.958999999995,42277.507999999994,99.451,2,0.9976531822399054,183404.3503213958,4356,6,213681.2302629004,2016-05-01
2016,6,JUREL,35130.141,35098.813,31.328,1,0.9991082301662267,184979.27267475447,5193,6,25381.467259925434,2016-06-01
2016,7,JUREL,8906.078,8858.948999999999,47.129,1,0.9947082206106884,170575.39959432048,2465,8,21083.476265278725,2016-07-01
2016,8,JUREL,8462.757000000001,8311.381000000001,151.376,1,0.9821126850268772,158368.48192771085,415,3,17765.067782964783,2016-08-01
2016,9,JUREL,105.382,79.765,25.617,1,0.7569129452847735,157967.73228346457,762,4,15151.98046461254,2016-09-01
2016,10,JUREL,3670.678,3519.4499999999994,151.228,2,0.9588010716276392,149460.50169491526,590,3,12163.615471287036,2016-10-01
2016,11,JUREL,3042.278,3041.328,0.95,2,0.9996877339940663,154150.24242424243,198,3,12477.116667457003,2016-11-01
2016,12,JUREL,25621.550000000003,25606.500000000004,15.05,2,0.9994126038432491,200000,126,3,0,2016-12-01
2017,1,JUREL,16897.188,9054.778,7842.409999999998,2,0.5358748449742052,231200.868798688,4878,8,8825.665712446691,2017-01-01
2017,2,JUREL,4012.23,3974.776,37.45399999999999,3,0.9906650416352003,130220,105,2,0,2017-02-01
2017,3,JUREL,38980.798,37945.299,1035.4990000000003,4,0.9734356644007133,210408.72682236377,2826,7,55820.50827258315,2017-03-01
2017,4,JUREL,53285.75500000005,53221.42000000004,64.33500000000001,2,0.9987926416731825,169367.6244013108,7934,7,54265.89945637614,2017-04-01
2017,5,JUREL,70295.02900000004,70042.06700000004,252.96200000000002,2,0.9964014240608678,237437.14517437146,3699,7,58554.004376911995,2017-05-01
2017,6,JUREL,28097.368999999977,27953.60999999998,143.759,1,0.994883542298925,192340.8927680798,5213,7,57563.953752905705,2017-06-01
2017,7,JUREL,39117.077000000005,38917.289,199.78800000000004,2,0.9948925631636534,205032.2267991277,4127,13,42535.053417514,2017-07-01
2017,8,JUREL,19115.254000000008,19009.95400000001,105.29999999999998,1,0.9944913104476666,191147.0712178677,2373,13,43547.79278459767,2017-08-01
2017,9,JUREL,4576.857000000001,4461.796,115.06099999999999,3,0.974860258906931,151958.7912087912,364,9,116333.33333333334,2017-09-01
2017,10,JUREL,3,0,3,1,0,149000,22,6,0,2017-10-01
2017,11,JUREL,8.713999999999999,0,8.713999999999999,1,0,172000,136,3,0,2017-11-01
2017,12,JUREL,13798.444000000001,13721.647,76.797,3,0.994434372455329,NA,NA,NA,NA,2017-12-01
2018,1,JUREL,47397.35699999999,39894.35499999999,7503.002,3,0.8416999918370975,219728.0335872157,26998.058355000005,20,27680.279089709526,2018-01-01
2018,2,JUREL,50863.59,49425.35999999999,1438.2299999999998,3,0.9717237811959399,220839.8544504459,18773.711052000002,18,31154.31175925429,2018-02-01
2018,3,JUREL,41909.306,41463.056,446.25,4,0.9893520069265762,223368.02219125617,3563.7955500000003,14,33104.77496052214,2018-03-01
2018,4,JUREL,42882.01299999999,42474.59799999999,407.41499999999996,2,0.9904991633671675,217801.4470029408,4709.233,12,56216.841734807225,2018-04-01
2018,5,JUREL,65005.52299999998,64850.87099999998,154.652,2,0.9976209406083849,212212.1448226785,6000.4,9,55300.8052653847,2018-05-01
2018,6,JUREL,48548.88200000001,47225.61800000002,1323.2640000000001,2,0.9727436771870464,181837.9221895014,5621.298000000001,7,50370.10636516559,2018-06-01
2018,7,JUREL,44127.09000000001,42496.71700000001,1630.3729999999998,1,0.9630527868481698,209565.31043894743,8921.469819999998,13,10775.089981181785,2018-07-01
2018,8,JUREL,14828.786,14603.476,225.30999999999997,2,0.9848059038683274,209547.32861836313,4507.299756,15,22322.133787747425,2018-08-01
2018,9,JUREL,474.97599999999994,468.268,6.707999999999999,3,0.9858771811628377,200000,80.23,8,10690.449676496975,2018-09-01
2018,10,JUREL,30.944999999999997,0,30.944999999999997,2,0,210000,29.018,1,NA,2018-10-01
2018,11,JUREL,12.635,0,12.635,1,0,147157.8412709368,318.757,4,204999.76008116044,2018-11-01
2018,12,JUREL,48958.817000000025,47912.552000000025,1046.2650000000003,3,0.9786296919715197,197962.59323623177,11562.712580000001,12,31032.966344703742,2018-12-01
2019,1,JUREL,51711.32699999996,42049.51499999996,9661.812,3,0.8131586915183978,234041.28603388742,11845.1,8,41523.11808757003,2019-01-01
2019,2,JUREL,69625.81399999997,67072.54899999997,2553.265000000001,4,0.9633287590720304,200925.64574467944,7644.43,7,51088.357668706805,2019-02-01
2019,3,JUREL,75045.51199999997,74508.63999999997,536.872,4,0.9928460478755877,201069.99380985234,7899.649999999999,10,54416.8103912344,2019-03-01
2019,4,JUREL,57823.213,57543.908,279.305,3,0.9951696734666059,212095.75717803373,7366.919999999998,10,51762.91961369001,2019-04-01
2019,5,JUREL,47759.85200000001,47756.269000000015,3.583,2,0.9999249788294989,228550.31388989103,3797.509999999999,8,51686.31310677352,2019-05-01
2019,6,JUREL,57879.61599999997,57239.92199999997,639.694,2,0.9889478534204511,229816.99504469786,3995.72,6,32661.496230270895,2019-06-01
2019,7,JUREL,38361.75800000001,38349.418000000005,12.34,2,0.9996783254823722,228908.00870279796,1010.02,5,39618.20521174577,2019-07-01
2019,8,JUREL,4029.446000000001,4029.446000000001,0,1,1,NA,NA,NA,NA,2019-08-01
2019,9,JUREL,60.07300000000001,0,60.07300000000001,1,0,NA,NA,NA,NA,2019-09-01
2019,10,JUREL,22.408,0,22.408,1,0,112042,333.73,2,0,2019-10-01
2019,11,JUREL,575.264,0,575.264,2,0,120397,32.48,2,0,2019-11-01
2019,12,JUREL,16978.401000000005,16447.355000000007,531.046,3,0.9687222607123016,171768.30591640627,5175.270000000001,8,64522.19370993873,2019-12-01
2020,1,JUREL,80473.19799999999,69904.875,10568.323,2,0.8686727598423516,227321.62615509244,30271.061,13,53593.47086573044,2020-01-01
2020,2,JUREL,102478.11599999994,99736.36499999992,2741.751,3,0.973245497604581,203449.63310074832,15375.169000000002,13,37566.799690343054,2020-02-01
2020,3,JUREL,77125.61100000002,74999.18800000002,2126.4229999999993,2,0.9724290936249439,182593.17390652758,10823.021,11,39835.9474556701,2020-03-01
2020,4,JUREL,60908.149999999965,60896.64699999997,11.503,2,0.999811141858684,181647.7382717235,15891.507999999998,13,40064.98782523087,2020-04-01
2020,5,JUREL,66974.86999999998,66967.25999999998,7.609999999999999,2,0.9998863752927031,161107.41030669273,6271.75,7,16089.60674591195,2020-05-01
2020,6,JUREL,51820.873999999996,51810.274,10.6,2,0.9997954492238013,212821.43406247682,8324.562,8,38338.98162072495,2020-06-01
2020,7,JUREL,24631.67599999998,24626.47599999998,5.2,2,0.9997888897206995,210000,1684.0600000000002,3,0,2020-07-01
2020,8,JUREL,6927.787,6714.819,212.968,2,0.9692588701124905,169950.4493310047,545.669,3,25130.90251728603,2020-08-01
2020,9,JUREL,900.75,893.375,7.375,2,0.9918123785734111,219469,27.323999999999998,1,NA,2020-09-01
2020,10,JUREL,NA,NA,NA,NA,NA,127061.99999999999,277.884,1,NA,2020-10-01
2020,11,JUREL,1411.473,1199.078,212.39500000000004,2,0.8495224492427415,130718,8.115,1,NA,2020-11-01
2020,12,JUREL,23264.14200000001,23047.85200000001,216.29,3,0.9907028593618453,150186,790.0939999999999,2,0,2020-12-01
2021,1,JUREL,90400.38299999997,76789.71599999999,13610.666999999998,2,0.8494401622170119,219774.4452758191,19720.752,8,53664.853051801314,2021-01-01
2021,2,JUREL,84373.05900000002,80523.96300000002,3849.0960000000005,3,0.9543800349824936,199864.35234991327,10074.244,8,44956.59067525981,2021-02-01
2021,3,JUREL,72789.49000000003,72784.29000000004,5.2,2,0.9999285611150731,175508.15910200603,23306.972000000005,8,43193.0042318363,2021-03-01
2021,4,JUREL,72246.508,72216.459,30.049,3,0.9995840767833374,216099.726926736,10499.739,8,44089.67096724583,2021-04-01
2021,5,JUREL,70916.72200000004,70915.00200000004,1.72,3,0.9999757461998878,236795.48816319808,7843.376999999999,6,47583.57922084747,2021-05-01
2021,6,JUREL,65446.401000000005,65440.95300000001,5.448,2,0.9999167563087236,236675.49988526417,8541.360000000004,6,50338.87801689664,2021-06-01
2021,7,JUREL,37352.678,37343.278,9.4,2,0.9997483446836127,151703.0025423891,209.252,5,9873.375446117705,2021-07-01
2021,8,JUREL,795.2,780.605,14.594999999999999,2,0.9816461267605634,NA,NA,NA,NA,2021-08-01
2021,9,JUREL,59.688,0,59.688,2,0,166797,1724.564,2,0,2021-09-01
2021,10,JUREL,9.5,0,9.5,1,0,171564.79685274645,5718.192000000001,5,8419.043431411908,2021-10-01
2021,11,JUREL,72.262,0,72.262,2,0,172567.91158284651,6444.054999999999,5,5733.66440420086,2021-11-01
2021,12,JUREL,31153.925999999996,31036.995999999996,116.92999999999999,2,0.996246700977591,185543.89819517365,8280.963,5,6543.916587182327,2021-12-01
2022,1,JUREL,97014.66299999996,78399.96099999995,18614.702000000005,4,0.8081248604656802,184303.03633029488,4166.798,8,61174.31633572096,2022-01-01
2022,2,JUREL,78072.56200000002,73012.45700000002,5060.1050000000005,4,0.9351871532024273,182624.91091193544,7975.871999999999,4,1105.6257654981332,2022-02-01
2022,3,JUREL,82880.50599999998,82806.70599999998,73.8,3,0.9991095614208726,171675.79071399884,5330.863,6,8642.705240066136,2022-03-01
2022,4,JUREL,65485.17499999998,65230.20999999998,254.965,3,0.9961065233466964,184892.50378231658,3182.3089999999997,6,18211.04017530758,2022-04-01
2022,5,JUREL,90509.64799999997,90334.55699999996,175.09099999999998,2,0.9980654990504436,182247.37645379273,1523.515,6,36198.2384801618,2022-05-01
2022,6,JUREL,72138.65099999997,72132.90099999997,5.75,2,0.9999202923825121,231393.272517438,138.204,4,22329.021660908777,2022-06-01
2022,7,JUREL,55775.654,55638.51400000001,137.14,3,0.9975412211213159,215931.89212131893,3835.642,6,24497.43615972904,2022-07-01
2022,8,JUREL,13262.097000000002,13164.936000000002,97.161,3,0.9926737830374789,214901,1753.478,2,0,2022-08-01
2022,9,JUREL,2876.5870000000004,2851.987,24.6,3,0.9914481988551014,NA,NA,NA,NA,2022-09-01
2022,10,JUREL,170.68,0,170.68,1,0,NA,NA,NA,NA,2022-10-01
2022,11,JUREL,2653.804,802.2579999999999,1851.5459999999998,3,0.30230491777086776,209411.73607493826,6852.896000000001,8,25369.215394140312,2022-11-01
2022,12,JUREL,55399.36,44259.238999999994,11140.121,3,0.7989124603605527,213535.63433384162,20749.120000000003,8,26452.72344066999,2022-12-01
2023,1,JUREL,98336.59599999995,80260.95099999996,18075.644999999993,4,0.8161859802427979,290081.35558311,12840.039,3,6085.271837258656,2023-01-01
2023,2,JUREL,116416.41099999996,110197.18599999994,6219.2249999999985,4,0.9465777638515241,281273.9220091185,24064.762,6,53516.51450782895,2023-02-01
2023,3,JUREL,95917.84100000001,95017.979,899.8619999999999,5,0.9906184085190157,224204.71454198763,5535.942,6,48661.23601971765,2023-03-01
2023,4,JUREL,93841.48000000004,93026.96200000004,814.518,4,0.9913202775574299,287478.4244176193,5965.299,4,47262.5,2023-04-01
2023,5,JUREL,91945.89899999999,90676.806,1269.0930000000003,2,0.9861973941872058,282976.15918033087,17509.211,5,44541.34609887761,2023-05-01
2023,6,JUREL,78424.89100000003,77007.56400000004,1417.3269999999998,3,0.9819275872503286,283804.6223600733,5057.9529999999995,5,38627.585645494335,2023-06-01
2023,7,JUREL,21642.241999999995,21545.281999999996,96.96,2,0.9955198726638396,219132,1547.183,2,0,2023-07-01
2023,8,JUREL,911.177,883.527,27.65,2,0.9696546335124789,NA,NA,NA,NA,2023-08-01
2023,9,JUREL,19.580000000000002,0,19.580000000000002,2,0,226828,92.03,1,NA,2023-09-01
2023,10,JUREL,52.659,0,52.659,2,0,257500.57908178584,5795.771999999999,5,33894.31530212699,2023-10-01
2023,11,JUREL,38856.918000000005,21617.58100000001,17239.336999999996,2,0.5563380245443039,278127.64811893884,9255.042000000001,6,12200.57130902757,2023-11-01
2023,12,JUREL,68828.97399999997,63925.218999999975,4903.754999999999,2,0.9287544951636211,244939.50475453815,6371.070999999999,5,45781.898444690996,2023-12-01
2024,1,JUREL,143748.73200000008,117458.11900000006,26290.612999999987,2,0.8171071658566004,298213.6202138684,21288.513,6,34874.75782711616,2024-01-01
2024,2,JUREL,124846.62100000009,118058.80500000008,6787.816000000001,3,0.9456307592017248,229000,3605.926,2,0,2024-02-01
2024,3,JUREL,104571.62199999997,101778.46599999996,2793.155999999999,3,0.9732895412103293,269379.90003544994,15966.160000000002,5,38057.481012279306,2024-03-01
2024,4,JUREL,122787.62799999988,120360.37499999988,2427.2529999999992,3,0.9802321044918304,283970.7257378178,23341.501,5,46833.629840105285,2024-04-01
2024,5,JUREL,85034.45199999998,83259.93499999995,1774.5170000000003,4,0.9791317876664858,265026.6407802759,13650.197,4,60660.46073294641,2024-05-01
2024,6,JUREL,31222.401999999987,30963.561999999987,258.84000000000003,2,0.9917097986247182,201225.99999999997,3299.22,2,0,2024-06-01
2024,7,JUREL,68234.03600000004,67392.85300000003,841.1829999999998,2,0.9876720908023087,NA,NA,NA,NA,2024-07-01
2024,8,JUREL,40839.33799999999,40742.51799999999,96.82,3,0.9976292465857307,NA,NA,NA,NA,2024-08-01
2024,9,JUREL,3977.685,3974.985,2.7,2,0.9993212132182413,NA,NA,NA,NA,2024-09-01
2024,10,JUREL,8932.036,8190.687000000001,741.349,2,0.9170011182220942,268301.20494249667,125.645,2,38713.38916318229,2024-10-01
2024,11,JUREL,34756.84799999999,22682.977999999992,12073.869999999995,3,0.6526189601542693,272174,6816.85,2,0,2024-11-01
2024,12,JUREL,113863.534,97661.015,16202.519000000002,5,0.8577023000181955,250715.78116240283,9557.599,3,86823.0881812743,2024-12-01
2012,1,SARDINA COMUN,16.880000000000003,0,16.880000000000003,2,0,NA,NA,NA,NA,2012-01-01
2012,2,SARDINA COMUN,34840.46299999999,18585.22,16255.242999999997,4,0.5334378019029198,67854.35493707379,18037,6,3224.9030993194197,2012-02-01
2012,3,SARDINA COMUN,246995.89999999973,14111.308999999996,232884.59099999972,5,0.05713175400887226,65604.61685965041,149149,18,7025.630016175276,2012-03-01
2012,4,SARDINA COMUN,190814.7750000001,23250.824000000004,167563.95100000012,6,0.12185022884103179,69712.71264616177,120329,20,8706.319543871567,2012-04-01
2012,5,SARDINA COMUN,60009.51300000002,17293.07399999999,42716.43900000003,5,0.2881722102960573,74127.29975388064,41037,16,10427.527671185213,2012-05-01
2012,6,SARDINA COMUN,31836.168999999998,18735.995000000003,13100.173999999999,5,0.5885128640949231,82294.26988974585,19319,14,13643.820804812929,2012-06-01
2012,7,SARDINA COMUN,43739.299000000035,8593.246,35146.053000000036,5,0.19646510567076056,77403.13395615439,26867,12,12658.689673201734,2012-07-01
2012,8,SARDINA COMUN,19686.011999999995,9553.973000000002,10132.039,5,0.48531784903920633,80633.6748782792,13761,11,10462.921545759926,2012-08-01
2012,9,SARDINA COMUN,1097.4330000000002,0,1097.4330000000002,4,0,84000,1092,2,0,2012-09-01
2012,10,SARDINA COMUN,50721.09699999997,14513.606,36207.49099999997,4,0.28614534894621874,82776.39929927343,34821,18,9432.248950353141,2012-10-01
2012,11,SARDINA COMUN,108437.95500000002,61749.652,46688.303000000014,5,0.5694468509665273,85450.21333333333,75000,16,10142.320576015465,2012-11-01
2012,12,SARDINA COMUN,60548.53400000001,16546.941000000003,44001.59300000001,5,0.27328392459510253,91322.45733174428,44471,13,7057.456504130387,2012-12-01
2013,1,SARDINA COMUN,381.685,0,381.685,3,0,NA,NA,NA,NA,2013-01-01
2013,2,SARDINA COMUN,12087.563000000004,1071.941,11015.622000000003,5,0.08868131649034629,95310.21925802788,7987.443,4,33453.40664765448,2013-02-01
2013,3,SARDINA COMUN,67779.91399999999,470.75,67309.16399999999,6,0.006945272901939652,108863.55015116195,47632.356,20,41446.495031038445,2013-03-01
2013,4,SARDINA COMUN,22539.18099999999,17.96,22521.22099999999,6,7.968346321013176e-4,128141.30206602972,19030.219999999998,14,80542.17496224168,2013-04-01
2013,5,SARDINA COMUN,19175.103000000003,5677.764999999999,13497.338,5,0.2961008866549504,124812.60928780187,17727.23,17,60130.037119623936,2013-05-01
2013,6,SARDINA COMUN,10071.040999999997,3301.308,6769.732999999998,4,0.3278020613757804,161448.7712422397,8552.335000000001,13,85048.0321220505,2013-06-01
2013,7,SARDINA COMUN,33626.899000000005,3569.8379999999997,30057.061,4,0.10616019038805806,151384.31118265612,16708.052,9,183413.79736730398,2013-07-01
2013,8,SARDINA COMUN,8.678,0,8.678,3,0,NA,NA,NA,NA,2013-08-01
2013,9,SARDINA COMUN,114.35099999999998,0,114.35099999999998,5,0,NA,NA,NA,NA,2013-09-01
2013,10,SARDINA COMUN,13120.516999999998,5716.905000000001,7403.611999999997,5,0.43572254050659753,119079.8659527451,6704.657999999999,10,41912.38280243415,2013-10-01
2013,11,SARDINA COMUN,34613.967000000004,18498.322000000004,16115.645000000006,5,0.5344178550814473,191597.8488072175,19840.709000000003,10,142093.98907358624,2013-11-01
2013,12,SARDINA COMUN,24428.419,16139.374000000003,8289.044999999998,4,0.6606802511451929,224452.74126580585,18518.48,9,152710.71239829395,2013-12-01
2014,1,SARDINA COMUN,43.975,0,43.975,3,0,NA,NA,NA,NA,2014-01-01
2014,2,SARDINA COMUN,16066.774000000009,83.224,15983.550000000008,4,0.005179882408254449,88498.77288236952,12444.132999999998,4,967.0617008926232,2014-02-01
2014,3,SARDINA COMUN,196372.08499999964,7321.98,189050.10499999963,5,0.037286256852647935,90363.32546164685,103939.565,18,22746.04136958623,2014-03-01
2014,4,SARDINA COMUN,119650.44299999997,10417.145,109233.29799999997,4,0.08706315445902697,92605.17740141449,63651.86000000001,18,23285.418816029665,2014-04-01
2014,5,SARDINA COMUN,48241.11200000004,18739.271,29501.841000000022,5,0.3884502289250709,95798.67498336907,29711.215000000004,14,6517.142571457471,2014-05-01
2014,6,SARDINA COMUN,42433.87700000003,17375.662000000004,25058.215000000022,4,0.4094761833805568,96635.35330349782,25408.871000000003,10,7181.574138802099,2014-06-01
2014,7,SARDINA COMUN,41888.491999999984,12038.920999999998,29849.570999999993,3,0.28740402017814354,96982.84241640715,25171.288,10,10268.045500483528,2014-07-01
2014,8,SARDINA COMUN,37.76800000000001,0,37.76800000000001,3,0,119060,25.4,2,0,2014-08-01
2014,9,SARDINA COMUN,0.631,0,0.631,2,0,NA,NA,NA,NA,2014-09-01
2014,10,SARDINA COMUN,32348.782000000025,1879.939,30468.843000000026,3,0.05811467646602579,106455.73647776646,14960.916,8,14763.80836466565,2014-10-01
2014,11,SARDINA COMUN,44138.743999999984,7019.79,37118.95399999998,4,0.1590391878844582,114335.69768920467,21201.617999999995,12,19952.955716338914,2014-11-01
2014,12,SARDINA COMUN,5792.637999999999,330.949,5461.6889999999985,4,0.05713269153018022,125058.10812310153,3866.5649999999996,10,21795.639243767193,2014-12-01
2015,1,SARDINA COMUN,208.757,0,208.757,4,0,NA,NA,NA,NA,2015-01-01
2015,2,SARDINA COMUN,17016.056000000008,146.542,16869.514000000006,4,0.008611983881576314,100000,146.542,2,0,2015-02-01
2015,3,SARDINA COMUN,79484.26,36244.96999999999,43239.29000000001,5,0.45600185495845325,119660.25043980067,20178.415964,11,13276.20621330438,2015-03-01
2015,4,SARDINA COMUN,102946.97500000006,4245.856,98701.11900000008,4,0.04124313511883178,112502.83501309165,34631.668999999994,8,10705.17665164182,2015-04-01
2015,5,SARDINA COMUN,71163.354,1373.631,69789.723,5,0.01930250505056296,114376.88936733769,22558.085,9,9185.691315543128,2015-05-01
2015,6,SARDINA COMUN,13037.400000000001,2241.71,10795.690000000002,4,0.17194455949805942,103816.5394888139,3730.031,4,12624.918336369547,2015-06-01
2015,7,SARDINA COMUN,12892.246000000006,1732.915,11159.331000000006,4,0.13441529117579662,110436.78163278924,4211.113000000001,9,10519.713007016875,2015-07-01
2015,8,SARDINA COMUN,4677.280000000002,1167.29,3509.9900000000016,4,0.24956598706940777,124018,883.565,2,0,2015-08-01
2015,9,SARDINA COMUN,33.949999999999996,0,33.949999999999996,4,0,NA,NA,NA,NA,2015-09-01
2015,10,SARDINA COMUN,34077.630999999994,24220.09799999999,9857.533,4,0.7107330318824098,127608.7068702433,10352.006000000001,5,1550.6025602971254,2015-10-01
2015,11,SARDINA COMUN,79735.07600000019,7047.602000000001,72687.47400000019,5,0.0883877253719553,126827.093405315,18390.613,12,11401.276742367963,2015-11-01
2015,12,SARDINA COMUN,23926.19099999999,1019.238,22906.95299999999,4,0.0425992586952098,131003.75228373919,9137.208,9,19182.556154254078,2015-12-01
2016,1,SARDINA COMUN,239.86900000000003,0,239.86900000000003,3,0,117678,151,2,0,2016-01-01
2016,2,SARDINA COMUN,29493.965000000004,13750.242999999999,15743.722000000005,4,0.4662053067466513,118736.95757394681,3347,4,12778.493507973988,2016-02-01
2016,3,SARDINA COMUN,40715.301000000014,13709.154,27006.147000000015,4,0.3367076667319737,120203.68639352554,5931,6,727.0880735280057,2016-03-01
2016,4,SARDINA COMUN,16313.857000000009,0,16313.857000000009,4,0,110484.04986449865,1845,9,352761.56747078395,2016-04-01
2016,5,SARDINA COMUN,26720.11800000001,3210.3749999999995,23509.74300000001,5,0.1201482343753122,106501.42575126124,4559,4,11547.005383792515,2016-05-01
2016,6,SARDINA COMUN,33770.975,18990.001999999997,14780.973,5,0.5623172561645021,118277.90096082778,5412,5,474151.87440312834,2016-06-01
2016,7,SARDINA COMUN,20547.013,9758.721000000001,10788.291999999998,4,0.4749459690320925,124710.61320629879,7557,10,12129.189250637397,2016-07-01
2016,8,SARDINA COMUN,71.38700000000003,0,71.38700000000003,2,0,NA,NA,NA,NA,2016-08-01
2016,9,SARDINA COMUN,208.07800000000003,0,208.07800000000003,4,0,NA,NA,NA,NA,2016-09-01
2016,10,SARDINA COMUN,28470.199000000004,17379.022,11091.177000000003,5,0.6104285396810889,121613.99881270407,10107,5,5525.161463704024,2016-10-01
2016,11,SARDINA COMUN,60041.66000000004,5718.536000000001,54323.12400000004,4,0.09524280308039447,121985.78898280385,20586,10,8869.195268518508,2016-11-01
2016,12,SARDINA COMUN,25501.561999999998,2666.308,22835.254,4,0.10455469355171264,119736.04076590488,8095,9,658.2887115679393,2016-12-01
2017,1,SARDINA COMUN,202.53199999999998,0,202.53199999999998,4,0,NA,NA,NA,NA,2017-01-01
2017,2,SARDINA COMUN,20605.559,8094.899000000001,12510.66,5,0.3928502497796833,100000,1090,2,0,2017-02-01
2017,3,SARDINA COMUN,169656.5179999997,500.524,169155.9939999997,5,0.002950219690351071,103741.60738341598,69778,12,7767.2177670584915,2017-03-01
2017,4,SARDINA COMUN,34265.107999999986,0,34265.107999999986,4,0,113334.56791679798,12692,12,16172.580853941425,2017-04-01
2017,5,SARDINA COMUN,30949.613000000027,47.353,30902.260000000028,5,0.0015300029761276808,108550.36991869919,9840,12,9269.308625046619,2017-05-01
2017,6,SARDINA COMUN,13014.722000000002,0,13014.722000000002,4,0,101313.07952796305,1949,10,15862.298048447385,2017-06-01
2017,7,SARDINA COMUN,12926.533999999996,0,12926.533999999996,4,0,97534.69526074402,5887,12,13688.082169437497,2017-07-01
2017,8,SARDINA COMUN,93.36199999999997,0,93.36199999999997,2,0,NA,NA,NA,NA,2017-08-01
2017,9,SARDINA COMUN,24.794999999999998,0,24.794999999999998,4,0,NA,NA,NA,NA,2017-09-01
2017,10,SARDINA COMUN,20624.767,11123.771,9500.996,4,0.5393404444278086,106444.96859400999,9616,12,6742.877191391062,2017-10-01
2017,11,SARDINA COMUN,28720.39000000003,2905.9799999999996,25814.41000000003,4,0.1011817736458313,133948.4129545097,12706,12,37982.84754781965,2017-11-01
2017,12,SARDINA COMUN,13904.765000000007,0,13904.765000000007,4,0,101519.72331098505,3878,11,6550.154331283833,2017-12-01
2018,1,SARDINA COMUN,25.075999999999997,0,25.075999999999997,5,0,NA,NA,NA,NA,2018-01-01
2018,2,SARDINA COMUN,15461.511,6917.638,8543.873,5,0.4474102175395406,174455.20454043007,2076.191,5,52345.844820768725,2018-02-01
2018,3,SARDINA COMUN,129505.82700000006,1228.394,128277.43300000006,4,0.009485241154438552,119354.67826756596,78509.517,17,13412.45958932567,2018-03-01
2018,4,SARDINA COMUN,76365.92200000002,0,76365.92200000002,4,0,125119.6159755057,53092.241,14,19473.143683624297,2018-04-01
2018,5,SARDINA COMUN,31355.127999999968,0,31355.127999999968,4,0,110376.62295306468,15940.599000000002,12,17733.954903381014,2018-05-01
2018,6,SARDINA COMUN,23661.932000000004,0,23661.932000000004,3,0,132146.44820132843,10406.319,10,17319.95361040747,2018-06-01
2018,7,SARDINA COMUN,1343.4790000000003,0,1343.4790000000003,4,0,102886.35594628593,1203.558,7,6322.755897775681,2018-07-01
2018,8,SARDINA COMUN,60.001,0,60.001,4,0,NA,NA,NA,NA,2018-08-01
2018,9,SARDINA COMUN,161.82000000000002,0,161.82000000000002,3,0,NA,NA,NA,NA,2018-09-01
2018,10,SARDINA COMUN,12456.342999999997,1986.486,10469.856999999996,4,0.15947585900613048,122040.81410032137,10809.938000000002,13,12927.454432430388,2018-10-01
2018,11,SARDINA COMUN,47184.33100000007,0,47184.33100000007,4,0,123933.49046643426,27431.604,17,18683.42517466626,2018-11-01
2018,12,SARDINA COMUN,7839.774000000001,0,7839.774000000001,4,0,142552.15706337342,4631.137000000001,16,31117.603395291655,2018-12-01
2019,1,SARDINA COMUN,68.83,0,68.83,3,0,NA,NA,NA,NA,2019-01-01
2019,2,SARDINA COMUN,12962.758,0,12962.758,5,0,116079,11544.529999999999,3,0,2019-02-01
2019,3,SARDINA COMUN,108830.06100000029,0,108830.06100000029,4,0,126954.42713754895,48141.11999999999,14,16217.931004475699,2019-03-01
2019,4,SARDINA COMUN,65829.34599999996,0,65829.34599999996,4,0,128188.26219219918,34151.55,15,20683.444421634835,2019-04-01
2019,5,SARDINA COMUN,32305.72100000002,0,32305.72100000002,4,0,122832.93002335352,13715.289999999999,15,27225.810277329543,2019-05-01
2019,6,SARDINA COMUN,14043.367000000007,0,14043.367000000007,4,0,125330.47122488466,4672.44,13,21178.579470716064,2019-06-01
2019,7,SARDINA COMUN,7664.082999999995,900.633,6763.449999999995,4,0.11751347160514841,118993.26413637224,2123.5999999999995,10,58838.73740015538,2019-07-01
2019,8,SARDINA COMUN,10.86,0,10.86,3,0,NA,NA,NA,NA,2019-08-01
2019,9,SARDINA COMUN,14.240999999999998,0,14.240999999999998,4,0,NA,NA,NA,NA,2019-09-01
2019,10,SARDINA COMUN,467.69100000000003,462.422,5.269000000000001,5,0.9887340145523433,NA,NA,NA,NA,2019-10-01
2019,11,SARDINA COMUN,47715.96300000003,2180.071,45535.89200000002,4,0.04568850470438998,141405.3869360046,17590.789999999997,9,47202.38060674954,2019-11-01
2019,12,SARDINA COMUN,30366.256999999994,0,30366.256999999994,4,0,142279.26261283853,15372.629999999997,14,49473.284478139765,2019-12-01
2020,1,SARDINA COMUN,78.443,0,78.443,3,0,NA,NA,NA,NA,2020-01-01
2020,2,SARDINA COMUN,6170.065,0,6170.065,5,0,124176,5300.462,2,0,2020-02-01
2020,3,SARDINA COMUN,35224.99100000004,0,35224.99100000004,5,0,138130.2926255104,18087.367,10,14477.397095702896,2020-03-01
2020,4,SARDINA COMUN,104305.04799999992,5.725,104299.3229999999,4,5.488708465960347e-5,150285.93167652714,48640.691999999995,12,24783.762446408335,2020-04-01
2020,5,SARDINA COMUN,37355.82299999999,45.374,37310.44899999999,4,0.001214643296709057,157932.2927612635,19107.644,11,19656.590392398815,2020-05-01
2020,6,SARDINA COMUN,8706.608999999997,0,8706.608999999997,4,0,149435.00907848997,4679.743,8,18300.47472257014,2020-06-01
2020,7,SARDINA COMUN,4312.121,0,4312.121,4,0,170707.4114135837,834.97,4,25475.003277723048,2020-07-01
2020,8,SARDINA COMUN,332.18399999999997,0,332.18399999999997,4,0,NA,NA,NA,NA,2020-08-01
2020,9,SARDINA COMUN,24.611000000000004,0,24.611000000000004,3,0,NA,NA,NA,NA,2020-09-01
2020,10,SARDINA COMUN,8246.539,3478.168,4768.371,4,0.4217730614018802,NA,NA,NA,NA,2020-10-01
2020,11,SARDINA COMUN,30231.040000000008,1163.963,29067.077000000005,4,0.038502248020577515,158105.35953720604,4921.499,6,27889.349599204827,2020-11-01
2020,12,SARDINA COMUN,27299.390999999992,2843.7300000000005,24455.660999999993,4,0.10416825781937777,169271.10800736642,4068.2039999999997,6,61298.95856429102,2020-12-01
2021,1,SARDINA COMUN,753.226,0,753.226,3,0,NA,NA,NA,NA,2021-01-01
2021,2,SARDINA COMUN,4135.686,0,4135.686,4,0,NA,NA,NA,NA,2021-02-01
2021,3,SARDINA COMUN,184713.50999999992,0,184713.50999999992,5,0,144425.82069892983,44265.95999999999,6,19629.152408259168,2021-03-01
2021,4,SARDINA COMUN,95610.4170000002,0,95610.4170000002,4,0,147596.76470616524,17259.547000000002,6,20160.30464716907,2021-04-01
2021,5,SARDINA COMUN,20628.11200000001,0,20628.11200000001,4,0,151221.00129293578,2971.5319999999992,6,26565.84941612069,2021-05-01
2021,6,SARDINA COMUN,5552.879000000003,0,5552.879000000003,4,0,176852.7157586326,394.55199999999996,4,34214.931652715604,2021-06-01
2021,7,SARDINA COMUN,1719.8900000000003,0,1719.8900000000003,4,0,144209,336.662,2,0,2021-07-01
2021,8,SARDINA COMUN,5.588000000000001,0,5.588000000000001,3,0,NA,NA,NA,NA,2021-08-01
2021,9,SARDINA COMUN,2.6029999999999998,0,2.6029999999999998,3,0,NA,NA,NA,NA,2021-09-01
2021,10,SARDINA COMUN,4915.9180000000015,0,4915.9180000000015,4,0,NA,NA,NA,NA,2021-10-01
2021,11,SARDINA COMUN,19248.929999999982,0,19248.929999999982,3,0,147465.73034421893,983.502,4,17912.292101608138,2021-11-01
2021,12,SARDINA COMUN,6931.9569999999985,0,6931.9569999999985,4,0,NA,NA,NA,NA,2021-12-01
2022,1,SARDINA COMUN,13.216999999999999,0,13.216999999999999,2,0,NA,NA,NA,NA,2022-01-01
2022,2,SARDINA COMUN,14733.465,0,14733.465,4,0,NA,NA,NA,NA,2022-02-01
2022,3,SARDINA COMUN,110846.89700000001,0,110846.89700000001,4,0,182376,19420.5,2,0,2022-03-01
2022,4,SARDINA COMUN,33162.710999999974,27.53,33135.180999999975,3,8.301492601132647e-4,185527,4983.149,2,0,2022-04-01
2022,5,SARDINA COMUN,10287.694000000001,0,10287.694000000001,3,0,197958,1262.83,2,0,2022-05-01
2022,6,SARDINA COMUN,12472.874,0,12472.874,3,0,186367,562.275,2,0,2022-06-01
2022,7,SARDINA COMUN,1201.3180000000002,0,1201.3180000000002,4,0,231917,163.366,2,0,2022-07-01
2022,8,SARDINA COMUN,24.739,0,24.739,3,0,NA,NA,NA,NA,2022-08-01
2022,9,SARDINA COMUN,0.36300000000000004,0,0.36300000000000004,2,0,NA,NA,NA,NA,2022-09-01
2022,10,SARDINA COMUN,7973.253000000001,5393.816999999999,2579.436000000001,5,0.6764888810125552,206435,1288.961,2,0,2022-10-01
2022,11,SARDINA COMUN,18881.94899999999,24.244,18857.704999999987,4,0.001283977623284546,186638.436469386,3188.148,4,36747.767283650486,2022-11-01
2022,12,SARDINA COMUN,14344.204,0,14344.204,4,0,140000,121.379,2,0,2022-12-01
2023,1,SARDINA COMUN,137.907,0,137.907,2,0,NA,NA,NA,NA,2023-01-01
2023,2,SARDINA COMUN,5676.290999999999,0,5676.290999999999,4,0,NA,NA,NA,NA,2023-02-01
2023,3,SARDINA COMUN,206754.27699999974,0,206754.27699999974,5,0,177881.75766877903,51485.673,4,19052.55888325765,2023-03-01
2023,4,SARDINA COMUN,101672.79099999997,0,101672.79099999997,3,0,186545.15640408322,24271.585,5,23004.347415216977,2023-04-01
2023,5,SARDINA COMUN,40972.838999999985,0,40972.838999999985,3,0,193971.28200244685,8526.848,5,31220.185777794468,2023-05-01
2023,6,SARDINA COMUN,8954.294999999998,638.999,8315.295999999998,4,0.07136229038690373,207218.04274874038,2324.934,5,33411.076007815136,2023-06-01
2023,7,SARDINA COMUN,2165.456,0,2165.456,4,0,231000,367.149,2,0,2023-07-01
2023,8,SARDINA COMUN,10.171,0,10.171,3,0,NA,NA,NA,NA,2023-08-01
2023,9,SARDINA COMUN,0.17300000000000001,0,0.17300000000000001,3,0,NA,NA,NA,NA,2023-09-01
2023,10,SARDINA COMUN,4059.0409999999993,322.181,3736.859999999999,4,0.07937367471774738,271000,207.792,2,0,2023-10-01
2023,11,SARDINA COMUN,26515.151000000023,0,26515.151000000023,3,0,246000,3306.15,2,0,2023-11-01
2023,12,SARDINA COMUN,13455.284999999996,0,13455.284999999996,4,0,222999.99999999997,766.363,2,0,2023-12-01
2024,1,SARDINA COMUN,0.048,0,0.048,1,0,NA,NA,NA,NA,2024-01-01
2024,2,SARDINA COMUN,5675.273999999992,0,5675.273999999992,3,0,NA,NA,NA,NA,2024-02-01
2024,3,SARDINA COMUN,63773.90400000001,0,63773.90400000001,3,0,190000,3112.291,3,0,2024-03-01
2024,4,SARDINA COMUN,10462.345000000001,128.686,10333.659000000001,4,0.012299919377539164,190000,498.119,3,0,2024-04-01
2024,5,SARDINA COMUN,9202.514,265.264,8937.249999999998,4,0.028825166688146307,190000,262.32,3,0,2024-05-01
2024,6,SARDINA COMUN,954.9939999999997,0,954.9939999999997,3,0,190000,2.792,2,0,2024-06-01
2024,7,SARDINA COMUN,13324.86200000001,0,13324.86200000001,3,0,NA,NA,NA,NA,2024-07-01
2024,8,SARDINA COMUN,73.35,0,73.35,2,0,NA,NA,NA,NA,2024-08-01
2024,9,SARDINA COMUN,49.934000000000005,0,49.934000000000005,3,0,NA,NA,NA,NA,2024-09-01
2024,10,SARDINA COMUN,2955.3580000000006,518.542,2436.8160000000007,5,0.17545826935349285,NA,NA,NA,NA,2024-10-01
2024,11,SARDINA COMUN,14975.000999999997,1640.0839999999998,13334.916999999996,4,0.10952146180157185,NA,NA,NA,NA,2024-11-01
2024,12,SARDINA COMUN,8168.041000000002,0,8168.041000000002,4,0,NA,NA,NA,NA,2024-12-01
