ANIO,MES,NM_RECURSO,PRECIO_MACRO,Q_MUESTRA_TOTAL,N_REGIONES_PRECIO,N_PLANTAS_TOTAL,CV_PRECIO_REGIONAL,N_OUTLIERS_PRECIO,FECHA,Q_MACRO,Q_INDUSTRIAL_MACRO,Q_ARTESANAL_MACRO,N_REGIONES_DESEMB,N_OUTLIERS_CANTIDAD,SHARE_INDUSTRIAL,SHARE_ARTESANAL
2012,1,JUREL,164000,555,1,1,NA,0,2012-01-01,67350.71600000001,66814.505,536.211,4,0,0.9920385256186436,0.007961474381356241
2012,2,ANCHOVETA,62000,10,1,1,NA,0,2012-02-01,257.86599999999993,249.91999999999993,7.946,2,0,0.9691855459812461,0.030814454018753934
2012,2,SARDINA COMUN,66527.34234773244,8357,2,2,0.05481447916174787,0,2012-02-01,34840.46299999999,18585.22,16255.242999999997,4,1,0.5334378019029198,0.46656219809708044
2012,3,ANCHOVETA,62694.845360824744,1455,1,3,NA,0,2012-03-01,6729.8769999999995,1053.2960000000005,5676.580999999999,5,1,0.15651043845229276,0.8434895615477073
2012,3,JUREL,59000,226,1,1,NA,0,2012-03-01,25882.192000000003,25575.942,306.25,2,0,0.9881675400599762,0.011832459940023625
2012,3,SARDINA COMUN,63621.375583844674,109190,2,7,0.022403001781846586,0,2012-03-01,246995.89999999973,14111.308999999996,232884.59099999972,5,3,0.05713175400887226,0.9428682459911277
2012,4,ANCHOVETA,64809.253359191025,7219,2,4,0.200144482883664,0,2012-04-01,30577.223999999987,1966.032,28611.191999999988,6,1,0.064297269104612,0.935702730895388
2012,4,SARDINA COMUN,67599.12067486417,83928,3,8,0.16643606209549433,0,2012-04-01,190814.7750000001,23250.824000000004,167563.95100000012,6,2,0.12185022884103179,0.8781497711589683
2012,5,ANCHOVETA,62510.38062283737,2312,2,3,0.20127894873676033,0,2012-05-01,10886.609000000002,737.2610000000001,10149.348000000002,5,1,0.06772182228644383,0.9322781777135561
2012,5,SARDINA COMUN,71166.45939325419,26535,3,6,0.20393800396400447,0,2012-05-01,60009.51300000002,17293.07399999999,42716.43900000003,5,2,0.2881722102960573,0.7118277897039427
2012,6,ANCHOVETA,65468.93787575151,499,2,3,0.2878850836772574,0,2012-06-01,2786.3179999999998,548.9399999999999,2237.378,5,0,0.19701268842967673,0.8029873115703234
2012,6,SARDINA COMUN,82945.61727794532,10279,3,5,0.28125531970924594,0,2012-06-01,31836.168999999998,18735.995000000003,13100.173999999999,5,1,0.5885128640949231,0.411487135905077
2012,7,ANCHOVETA,71000,187,1,1,NA,0,2012-07-01,2110.4800000000014,432.26499999999993,1678.215000000001,3,0,0.20481833516545983,0.79518166483454
2012,7,SARDINA COMUN,75858.96276194784,13266,3,4,0.23509442935521693,0,2012-07-01,43739.299000000035,8593.246,35146.053000000036,5,1,0.19646510567076056,0.8035348943292394
2012,8,ANCHOVETA,78000,25,1,1,NA,0,2012-08-01,302.07800000000003,238.087,63.99100000000001,4,0,0.7881639841365474,0.2118360158634525
2012,8,SARDINA COMUN,77471.47081371154,9131,3,4,0.23455655812116052,0,2012-08-01,19686.011999999995,9553.973000000002,10132.039,5,0,0.48531784903920633,0.5146821509607941
2012,10,ANCHOVETA,78545.90264941467,1623,2,4,0.230970310512372,0,2012-10-01,7392.5039999999935,384.88499999999993,7007.618999999993,3,1,0.05206422614042553,0.9479357738595744
2012,10,SARDINA COMUN,80062.66638495668,23665,3,7,0.16646503859736464,0,2012-10-01,50721.09699999997,14513.606,36207.49099999997,4,2,0.28614534894621874,0.7138546510537813
2012,11,ANCHOVETA,77934.72966390647,2053,2,3,0.22852340633098117,0,2012-11-01,7308.017999999999,3794.542999999999,3513.475000000001,4,2,0.5192301113653524,0.48076988863464776
2012,11,SARDINA COMUN,83933.62874856665,51453,3,6,0.18550589245540547,0,2012-11-01,108437.95500000002,61749.652,46688.303000000014,5,3,0.5694468509665273,0.4305531490334727
2012,12,ANCHOVETA,91828.57142857143,525,1,2,NA,0,2012-12-01,4835.112999999999,3899.116999999999,935.9959999999996,3,1,0.8064169337924469,0.19358306620755292
2012,12,SARDINA COMUN,91536.99383934446,33438,2,5,0.028395578199127195,0,2012-12-01,60548.53400000001,16546.941000000003,44001.59300000001,5,2,0.27328392459510253,0.7267160754048976
2013,2,ANCHOVETA,221303,3.641,1,1,NA,0,2013-02-01,252.02000000000004,70.09,181.93000000000004,4,0,0.27811284818665183,0.7218871518133482
2013,2,SARDINA COMUN,149998,448.732,1,1,NA,0,2013-02-01,12087.563000000004,1071.941,11015.622000000003,5,1,0.08868131649034629,0.9113186835096536
2013,3,ANCHOVETA,85647.96434929254,6912.177,2,5,0.07583537747874296,0,2013-03-01,21597.034000000003,44.464,21552.570000000003,6,2,0.002058801222427116,0.9979411987775729
2013,3,SARDINA COMUN,99758.36521136691,23975.130000000005,2,6,0.1732855764986839,0,2013-03-01,67779.91399999999,470.75,67309.16399999999,6,3,0.006945272901939652,0.9930547270980603
2013,4,ANCHOVETA,82013.11880925074,2992.3679999999995,2,2,0.044756038036081504,0,2013-04-01,7411.364999999996,0,7411.364999999996,4,1,0,1
2013,4,SARDINA COMUN,87070.0533795839,5303.863,2,3,0.09893819211857616,0,2013-04-01,22539.18099999999,17.96,22521.22099999999,6,2,7.968346321013176e-4,0.9992031653678988
2013,5,ANCHOVETA,87251.4333377628,1151.379,2,2,0.08499690452614879,0,2013-05-01,3483.2170000000006,904.453,2578.7640000000006,5,0,0.25966025085431077,0.7403397491456892
2013,5,SARDINA COMUN,96021.45020975567,4405.602,2,3,0.1468203503244301,0,2013-05-01,19175.103000000003,5677.764999999999,13497.338,5,0,0.2961008866549504,0.7038991133450494
2013,6,ANCHOVETA,90000,610.9680000000001,1,1,NA,0,2013-06-01,2842.523000000001,322.87,2519.6530000000007,3,0,0.11358571241112204,0.8864142875888779
2013,6,SARDINA COMUN,98561.07983755253,1520.738,2,3,0.05606909722794558,0,2013-06-01,10071.040999999997,3301.308,6769.732999999998,4,0,0.3278020613757804,0.6721979386242197
2014,2,ANCHOVETA,88495,615.568,1,1,NA,0,2014-02-01,702.9739999999999,3.486,699.4879999999999,3,0,0.00495893162478271,0.9950410683752173
2014,2,SARDINA COMUN,88498.77288236952,12444.132999999996,2,2,0.013258375826126857,0,2014-02-01,16066.774000000009,83.224,15983.550000000008,4,1,0.005179882408254449,0.9948201175917455
2014,3,ANCHOVETA,90029.25676472133,2663.82,3,5,0.04989174159268227,0,2014-03-01,10666.090999999997,497.58,10168.510999999995,5,1,0.04665064267687198,0.9533493573231279
2014,3,SARDINA COMUN,88099.33058564345,64208.725999999995,4,7,0.04643643276711872,0,2014-03-01,196372.08499999964,7321.98,189050.10499999963,5,3,0.037286256852647935,0.962713743147352
2014,4,ANCHOVETA,93945.84877674106,5722.009999999999,3,5,0.06412972744502612,0,2014-04-01,27781.904000000035,208.384,27573.52000000004,4,1,0.0075007098145612955,0.9924992901854389
2014,4,SARDINA COMUN,89767.7504385856,40355.862,4,7,0.061077771171347425,0,2014-04-01,119650.44299999997,10417.145,109233.29799999997,4,2,0.08706315445902697,0.912936845540973
2014,5,ANCHOVETA,86496.45800546026,1014.2389999999999,3,3,0.07164758903327209,0,2014-05-01,9203.481000000002,973.4789999999998,8230.002,5,1,0.10577291353130404,0.8942270864686959
2014,5,SARDINA COMUN,94918.36737857542,12182.975000000002,4,5,0.058541984648886734,0,2014-05-01,48241.11200000004,18739.271,29501.841000000022,5,2,0.3884502289250709,0.6115497710749288
2014,6,ANCHOVETA,92640.25221905214,75.708,2,2,0.09091952892861505,0,2014-06-01,1436.4690000000007,241.839,1194.6300000000008,4,0,0.1683565743500207,0.8316434256499794
2014,6,SARDINA COMUN,97274.4438162064,7535.713999999999,3,3,0.07308958055534598,0,2014-06-01,42433.87700000003,17375.662000000004,25058.215000000022,4,2,0.4094761833805568,0.5905238166194431
2014,7,SARDINA COMUN,99142.0371941657,11586.871,3,3,0.09294584811082572,0,2014-07-01,41888.491999999984,12038.920999999998,29849.570999999993,3,1,0.28740402017814354,0.7125959798218566
2014,8,SARDINA COMUN,119060,25.4,1,1,NA,0,2014-08-01,37.76800000000001,0,37.76800000000001,3,0,0,1
2014,10,SARDINA COMUN,118828,5387.934,2,2,0,0,2014-10-01,32348.782000000025,1879.939,30468.843000000026,3,1,0.05811467646602579,0.9418853235339743
2014,11,ANCHOVETA,110581.97562306712,54.97,2,2,0.32515062929869337,0,2014-11-01,2850.7519999999995,1316.548,1534.2039999999997,4,0,0.46182480973441403,0.538175190265586
2014,11,SARDINA COMUN,119405.07872871829,16094.685999999998,4,4,0.20716763583033831,0,2014-11-01,44138.743999999984,7019.79,37118.95399999998,4,2,0.1590391878844582,0.8409608121155417
2014,12,SARDINA COMUN,126110.6326067253,3515.1459999999997,4,4,0.2321397565827627,0,2014-12-01,5792.637999999999,330.949,5461.6889999999985,4,0,0.05713269153018022,0.9428673084698197
2015,3,SARDINA COMUN,128093.1463919342,3856.216964,1,2,NA,0,2015-03-01,79484.26,36244.96999999999,43239.29000000001,5,3,0.45600185495845325,0.5439981450415468
2015,4,SARDINA COMUN,114179.71785906445,10997.323,1,2,NA,0,2015-04-01,102946.97500000006,4245.856,98701.11900000008,4,1,0.04124313511883178,0.9587568648811684
2015,5,SARDINA COMUN,116021.46651743492,7602.046,1,2,NA,0,2015-05-01,71163.354,1373.631,69789.723,5,1,0.01930250505056296,0.9806974949494369
2015,7,ANCHOVETA,100327.82536238851,166.39600000000002,2,2,0.12459636547801789,0,2015-07-01,997.9460000000005,36.09,961.8560000000004,4,0,0.036164281434065554,0.9638357185659344
2015,7,SARDINA COMUN,116523.71336793689,2659.8420000000006,3,3,0.10127580921243838,0,2015-07-01,12892.246000000006,1732.915,11159.331000000006,4,1,0.13441529117579662,0.8655847088242034
2015,8,SARDINA COMUN,124018,883.565,1,1,NA,0,2015-08-01,4677.280000000002,1167.29,3509.9900000000016,4,0,0.24956598706940777,0.7504340129305922
2015,10,ANCHOVETA,126881,9.297,1,1,NA,0,2015-10-01,1656.5610000000006,1645.1040000000007,11.457,3,0,0.9930838647052539,0.006916135294746162
2015,10,SARDINA COMUN,127608.7068702433,10352.006000000001,2,2,0.015603070212664539,0,2015-10-01,34077.630999999994,24220.09799999999,9857.533,4,1,0.7107330318824098,0.2892669681175901
2015,11,ANCHOVETA,117891.8842621057,161.019,2,2,0.1817619620200649,0,2015-11-01,9860.357999999998,193.828,9666.529999999999,4,1,0.019657298446973226,0.9803427015530268
2015,11,SARDINA COMUN,126827.093405315,18390.613,4,5,0.11946507742726933,0,2015-11-01,79735.07600000019,7047.602000000001,72687.47400000019,5,1,0.0883877253719553,0.9116122746280447
2015,12,ANCHOVETA,113089.27379960207,665.925,2,2,0.21815508582922008,0,2015-12-01,3558.8079999999995,22.592,3536.2159999999994,4,1,0.006348192990461975,0.993651807009538
2015,12,SARDINA COMUN,133488.81739481894,8459.173999999999,3,3,0.16915484584823692,0,2015-12-01,23926.19099999999,1019.238,22906.95299999999,4,1,0.0425992586952098,0.9574007413047901
2016,1,ANCHOVETA,117678,52,1,1,NA,0,2016-01-01,114.639,0,114.639,2,0,0,1
2016,1,SARDINA COMUN,117678,151,1,1,NA,0,2016-01-01,239.86900000000003,0,239.86900000000003,3,0,0,1
2016,2,ANCHOVETA,97867,199,1,1,NA,0,2016-02-01,1383.087,528.2739999999999,854.813,3,0,0.38195283449269635,0.6180471655073035
2016,2,SARDINA COMUN,97867,191,1,1,NA,0,2016-02-01,29493.965000000004,13750.242999999999,15743.722000000005,4,1,0.4662053067466513,0.5337946932533487
2016,3,ANCHOVETA,120800.68085106384,282,3,3,0.10816223189242778,0,2016-03-01,30622.06000000004,672.4669999999999,29949.59300000004,4,1,0.021960214303022037,0.9780397856969779
2016,3,JUREL,114000,4,1,1,NA,0,2016-03-01,23188.494999999995,23012.976999999995,175.518,3,0,0.9924308153677072,0.00756918463229287
2016,3,SARDINA COMUN,121408,858,2,2,0,0,2016-03-01,40715.301000000014,13709.154,27006.147000000015,4,1,0.3367076667319737,0.6632923332680264
2016,4,ANCHOVETA,109314.44176706827,249,3,3,0.07338768431952482,0,2016-04-01,9916.19400000001,0,9916.19400000001,4,1,0,1
2016,4,SARDINA COMUN,103773.63401109057,1082,3,3,0.07338768431952482,0,2016-04-01,16313.857000000009,0,16313.857000000009,4,1,0,1
2016,5,ANCHOVETA,100000,939,1,1,NA,0,2016-05-01,8370.931999999997,278.19,8092.741999999999,5,1,0.03323285865898804,0.9667671413410123
2016,5,SARDINA COMUN,100000,3077,1,1,NA,0,2016-05-01,26720.11800000001,3210.3749999999995,23509.74300000001,5,1,0.1201482343753122,0.8798517656246878
2016,6,ANCHOVETA,100000,291,1,1,NA,0,2016-06-01,5474.125,1048.6839999999997,4425.441000000001,4,1,0.1915710730025346,0.8084289269974655
2016,6,SARDINA COMUN,100000,466,1,1,NA,0,2016-06-01,33770.975,18990.001999999997,14780.973,5,0,0.5623172561645021,0.4376827438354978
2016,7,ANCHOVETA,100000,319,1,1,NA,0,2016-07-01,2900.6509999999994,133.798,2766.8529999999996,4,0,0.046126886688539925,0.9538731133114602
2016,7,SARDINA COMUN,100000,541,1,1,NA,0,2016-07-01,20547.013,9758.721000000001,10788.291999999998,4,0,0.4749459690320925,0.5250540309679075
2016,10,SARDINA COMUN,116186,2307,1,1,NA,0,2016-10-01,28470.199000000004,17379.022,11091.177000000003,5,1,0.6104285396810889,0.38957146031891104
2016,11,SARDINA COMUN,101916,1137,1,1,NA,0,2016-11-01,60041.66000000004,5718.536000000001,54323.12400000004,4,2,0.09524280308039447,0.9047571969196055
2016,12,SARDINA COMUN,118756,2937,1,1,NA,0,2016-12-01,25501.561999999998,2666.308,22835.254,4,2,0.10455469355171264,0.8954453064482875
2017,1,JUREL,228999.95848282933,3902,1,2,NA,0,2017-01-01,16897.188,9054.778,7842.409999999998,2,1,0.5358748449742052,0.46412515502579477
2017,2,SARDINA COMUN,100000,1090,1,1,NA,0,2017-02-01,20605.559,8094.899000000001,12510.66,5,1,0.3928502497796833,0.6071497502203167
2017,3,ANCHOVETA,99837.0211038961,2464,2,3,0.04238707865388512,0,2017-03-01,13893.260000000004,170.201,13723.059000000003,5,1,0.012250616485979528,0.9877493835140204
2017,3,SARDINA COMUN,99928.47594198449,52124,2,4,0.0625636673366535,0,2017-03-01,169656.5179999997,500.524,169155.9939999997,5,2,0.002950219690351071,0.9970497803096489
2017,4,ANCHOVETA,112956.6151940545,1211,2,3,0.2589623870686593,0,2017-04-01,6200.24,22.888,6177.352,4,1,0.003691470007612609,0.9963085299923874
2017,4,SARDINA COMUN,113075.7702321347,10985,2,4,0.1748804542402546,0,2017-04-01,34265.107999999986,0,34265.107999999986,4,1,0,1
2017,5,ANCHOVETA,93863.03427771949,2859,2,3,0.1526733863976138,0,2017-05-01,8768.418,356.392,8412.026,5,2,0.040644960128497526,0.9593550398715025
2017,5,JUREL,120000,79,1,1,NA,0,2017-05-01,70295.02900000004,70042.06700000004,252.96200000000002,2,0,0.9964014240608678,0.003598575939132195
2017,5,SARDINA COMUN,103009.75628188172,5293,2,4,0.11052091520896007,0,2017-05-01,30949.613000000027,47.353,30902.260000000028,5,2,0.0015300029761276808,0.9984699970238723
2017,6,ANCHOVETA,93787.97777777778,720,2,2,0.25769748287050037,0,2017-06-01,2075.8160000000003,0,2075.8160000000003,4,0,0,1
2017,6,SARDINA COMUN,100673.5725026853,1862,2,3,0.1096986534906969,0,2017-06-01,13014.722000000002,0,13014.722000000002,4,1,0,1
2017,7,SARDINA COMUN,101700.3495145631,412,1,2,NA,0,2017-07-01,12926.533999999996,0,12926.533999999996,4,1,0,1
2017,10,ANCHOVETA,95000,318,1,1,NA,0,2017-10-01,3043.841,1030.732,2013.109,3,0,0.33862872600769883,0.6613712739923012
2017,10,SARDINA COMUN,95979.16666666669,720,1,2,NA,0,2017-10-01,20624.767,11123.771,9500.996,4,0,0.5393404444278086,0.4606595555721914
2017,11,ANCHOVETA,96041,1746,1,1,NA,0,2017-11-01,15477.358000000007,1087.67,14389.688000000007,4,1,0.07027491384511488,0.9297250861548851
2017,11,SARDINA COMUN,97921.525,3960,1,2,NA,0,2017-11-01,28720.39000000003,2905.9799999999996,25814.41000000003,4,1,0.1011817736458313,0.8988182263541687
2017,12,ANCHOVETA,97031,1405,1,1,NA,0,2017-12-01,4618.351000000001,0,4618.351000000001,3,1,0,1
2017,12,SARDINA COMUN,97073.89576883386,1938,1,2,NA,0,2017-12-01,13904.765000000007,0,13904.765000000007,4,0,0,1
2018,1,JUREL,227164.8603106744,10394.575025,1,2,NA,0,2018-01-01,47397.35699999999,39894.35499999999,7503.002,3,1,0.8416999918370975,0.15830000816290246
2018,2,ANCHOVETA,215570,121.664,1,1,NA,0,2018-02-01,2141.9160000000006,380.427,1761.4890000000007,3,0,0.17761060657840919,0.8223893934215909
2018,2,JUREL,230000,10949.636,1,1,NA,0,2018-02-01,50863.59,49425.35999999999,1438.2299999999998,3,1,0.9717237811959399,0.028276218804060033
2018,2,SARDINA COMUN,215570,1183.001,1,1,NA,0,2018-02-01,15461.511,6917.638,8543.873,5,1,0.4474102175395406,0.5525897824604593
2018,3,ANCHOVETA,119673.57033550709,3017.075,2,3,0.2627353439402972,0,2018-03-01,15468.492000000004,540.303,14928.189000000004,4,1,0.03492926136561986,0.9650707386343802
2018,3,SARDINA COMUN,119833.45484206571,38257.618,2,4,0.20942050110335705,0,2018-03-01,129505.82700000006,1228.394,128277.43300000006,4,2,0.009485241154438552,0.9905147588455614
2018,4,ANCHOVETA,137877.05714966083,2381.064,2,3,0.33992333331206204,0,2018-04-01,11899.626999999997,0,11899.626999999997,4,1,0,1
2018,4,SARDINA COMUN,124884.71955372306,24556.771000000004,2,4,0.24524549260023895,0,2018-04-01,76365.92200000002,0,76365.92200000002,4,1,0,1
2018,5,ANCHOVETA,146284,690.259,1,1,NA,0,2018-05-01,7508.4490000000005,0,7508.4490000000005,4,1,0,1
2018,5,SARDINA COMUN,124089.4792088436,2905.418,1,2,NA,0,2018-05-01,31355.127999999968,0,31355.127999999968,4,1,0,1
2018,6,ANCHOVETA,155509,1422.888,1,1,NA,0,2018-06-01,5597.892,0,5597.892,3,1,0,1
2018,6,SARDINA COMUN,155508,2396.423999999999,1,1,NA,0,2018-06-01,23661.932000000004,0,23661.932000000004,3,1,0,1
2018,7,ANCHOVETA,90000,13.099,1,1,NA,0,2018-07-01,16.051000000000002,0,16.051000000000002,2,0,0,1
2018,7,SARDINA COMUN,102891.18507595295,1134.518,2,2,0.09563366945575487,0,2018-07-01,1343.4790000000003,0,1343.4790000000003,4,0,0,1
2018,10,ANCHOVETA,128777.84895512559,163.99099999999999,2,2,0.071046081962124,0,2018-10-01,1658.6150000000005,475.379,1183.2359999999999,3,0,0.2866120226815746,0.7133879773184251
2018,10,SARDINA COMUN,125455.94594172217,8830.285,2,3,0.03146413288266747,0,2018-10-01,12456.342999999997,1986.486,10469.856999999996,4,0,0.15947585900613048,0.8405241409938694
2018,11,ANCHOVETA,148831.31692949595,907.8769999999998,3,3,0.2633061522382459,0,2018-11-01,15864.485000000032,0,15864.485000000032,4,1,0,1
2018,11,SARDINA COMUN,130770.69362607997,15635.589999999998,3,4,0.21066492485954033,0,2018-11-01,47184.33100000007,0,47184.33100000007,4,2,0,1
2018,12,ANCHOVETA,168744.57812274908,173.541,3,3,0.3291710398543427,0,2018-12-01,1416.973,0,1416.973,4,0,0,1
2018,12,SARDINA COMUN,154591.5591343198,2825.339,3,4,0.28757481192496986,0,2018-12-01,7839.774000000001,0,7839.774000000001,4,0,0,1
2019,1,JUREL,240000,8860.960000000001,1,1,NA,0,2019-01-01,51711.32699999996,42049.51499999996,9661.812,3,1,0.8131586915183978,0.18684130848160224
2019,2,ANCHOVETA,116019,9.41,1,1,NA,0,2019-02-01,92.64099999999999,0,92.64099999999999,4,0,0,1
2019,2,SARDINA COMUN,116079,11544.53,1,1,NA,0,2019-02-01,12962.758,0,12962.758,5,1,0,1
2019,3,ANCHOVETA,145688.02549219143,3517.9400000000005,2,2,0.026827899557213188,0,2019-03-01,31798.80000000004,0,31798.80000000004,3,1,0,1
2019,3,SARDINA COMUN,135011.40280425036,32633.319999999992,2,3,0.051205805326015576,0,2019-03-01,108830.06100000029,0,108830.06100000029,4,2,0,1
2019,4,ANCHOVETA,139920.18065922102,6392.09,3,3,0.21839123262879506,0,2019-04-01,44711.911000000015,0,44711.911000000015,4,1,0,1
2019,4,SARDINA COMUN,135825.53617735862,24052.06,3,4,0.17084088155264832,0,2019-04-01,65829.34599999996,0,65829.34599999996,4,2,0,1
2019,5,ANCHOVETA,141013.7545482694,3714.05,3,3,0.2778815117167498,0,2019-05-01,26871.669,0,26871.669,4,1,0,1
2019,5,SARDINA COMUN,130510.5224860511,8581.32,3,4,0.15541960796858584,0,2019-05-01,32305.72100000002,0,32305.72100000002,4,1,0,1
2019,6,ANCHOVETA,139095.4204943647,3164.8700000000003,3,3,0.23786589517071974,0,2019-06-01,13108.639999999996,0,13108.639999999996,4,2,0,1
2019,6,SARDINA COMUN,129954.84421000435,3589.64,3,4,0.15147642529050484,0,2019-06-01,14043.367000000007,0,14043.367000000007,4,1,0,1
2019,7,ANCHOVETA,144208.01864597673,159.82,3,3,0.4281265912292842,0,2019-07-01,4331.212000000001,57.192,4274.020000000001,4,1,0.013204618014541885,0.9867953819854581
2019,7,SARDINA COMUN,131933.6821481073,870.72,3,4,0.8453466073067211,0,2019-07-01,7664.082999999995,900.633,6763.449999999995,4,0,0.11751347160514841,0.8824865283948516
2019,11,ANCHOVETA,156987.77689587235,4826.669999999998,2,2,0.011216457026299042,0,2019-11-01,28448.712000000003,505.0139999999999,27943.698000000004,3,1,0.017751735122489898,0.9822482648775102
2019,11,SARDINA COMUN,144045.9487775222,16226.469999999998,3,4,0.7866339903316869,0,2019-11-01,47715.96300000003,2180.071,45535.89200000002,4,2,0.04568850470438998,0.9543114952956098
2019,12,ANCHOVETA,153883.698178318,1953.1399999999999,2,3,0.03372582120637617,0,2019-12-01,8315.577999999998,0,8315.577999999998,3,1,0,1
2019,12,SARDINA COMUN,142656.4147247565,15195.089999999997,3,5,0.7815137457635107,0,2019-12-01,30366.256999999994,0,30366.256999999994,4,2,0,1
2020,1,JUREL,243687.17528821412,20535.95,1,2,NA,0,2020-01-01,80473.19799999999,69904.875,10568.323,2,1,0.8686727598423516,0.13132724015764854
2020,2,ANCHOVETA,124176,1714.996,1,1,NA,0,2020-02-01,2591.6190000000006,0,2591.6190000000006,5,0,0,1
2020,2,JUREL,199335.1829079683,4969.614000000001,3,3,0.26883276463021183,0,2020-02-01,102478.11599999994,99736.36499999992,2741.751,3,2,0.973245497604581,0.026754502395418763
2020,2,SARDINA COMUN,124176,5300.462,1,1,NA,0,2020-02-01,6170.065,0,6170.065,5,0,0,1
2020,3,ANCHOVETA,134965.90688483568,1686.46,2,3,0.007713084007840097,0,2020-03-01,7767.468999999997,0,7767.468999999997,4,1,0,1
2020,3,JUREL,135341.9363805755,2965.698,2,2,0.08818115508467962,0,2020-03-01,77125.61100000002,74999.18800000002,2126.4229999999993,2,1,0.9724290936249439,0.027570906375056124
2020,3,SARDINA COMUN,134610.29083564138,16180.565,2,4,0.0014319546408916633,0,2020-03-01,35224.99100000004,0,35224.99100000004,5,2,0,1
2020,4,ANCHOVETA,158025.99642539743,6233.699999999998,3,4,0.23712047838680889,0,2020-04-01,53235.635999999984,0,53235.635999999984,4,1,0,1
2020,4,JUREL,184527.939377391,11664.625,2,3,0.30399829878939727,0,2020-04-01,60908.149999999965,60896.64699999997,11.503,2,0,0.999811141858684,1.8885814131606372e-4
2020,4,SARDINA COMUN,147136.51150593703,41298.201,3,5,0.20624793628030996,0,2020-04-01,104305.04799999992,5.725,104299.3229999999,4,2,5.488708465960347e-5,0.9999451129153402
2020,5,ANCHOVETA,169625.7193202451,3286.361,2,3,0.13019594232654988,0,2020-05-01,41502.43499999997,5.041,41497.39399999997,3,1,1.2146275272764127e-4,0.9998785372472724
2020,5,JUREL,180163,2794.6610000000005,1,1,NA,0,2020-05-01,66974.86999999998,66967.25999999998,7.609999999999999,2,0,0.9998863752927031,1.1362470729693095e-4
2020,5,SARDINA COMUN,156196.38603595077,16297.565,2,4,0.04437890093280633,0,2020-05-01,37355.82299999999,45.374,37310.44899999999,4,1,0.001214643296709057,0.998785356703291
2020,6,ANCHOVETA,162337.76491732852,1513.944,2,2,0.11615437445092743,0,2020-06-01,13609.637,0,13609.637,3,1,0,1
2020,6,JUREL,172458,2337.03,1,1,NA,0,2020-06-01,51820.873999999996,51810.274,10.6,2,0,0.9997954492238013,2.045507761987959e-4
2020,6,SARDINA COMUN,149156.28802496206,4610.523999999999,2,3,0.0316067480807189,0,2020-06-01,8706.608999999997,0,8706.608999999997,4,0,0,1
2020,7,ANCHOVETA,174124,852.523,1,1,NA,0,2020-07-01,6638.683,0,6638.683,3,1,0,1
2020,7,SARDINA COMUN,170707.4114135837,834.97,1,2,NA,0,2020-07-01,4312.121,0,4312.121,4,0,0,1
2020,11,ANCHOVETA,191823,3814.970999999999,1,1,NA,0,2020-11-01,35925.03799999997,538.307,35386.73099999997,3,1,0.01498417343358135,0.9850158265664186
2020,11,SARDINA COMUN,156229.01400003047,4136.991,1,2,NA,0,2020-11-01,30231.040000000008,1163.963,29067.077000000005,4,2,0.038502248020577515,0.9614977519794223
2020,12,ANCHOVETA,263052,243.29,1,1,NA,0,2020-12-01,6567.447,768.6700000000001,5798.777,3,1,0.11704243673378713,0.8829575632662129
2020,12,SARDINA COMUN,169864.22820103326,2773.87,1,2,NA,1,2020-12-01,27299.390999999992,2843.7300000000005,24455.660999999993,4,2,0.10416825781937777,0.8958317421806222
2021,1,JUREL,240000,13459.005,1,1,NA,0,2021-01-01,90400.38299999997,76789.71599999999,13610.666999999998,2,1,0.8494401622170119,0.15055983778298818
2021,3,ANCHOVETA,150719.2315607189,11630.185000000003,1,2,NA,0,2021-03-01,56042.23800000011,0,56042.23800000011,4,1,0,1
2021,3,SARDINA COMUN,144425.82069892983,44265.95999999999,1,3,NA,0,2021-03-01,184713.50999999992,0,184713.50999999992,5,2,0,1
2021,4,ANCHOVETA,170640.079964694,3680.961999999999,1,2,NA,0,2021-04-01,48236.96999999999,0,48236.96999999999,3,2,0,1
2021,4,SARDINA COMUN,147596.76470616524,17259.547000000002,1,3,NA,0,2021-04-01,95610.4170000002,0,95610.4170000002,4,2,0,1
2021,5,ANCHOVETA,168692.22417211713,4515.343000000001,1,2,NA,0,2021-05-01,41749.39,0,41749.39,3,2,0,1
2021,5,SARDINA COMUN,151221.00129293575,2971.5319999999992,1,3,NA,0,2021-05-01,20628.11200000001,0,20628.11200000001,4,1,0,1
2021,6,ANCHOVETA,189262,935.9459999999998,1,1,NA,0,2021-06-01,15501.417000000009,0,15501.417000000009,4,1,0,1
2021,6,SARDINA COMUN,176852.7157586326,394.552,1,2,NA,0,2021-06-01,5552.879000000003,0,5552.879000000003,4,0,0,1
2021,11,SARDINA COMUN,129999.99999999999,429.833,1,1,NA,0,2021-11-01,19248.929999999982,0,19248.929999999982,3,1,0,1
2022,3,ANCHOVETA,140000,12078.883,1,1,NA,0,2022-03-01,91966.47199999982,0,91966.47199999982,3,2,0,1
2022,4,ANCHOVETA,140000,7875.876,1,1,NA,0,2022-04-01,59670.838000000076,33.85,59636.98800000008,3,1,5.672787769462859e-4,0.9994327212230537
2022,5,ANCHOVETA,140000,1717.598,1,1,NA,0,2022-05-01,23351.412000000004,0,23351.412000000004,3,1,0,1
2022,6,ANCHOVETA,140000,582.977,1,1,NA,0,2022-06-01,15566.766000000005,0,15566.766000000005,3,2,0,1
2022,11,ANCHOVETA,140000,2157.399,1,1,NA,0,2022-11-01,22373.05500000001,521.786,21851.26900000001,4,1,0.02332207201922132,0.9766779279807787
2022,11,JUREL,245000,460.799,1,1,NA,0,2022-11-01,2653.804,802.2579999999999,1851.5459999999998,3,1,0.30230491777086776,0.6976950822291321
2022,11,SARDINA COMUN,140000,852.051,1,1,NA,0,2022-11-01,18881.94899999999,24.244,18857.704999999987,4,2,0.001283977623284546,0.9987160223767153
2022,12,ANCHOVETA,140000,22.916,1,1,NA,0,2022-12-01,1273.6409999999998,0,1273.6409999999998,3,0,0,1
2022,12,JUREL,245000,1804.84,1,1,NA,0,2022-12-01,55399.36,44259.238999999994,11140.121,3,1,0.7989124603605527,0.2010875396394471
2022,12,SARDINA COMUN,140000,121.379,1,1,NA,0,2022-12-01,14344.204,0,14344.204,4,1,0,1
2023,1,JUREL,290000,12740.93,1,1,NA,0,2023-01-01,98336.59599999995,80260.95099999996,18075.644999999993,4,2,0.8161859802427979,0.18381401975720213
2023,2,JUREL,290000,21805.724,1,1,NA,0,2023-02-01,116416.41099999996,110197.18599999994,6219.2249999999985,4,1,0.9465777638515241,0.05342223614847567
2023,3,ANCHOVETA,160000,5684.968,1,1,NA,0,2023-03-01,38083.561,0,38083.561,3,2,0,1
2023,3,JUREL,290000,1290.983,1,1,NA,0,2023-03-01,95917.84100000001,95017.979,899.8619999999999,5,1,0.9906184085190157,0.009381591480984228
2023,3,SARDINA COMUN,160000,23587.057,1,1,NA,0,2023-03-01,206754.27699999974,0,206754.27699999974,5,2,0,1
2023,4,ANCHOVETA,160000,8346.734,1,1,NA,0,2023-04-01,47399.75199999994,0,47399.75199999994,3,1,0,1
2023,4,JUREL,290000,5806.167,1,1,NA,0,2023-04-01,93841.48000000004,93026.96200000004,814.518,4,1,0.9913202775574299,0.008679722442570169
2023,4,SARDINA COMUN,160000,8931.275,1,1,NA,0,2023-04-01,101672.79099999997,0,101672.79099999997,3,1,0,1
2023,5,ANCHOVETA,160000,4273.753,1,1,NA,0,2023-05-01,43375.229999999945,0,43375.229999999945,3,2,0,1
2023,5,JUREL,290000,15996.909,1,1,NA,0,2023-05-01,91945.89899999999,90676.806,1269.0930000000003,2,1,0.9861973941872058,0.013802605812794331
2023,5,SARDINA COMUN,160000,3444.954,1,1,NA,0,2023-05-01,40972.838999999985,0,40972.838999999985,3,1,0,1
2023,6,ANCHOVETA,160000,2334.221,1,1,NA,0,2023-06-01,27267.95599999998,944.661,26323.29499999998,3,1,0.034643630787727565,0.9653563692122724
2023,6,JUREL,290000,4613.623,1,1,NA,0,2023-06-01,78424.89100000003,77007.56400000004,1417.3269999999998,3,1,0.9819275872503286,0.01807241274967152
2023,6,SARDINA COMUN,160000,525.281,1,1,NA,0,2023-06-01,8954.294999999998,638.999,8315.295999999998,4,0,0.07136229038690373,0.9286377096130963
2023,11,ANCHOVETA,160000,2089.618,1,1,NA,0,2023-11-01,24344.917999999983,0,24344.917999999983,3,1,0,1
2023,11,JUREL,290000,3132.814,1,1,NA,0,2023-11-01,38856.918000000005,21617.58100000001,17239.336999999996,2,1,0.5563380245443039,0.443661975455696
2023,12,ANCHOVETA,160000,312.398,1,1,NA,0,2023-12-01,5020.911999999998,0,5020.911999999998,3,1,0,1
2024,1,JUREL,300000,20710.696,1,1,NA,0,2024-01-01,143748.73200000008,117458.11900000006,26290.612999999987,2,1,0.8171071658566004,0.1828928341433994
2024,3,ANCHOVETA,190000,2137.582,1,1,NA,0,2024-03-01,37704.742000000006,0,37704.742000000006,3,2,0,1
2024,3,JUREL,300000,9308.235,1,1,NA,0,2024-03-01,104571.62199999997,101778.46599999996,2793.155999999999,3,1,0.9732895412103293,0.026710458789670488
2024,3,SARDINA COMUN,190000,3112.291,1,1,NA,0,2024-03-01,63773.90400000001,0,63773.90400000001,3,2,0,1
2024,4,ANCHOVETA,190000,1276.102,1,1,NA,0,2024-04-01,22415.663,360.381,22055.281999999996,3,2,0.016077195664478003,0.9839228043355218
2024,4,JUREL,300000,19174.806,1,1,NA,0,2024-04-01,122787.62799999988,120360.37499999988,2427.2529999999992,3,1,0.9802321044918304,0.019767895508169615
2024,4,SARDINA COMUN,190000,498.119,1,1,NA,0,2024-04-01,10462.345000000001,128.686,10333.659000000001,4,0,0.012299919377539164,0.9877000806224608
2024,5,ANCHOVETA,190000,3197.828,1,1,NA,0,2024-05-01,37413.006000000016,459.7759999999999,36953.23000000002,3,1,0.012289202316435084,0.987710797683565
2024,5,JUREL,300000,9106.494,1,1,NA,0,2024-05-01,85034.45199999998,83259.93499999995,1774.5170000000003,4,1,0.9791317876664858,0.02086821233351396
2024,5,SARDINA COMUN,190000,262.32,1,1,NA,0,2024-05-01,9202.514,265.264,8937.249999999998,4,0,0.028825166688146307,0.9711748333118536
2024,6,ANCHOVETA,190000,47.861,1,1,NA,0,2024-06-01,2877.019,0,2877.019,3,1,0,1
2024,6,SARDINA COMUN,190000,2.792,1,1,NA,0,2024-06-01,954.9939999999997,0,954.9939999999997,3,0,0,1
