ANIO,MES,REG,NM_RECURSO,PRECIO_PONDERADO,Q_MUESTRA_PLANTAS,Q_MERCADO_TOTAL,N_PLANTAS,Deflactor_2024,PRECIO_REAL,Fecha,Especie,Region_Label
2012,4,5,ANCHOVETA,50000,734,763.0609999999998,1,0.5994146328347614,83414.71372418653,2012-04-01,Anchoveta,Región 5
2012,5,5,ANCHOVETA,50000,569,588.5899999999999,1,0.5994146328347614,83414.71372418653,2012-05-01,Anchoveta,Región 5
2012,6,5,ANCHOVETA,50000,197,191.14,1,0.597616388936257,83665.7108567568,2012-06-01,Anchoveta,Región 5
2012,10,5,ANCHOVETA,60000,338,364.13000000000005,1,0.6072237273759696,98810.36806529516,2012-10-01,Anchoveta,Región 5
2012,11,5,ANCHOVETA,60000,461,463.08,1,0.6041876087390897,99306.9025781861,2012-11-01,Anchoveta,Región 5
2013,3,5,ANCHOVETA,79792,2435.756,2471.5109999999995,1,0.6084253854602865,131145.08682052392,2013-03-01,Anchoveta,Región 5
2013,4,5,ANCHOVETA,79785,1713.8729999999998,1709.563,1,0.6053832585329851,131792.5444343169,2013-04-01,Anchoveta,Región 5
2013,5,5,ANCHOVETA,79795,310.10699999999997,321.37199999999996,1,0.6053832585329851,131809.06289573625,2013-05-01,Anchoveta,Región 5
2014,3,5,ANCHOVETA,85559,1231.815,1410.308,1,0.6312816857494027,135532.206828449,2014-03-01,Anchoveta,Región 5
2014,4,5,ANCHOVETA,85559,1165.021,1046.0130000000004,1,0.6350693758638991,134723.8636465696,2014-04-01,Anchoveta,Región 5
2014,5,5,ANCHOVETA,85559,932.669,931.9479999999998,1,0.6369745839914907,134320.9009437384,2014-05-01,Anchoveta,Región 5
2014,6,5,ANCHOVETA,85559,30.109,30.109,1,0.637611558575482,134186.71422950894,2014-06-01,Anchoveta,Región 5
2014,11,5,ANCHOVETA,75000,11.295,11.295,1,0.6523891682697527,114962.05585220366,2014-11-01,Anchoveta,Región 5
2015,7,5,ANCHOVETA,100000,163.573,163.573,1,0.6681859323947831,149658.94244675175,2015-07-01,Anchoveta,Región 5
2015,11,5,ANCHOVETA,100000,63.347,81.73799999999999,1,0.6789324602915188,147290.05585778324,2015-11-01,Anchoveta,Región 5
2015,12,5,ANCHOVETA,100000,426.98,429.523,1,0.6789324602915188,147290.05585778324,2015-12-01,Anchoveta,Región 5
2016,3,5,ANCHOVETA,100000,8,7.645,1,0.6871116003765981,145536.76570908003,2016-03-01,Anchoveta,Región 5
2016,4,5,ANCHOVETA,100000,82,146.578,1,0.6891729351777279,145101.46132510473,2016-04-01,Anchoveta,Región 5
2016,5,5,ANCHOVETA,100000,939,902.002,1,0.6905512810480834,144811.83764980512,2016-05-01,Anchoveta,Región 5
2016,6,5,ANCHOVETA,100000,291,263.46700000000004,1,0.6933134861722756,144234.89805757484,2016-06-01,Anchoveta,Región 5
2016,7,5,ANCHOVETA,100000,319,319.473,1,0.6947001131446202,143947.0040494759,2016-07-01,Anchoveta,Región 5
2017,3,5,ANCHOVETA,94180,69,68.844,1,0.7044739323333401,133688.41014181954,2017-03-01,Anchoveta,Región 5
2017,4,5,ANCHOVETA,90000,522,522.129,1,0.7058828801980068,127499.90476430615,2017-04-01,Anchoveta,Región 5
2017,5,5,ANCHOVETA,90000,2352,2543.290000000001,1,0.7065887630782048,127372.53223207408,2017-05-01,Anchoveta,Región 5
2017,6,5,ANCHOVETA,90000,652,460.278,1,0.703762408025892,127884.06850609848,2017-06-01,Anchoveta,Región 5
2018,3,5,ANCHOVETA,90000,837.255,837.2550000000002,1,0.7158004519824158,125733.36570372956,2018-03-01,Anchoveta,Región 5
2018,4,5,ANCHOVETA,89999.99999999999,379.513,379.513,1,0.717947853338363,125357.29382226277,2018-04-01,Anchoveta,Región 5
2018,7,5,ANCHOVETA,90000,13.099,13.099,1,0.7237050857896574,124360.04909623948,2018-07-01,Anchoveta,Región 5
2018,11,5,ANCHOVETA,90000,51.049,51.649,1,0.7302372652629169,123247.61318171858,2018-11-01,Anchoveta,Región 5
2018,12,5,ANCHOVETA,90000,13.301,13.301,1,0.729507027997654,123370.98416588445,2018-12-01,Anchoveta,Región 5
2019,4,5,ANCHOVETA,100000,1809.88,1812.657,1,0.736089380853882,135853.06703378537,2019-04-01,Anchoveta,Región 5
2019,5,5,ANCHOVETA,100000,1150.3900000000003,1151.096,1,0.7405059171390053,135042.81017274887,2019-05-01,Anchoveta,Región 5
2019,6,5,ANCHOVETA,100000,101.86,101.898,1,0.7405059171390053,135042.81017274887,2019-06-01,Anchoveta,Región 5
2019,7,5,ANCHOVETA,100000,4.74,4.747,1,0.7419869289732833,134773.26364545795,2019-07-01,Anchoveta,Región 5
2020,4,5,ANCHOVETA,100000,276.763,198.868,1,0.7607207978032042,131454.27374771165,2020-04-01,Anchoveta,Región 5
2012,3,5,JUREL,59000,226,258.15,1,0.5988158170177438,98527.79155673462,2012-03-01,Jurel,Región 5
2016,3,5,JUREL,114000,4,30.003,1,0.6871116003765981,165911.91290835125,2016-03-01,Jurel,Región 5
2016,5,5,JUREL,700000,1,2.08,1,0.6905512810480834,1013682.8635486359,2016-05-01,Jurel,Región 5
2017,5,5,JUREL,120000,79,84.87700000000001,1,0.7065887630782048,169830.04297609878,2017-05-01,Jurel,Región 5
2020,2,5,JUREL,120000,135.234,139.03400000000002,1,0.7584454614189474,158218.3638827457,2020-02-01,Jurel,Región 5
2020,3,5,JUREL,120000,114.849,117.249,1,0.7607207978032042,157745.12849725396,2020-03-01,Jurel,Región 5
2020,4,5,JUREL,120000,210.989,214.189,1,0.7607207978032042,157745.12849725396,2020-04-01,Jurel,Región 5
2022,1,5,JUREL,350000,35.572,6.183999999999999,1,0.8387049981419062,417310.0205380928,2022-01-01,Jurel,Región 5
2012,4,5,SARDINA COMUN,50000,2949,3069.485,1,0.5994146328347614,83414.71372418653,2012-04-01,Sardina Comun,Región 5
2012,5,5,SARDINA COMUN,50000,2212,2449.341000000001,1,0.5994146328347614,83414.71372418653,2012-05-01,Sardina Comun,Región 5
2012,6,5,SARDINA COMUN,50000,900,909.941,1,0.597616388936257,83665.7108567568,2012-06-01,Sardina Comun,Región 5
2012,7,5,SARDINA COMUN,50000,583,589.9700000000001,1,0.597616388936257,83665.7108567568,2012-07-01,Sardina Comun,Región 5
2012,8,5,SARDINA COMUN,50000,5,3.935,1,0.5988116217141296,83498.713429897,2012-08-01,Sardina Comun,Región 5
2012,10,5,SARDINA COMUN,60000,1292,1353.6449999999995,1,0.6072237273759696,98810.36806529516,2012-10-01,Sardina Comun,Región 5
2012,11,5,SARDINA COMUN,60000,1322,1399.62,1,0.6041876087390897,99306.9025781861,2012-11-01,Sardina Comun,Región 5
2013,3,5,SARDINA COMUN,79792,2494.115,2537.24,1,0.6084253854602865,131145.08682052392,2013-03-01,Sardina Comun,Región 5
2013,4,5,SARDINA COMUN,79785,2084.822,2101.242,1,0.6053832585329851,131792.5444343169,2013-04-01,Sardina Comun,Región 5
2013,5,5,SARDINA COMUN,79795,538.833,561.243,1,0.6053832585329851,131809.06289573625,2013-05-01,Sardina Comun,Región 5
2013,6,5,SARDINA COMUN,91053,2.005,6.9990000000000006,1,0.6090155580841831,149508.4957869236,2013-06-01,Sardina Comun,Región 5
2014,3,5,SARDINA COMUN,85559.00000000001,3216.545,3297.8100000000004,1,0.6312816857494027,135532.20682844904,2014-03-01,Sardina Comun,Región 5
2014,4,5,SARDINA COMUN,85559,3112.487,3793.957999999999,1,0.6350693758638991,134723.8636465696,2014-04-01,Sardina Comun,Región 5
2014,5,5,SARDINA COMUN,85559,2328.714,1638.9130000000002,1,0.6369745839914907,134320.9009437384,2014-05-01,Sardina Comun,Región 5
2014,6,5,SARDINA COMUN,85559,38.956,50.78,1,0.637611558575482,134186.71422950894,2014-06-01,Sardina Comun,Región 5
2014,11,5,SARDINA COMUN,75000,158.14499999999998,158.245,1,0.6523891682697527,114962.05585220366,2014-11-01,Sardina Comun,Región 5
2014,12,5,SARDINA COMUN,75000,113.241,114.156,1,0.6497796115966737,115423.75085562615,2014-12-01,Sardina Comun,Región 5
2015,7,5,SARDINA COMUN,100000,388.498,392.8179999999999,1,0.6681859323947831,149658.94244675175,2015-07-01,Sardina Comun,Región 5
2015,11,5,SARDINA COMUN,100000,995.079,1066.408,1,0.6789324602915188,147290.05585778324,2015-11-01,Sardina Comun,Región 5
2015,12,5,SARDINA COMUN,100000,686.4670000000001,668.6550000000001,1,0.6789324602915188,147290.05585778324,2015-12-01,Sardina Comun,Región 5
2016,4,5,SARDINA COMUN,100000,788,1290.5769999999998,1,0.6891729351777279,145101.46132510473,2016-04-01,Sardina Comun,Región 5
2016,5,5,SARDINA COMUN,100000,3077,2680.069,1,0.6905512810480834,144811.83764980512,2016-05-01,Sardina Comun,Región 5
2016,6,5,SARDINA COMUN,100000,466,384.884,1,0.6933134861722756,144234.89805757484,2016-06-01,Sardina Comun,Región 5
2016,7,5,SARDINA COMUN,100000,541,547.2590000000001,1,0.6947001131446202,143947.0040494759,2016-07-01,Sardina Comun,Región 5
2017,3,5,SARDINA COMUN,91527,440,456.581,1,0.7044739323333401,129922.47945477083,2017-03-01,Sardina Comun,Región 5
2017,4,5,SARDINA COMUN,90000,1005,1010.692,1,0.7058828801980068,127499.90476430615,2017-04-01,Sardina Comun,Región 5
2017,5,5,SARDINA COMUN,90600,1017,1085.6780000000003,1,0.7065887630782048,128221.68244695457,2017-05-01,Sardina Comun,Región 5
2017,6,5,SARDINA COMUN,90000,549,488.043,1,0.703762408025892,127884.06850609848,2017-06-01,Sardina Comun,Región 5
2018,3,5,SARDINA COMUN,89999.99999999999,1778.6760000000002,1780.0160000000003,1,0.7158004519824158,125733.36570372953,2018-03-01,Sardina Comun,Región 5
2018,4,5,SARDINA COMUN,90000,1871.9370000000004,1871.977,1,0.717947853338363,125357.29382226279,2018-04-01,Sardina Comun,Región 5
2018,7,5,SARDINA COMUN,90000,14.236,14.236,1,0.7237050857896574,124360.04909623948,2018-07-01,Sardina Comun,Región 5
2018,11,5,SARDINA COMUN,90000,903.216,987.1539999999998,1,0.7302372652629169,123247.61318171858,2018-11-01,Sardina Comun,Región 5
2018,12,5,SARDINA COMUN,90000,135.376,51.437999999999995,1,0.729507027997654,123370.98416588445,2018-12-01,Sardina Comun,Región 5
2019,4,5,SARDINA COMUN,100000,235.59,254.118,1,0.736089380853882,135853.06703378537,2019-04-01,Sardina Comun,Región 5
2019,5,5,SARDINA COMUN,100000,621.68,631.995,1,0.7405059171390053,135042.81017274887,2019-05-01,Sardina Comun,Región 5
2019,6,5,SARDINA COMUN,100000,295.06,295.07899999999995,1,0.7405059171390053,135042.81017274887,2019-06-01,Sardina Comun,Región 5
2019,7,5,SARDINA COMUN,10000,0.73,0.73,1,0.7419869289732833,13477.326364545796,2019-07-01,Sardina Comun,Región 5
2019,11,5,SARDINA COMUN,10000,3.33,3.33,1,0.7501680887239335,13330.345758922387,2019-11-01,Sardina Comun,Región 5
2019,12,5,SARDINA COMUN,10000,125.94,126.229,1,0.7509182568126574,13317.028730192194,2019-12-01,Sardina Comun,Región 5
2020,4,5,SARDINA COMUN,100000,373.377,382.4770000000001,1,0.7607207978032042,131454.27374771165,2020-04-01,Sardina Comun,Región 5
2012,8,5,SARDINA ESPAÑOLA,59000,10,0,1,0.5988116217141296,98528.48184727847,2012-08-01,Sardina Española,Región 5
2012,2,8,ANCHOVETA,62000,10,255.91999999999993,1,0.5976205758660117,103744.75462153529,2012-02-01,Anchoveta,Región 8
2012,3,8,ANCHOVETA,65680.49490538574,2748,6355.603999999999,5,0.5988158170177438,109683.96798950876,2012-03-01,Anchoveta,Región 8
2012,4,8,ANCHOVETA,71625.90113285273,11652,29744.708999999988,5,0.5994146328347614,119493.08076467596,2012-04-01,Anchoveta,Región 8
2012,5,8,ANCHOVETA,73935.16912402428,4612,10106.861,4,0.5994146328347614,123345.619332596,2012-05-01,Anchoveta,Región 8
2012,6,8,ANCHOVETA,79257.51503006012,998,2533.747,4,0.597616388936257,132622.72671460136,2012-06-01,Anchoveta,Región 8
2012,7,8,ANCHOVETA,76176.4705882353,663,1925.8370000000011,3,0.597616388936257,127467.17124647068,2012-07-01,Anchoveta,Región 8
2012,8,8,ANCHOVETA,85886.52482269504,141,296.47,3,0.5988116217141296,143428.28647319897,2012-08-01,Anchoveta,Región 8
2012,9,8,ANCHOVETA,84000,35,34.339,1,0.6036021146878425,139164.5223831617,2012-09-01,Anchoveta,Región 8
2012,10,8,ANCHOVETA,86921.86128182616,3417,6961.278999999993,5,0.6072237273759696,143146.35176962952,2012-10-01,Anchoveta,Región 8
2012,11,8,ANCHOVETA,86910.84830566295,4397,6600.458,4,0.6041876087390897,143847.45242796635,2012-11-01,Anchoveta,Región 8
2012,12,8,ANCHOVETA,95284.3295638126,2476,4562.525,4,0.6041876087390897,157706.52722035526,2012-12-01,Anchoveta,Región 8
2013,2,8,ANCHOVETA,221303,3.641,15.942,1,0.6060013799405244,365185.63707184896,2013-02-01,Anchoveta,Región 8
2013,3,8,ANCHOVETA,91914.85021424932,8316.245,18801.633,6,0.6084253854602865,151070.04475941422,2013-03-01,Anchoveta,Región 8
2013,4,8,ANCHOVETA,87400.45266010179,2798.126,5236.368999999996,3,0.6053832585329851,144372.1005299978,2013-04-01,Anchoveta,Región 8
2013,5,8,ANCHOVETA,93525.9681177288,1656.281,2529.2860000000005,3,0.6053832585329851,154490.50960604474,2013-05-01,Anchoveta,Región 8
2013,6,8,ANCHOVETA,93043.80776964802,1420.296,1822.6490000000008,3,0.6090155580841831,152777.3905519615,2013-06-01,Anchoveta,Región 8
2013,7,8,ANCHOVETA,96677.17438971747,227.026,569.511,2,0.6108426047584355,158268.5517293764,2013-07-01,Anchoveta,Región 8
2013,10,8,ANCHOVETA,96830.4867808418,344.5,984.5780000000004,2,0.61573973602921,157258.7915233203,2013-10-01,Anchoveta,Región 8
2013,11,8,ANCHOVETA,92241.17224275888,854.84,1858.4690000000005,2,0.6182026949733268,149208.62201472407,2013-11-01,Anchoveta,Región 8
2013,12,8,ANCHOVETA,124334.55109744596,1029.709,2635.533999999999,2,0.6219119111431668,199923.0901831427,2013-12-01,Anchoveta,Región 8
2014,3,8,ANCHOVETA,97765.4230333438,2680.349,9088.817999999996,4,0.6312816857494027,154868.1440319074,2014-03-01,Anchoveta,Región 8
2014,4,8,ANCHOVETA,100668.09916478848,8806.392,26567.70700000004,4,0.6350693758638991,158515.12132489056,2014-04-01,Anchoveta,Región 8
2014,5,8,ANCHOVETA,103679.72729639284,2977.0930000000003,8136.257000000001,2,0.6369745839914907,162769.01763756698,2014-05-01,Anchoveta,Región 8
2014,6,8,ANCHOVETA,101660,311.82700000000006,1311.299000000001,1,0.637611558575482,159438.76586416247,2014-06-01,Anchoveta,Región 8
2014,7,8,ANCHOVETA,96266,2124.617,1962.9820000000009,1,0.638886781692633,150677.71435958953,2014-07-01,Anchoveta,Región 8
2014,10,8,ANCHOVETA,107642,451.657,2288.398999999998,1,0.6523891682697527,164996.60821390542,2014-10-01,Anchoveta,Región 8
2014,11,8,ANCHOVETA,119994,177.897,2722.4699999999993,1,0.6523891682697527,183930.09239905767,2014-11-01,Anchoveta,Región 8
2014,12,8,ANCHOVETA,114530,47.281,334.15800000000013,1,0.6497796115966737,176259.76247326485,2014-12-01,Anchoveta,Región 8
2016,3,8,ANCHOVETA,129284.49895470384,2870,30288.52300000004,2,0.6871116003765981,188156.47834186538,2016-03-01,Anchoveta,Región 8
2016,4,8,ANCHOVETA,127993.37728937728,546,7406.190000000009,2,0.6891729351777279,185720.26084624117,2016-04-01,Anchoveta,Región 8
2016,5,8,ANCHOVETA,130000,27,6495.779999999998,1,0.6905512810480834,188255.38894474666,2016-05-01,Anchoveta,Región 8
2017,3,8,ANCHOVETA,100000,2395,13024.406000000004,2,0.7044739323333401,141949.89397092751,2017-03-01,Anchoveta,Región 8
2017,4,8,ANCHOVETA,130349,689,5362.295999999999,2,0.7058828801980068,184660.9454013616,2017-04-01,Anchoveta,Región 8
2017,5,8,ANCHOVETA,111783.85601577908,507,5808.296999999999,2,0.7065887630782048,158202.1422599483,2017-05-01,Anchoveta,Región 8
2017,6,8,ANCHOVETA,130108,68,1219.968,1,0.703762408025892,184874.89316879402,2017-06-01,Anchoveta,Región 8
2017,10,8,ANCHOVETA,95000,318,2871.225,1,0.7093981148351857,133916.3412100007,2017-10-01,Anchoveta,Región 8
2017,11,8,ANCHOVETA,96041,1746,15138.645000000006,1,0.7101075129500207,135248.5338466763,2017-11-01,Anchoveta,Región 8
2017,12,8,ANCHOVETA,97031,1405,4299.402000000001,1,0.7108176204629706,136506.18274882052,2017-12-01,Anchoveta,Región 8
2018,2,8,ANCHOVETA,215570,121.664,380.598,1,0.7143717085652854,301761.67031158315,2018-02-01,Anchoveta,Región 8
2018,3,8,ANCHOVETA,131071.00000000004,2179.8199999999997,13120.591000000004,2,0.7158004519824158,183111.08862392826,2018-03-01,Anchoveta,Región 8
2018,4,8,ANCHOVETA,146955,2001.551,10074.789999999995,2,0.717947853338363,204687.5679294514,2018-04-01,Anchoveta,Región 8
2018,5,8,ANCHOVETA,146284,690.259,6173.609,1,0.720101696898378,203143.52907384394,2018-05-01,Anchoveta,Región 8
2018,6,8,ANCHOVETA,155509,1422.888,5222.4,1,0.7208217985952763,215738.4811378526,2018-06-01,Anchoveta,Región 8
2018,10,8,ANCHOVETA,139712,29.837,1521.0370000000005,1,0.7302372652629169,191324.11703160295,2018-10-01,Anchoveta,Región 8
2018,11,8,ANCHOVETA,155022,734.3719999999998,15687.297000000031,1,0.7302372652629169,212289.90545173752,2018-11-01,Anchoveta,Región 8
2018,12,8,ANCHOVETA,179945,124.501,1137.811,1,0.729507027997654,246666.57495255643,2018-12-01,Anchoveta,Región 8
2019,3,8,ANCHOVETA,145888,3388.4300000000003,31654.06500000004,1,0.7338877177007798,198787.90240155152,2019-03-01,Anchoveta,Región 8
2019,4,8,ANCHOVETA,156103,4470.09,42787.06300000001,1,0.736089380853882,212070.71323174998,2019-04-01,Anchoveta,Región 8
2019,5,8,ANCHOVETA,176030,1529.42,24589.316,1,0.7405059171390053,237715.85874708986,2019-05-01,Anchoveta,Región 8
2019,6,8,ANCHOVETA,162996,576.91,10208.127999999995,1,0.7405059171390053,220114.37886917376,2019-06-01,Anchoveta,Región 8
2019,7,8,ANCHOVETA,84863,58.38999999999999,3909.3800000000015,1,0.7419869289732833,114372.63472744498,2019-07-01,Anchoveta,Región 8
2019,11,8,ANCHOVETA,157711,3420.239999999999,26947.857000000004,1,0.7501680887239335,210234.21599854087,2019-11-01,Anchoveta,Región 8
2019,12,8,ANCHOVETA,157064.7969890759,1103.98,7521.109999999997,2,0.7509182568126574,209163.64140053283,2019-12-01,Anchoveta,Región 8
2020,3,8,ANCHOVETA,135960,549.851,6263.301999999998,2,0.7607207978032042,178725.23058738874,2020-03-01,Anchoveta,Región 8
2020,4,8,ANCHOVETA,162317,5394.833999999998,52458.62799999998,2,0.7607207978032042,213372.6335190731,2020-04-01,Anchoveta,Región 8
2020,5,8,ANCHOVETA,180163,2146.339,40268.924999999974,2,0.7599600770054009,237069.03224433408,2020-05-01,Anchoveta,Región 8
2020,6,8,ANCHOVETA,172458,928.686,12646.323,1,0.7592001169283955,227157.499260851,2020-06-01,Anchoveta,Región 8
2020,7,8,ANCHOVETA,174124,852.523,5943.889,1,0.7599593170453239,229122.79130543937,2020-07-01,Anchoveta,Región 8
2020,11,8,ANCHOVETA,191823,3814.970999999999,34850.47099999997,1,0.7698699365875226,249162.8661982343,2020-11-01,Anchoveta,Región 8
2020,12,8,ANCHOVETA,263052,243.29,5757.8589999999995,1,0.7721795463972849,340661.70390980574,2020-12-01,Anchoveta,Región 8
2021,3,8,ANCHOVETA,150719.2315607189,11630.185000000003,54853.31200000011,2,0.7822565327198241,192672.38464175418,2021-03-01,Anchoveta,Región 8
2021,4,8,ANCHOVETA,170640.079964694,3680.961999999999,45679.38199999999,2,0.7853855588507033,217269.1845956536,2021-04-01,Anchoveta,Región 8
2021,5,8,ANCHOVETA,168692.22417211713,4515.343000000001,39164.204,2,0.7877417155272554,214146.61791677133,2021-05-01,Anchoveta,Región 8
2021,6,8,ANCHOVETA,189262,935.9459999999998,13784.86400000001,1,0.7885294572427826,240018.93431069067,2021-06-01,Anchoveta,Región 8
2021,7,8,ANCHOVETA,144209,1013.878,3145.8249999999985,1,0.7948376929007247,181432.00968957032,2021-07-01,Anchoveta,Región 8
2021,11,8,ANCHOVETA,161025,896.387,5401.713000000003,1,0.8221824202250634,195850.6969243166,2021-11-01,Anchoveta,Región 8
2021,12,8,ANCHOVETA,162192,81.723,81.739,1,0.8287598795868639,195704.4543237935,2021-12-01,Anchoveta,Región 8
2022,3,8,ANCHOVETA,163765.55081971476,26705.876,88592.13299999983,2,0.8572043142859221,191046.11128344186,2022-03-01,Anchoveta,Región 8
2022,4,8,ANCHOVETA,175099.582980867,21036.289,58980.243000000075,2,0.8692051746859251,201447.92976426624,2022-04-01,Anchoveta,Región 8
2022,5,8,ANCHOVETA,183995.3598910096,5880.8859999999995,21334.704000000005,2,0.8796356367821561,209172.24382142274,2022-05-01,Anchoveta,Región 8
2022,6,8,ANCHOVETA,192361.1562961795,2752.844,11694.585000000005,2,0.8875523575131954,216732.1788600169,2022-06-01,Anchoveta,Región 8
2022,7,8,ANCHOVETA,228717,142.201,745.4509999999997,1,0.8999780905183802,254136.18665790057,2022-07-01,Anchoveta,Región 8
2022,10,8,ANCHOVETA,203429,76.189,378.3970000000001,1,0.9235697021933073,220263.83013311692,2022-10-01,Anchoveta,Región 8
2022,11,8,ANCHOVETA,179410.7960490228,5512.864,20782.02100000001,2,0.9328053992152402,192334.64578995717,2022-11-01,Anchoveta,Región 8
2022,12,8,ANCHOVETA,140000,22.916,22.964,1,0.9356038154128858,149635.98661492998,2022-12-01,Anchoveta,Región 8
2023,3,8,ANCHOVETA,175983.3201039592,11024.709,35170.895,2,0.9525091584204456,184757.6147150059,2023-03-01,Anchoveta,Región 8
2023,4,8,ANCHOVETA,179682.66154268375,15708.093,46107.68399999994,2,0.9553666858957068,188077.16889795224,2023-04-01,Anchoveta,Región 8
2023,5,8,ANCHOVETA,195882.4266821966,11535.602,40398.37399999994,2,0.9563220525816023,204828.9340953811,2023-05-01,Anchoveta,Región 8
2023,6,8,ANCHOVETA,206333.69387739128,9708.476,24925.789999999983,2,0.9544094084764392,216189.92022173145,2023-06-01,Anchoveta,Región 8
2023,7,8,ANCHOVETA,231000,1811.776,6109.708,1,0.9582270461103449,241070.21497429025,2023-07-01,Anchoveta,Región 8
2023,10,8,ANCHOVETA,271000,423.358,589.51,1,0.9697631683488245,279449.6727086681,2023-10-01,Anchoveta,Región 8
2023,11,8,ANCHOVETA,219581.40616597503,6802.298000000001,22648.110999999983,2,0.9765515105272661,224853.89024427108,2023-11-01,Anchoveta,Región 8
2023,12,8,ANCHOVETA,195176.6038930837,707.357,3442.1889999999994,2,0.9716687529746297,200867.4286330372,2023-12-01,Anchoveta,Región 8
2024,3,8,ANCHOVETA,190000,2137.582,33588.306000000004,1,0.9882786218783286,192253.47568369412,2024-03-01,Anchoveta,Región 8
2024,4,8,ANCHOVETA,190000,1276.102,19913.721,1,0.99322001498772,191296.99073004397,2024-04-01,Anchoveta,Región 8
2024,5,8,ANCHOVETA,190000,3197.828,35467.74000000001,1,0.996199675032683,190724.8162812004,2024-05-01,Anchoveta,Región 8
2024,6,8,ANCHOVETA,190000,47.861,2342.348,1,0.9952034753576505,190915.73201321356,2024-06-01,Anchoveta,Región 8
2012,1,8,JUREL,186097.63210888137,14401,67118.57,4,0.5952396173964261,312643.2224435449,2012-01-01,Jurel,Región 8
2012,2,8,JUREL,208000,201,40430.758999999976,1,0.5976205758660117,348046.91873031197,2012-02-01,Jurel,Región 8
2012,9,8,JUREL,227000,1021,1569.272,1,0.6036021146878425,376075.5545354489,2012-09-01,Jurel,Región 8
2012,12,8,JUREL,150000,1452,5548.63,1,0.6041876087390897,248267.25644546523,2012-12-01,Jurel,Región 8
2013,1,8,JUREL,181769.4969501425,8492.2,36664.33799999999,3,0.6053959839565679,300248.9308934414,2013-01-01,Jurel,Región 8
2013,2,8,JUREL,161076.96978356733,9427.089,35920.64900000001,2,0.6060013799405244,265802.97523311933,2013-02-01,Jurel,Región 8
2013,12,8,JUREL,206600.36806662695,1580.021,7766.394000000002,2,0.6219119111431668,332201.97967725794,2013-12-01,Jurel,Región 8
2014,1,8,JUREL,189993.0944267919,9968.675,31785.55400000002,2,0.6231557349654532,304888.6237680615,2014-01-01,Jurel,Región 8
2014,2,8,JUREL,220000.00000000003,3861.926,39393.035000000025,1,0.6262715136402804,351285.3374428974,2014-02-01,Jurel,Región 8
2014,3,8,JUREL,220000,1565.656,25693.29000000001,1,0.6312816857494027,348497.3585743029,2014-03-01,Jurel,Región 8
2014,4,8,JUREL,220000,5133.715,60962.31299999999,1,0.6350693758638991,346418.8455012951,2014-04-01,Jurel,Región 8
2014,5,8,JUREL,219999.99999999997,1689.4340000000002,40609.817,1,0.6369745839914907,345382.697409068,2014-05-01,Jurel,Región 8
2014,6,8,JUREL,220000,297.951,18459.384,1,0.637611558575482,345037.6597493188,2014-06-01,Jurel,Región 8
2014,8,8,JUREL,220000,890.346,966.558,1,0.6408034420377109,343319.0048112337,2014-08-01,Jurel,Región 8
2014,10,8,JUREL,220000.00000000003,871.8770000000001,1155.45,1,0.6523891682697527,337222.03049979743,2014-10-01,Jurel,Región 8
2014,12,8,JUREL,220000,2621.12,16199.979000000008,1,0.6497796115966737,338576.33584317006,2014-12-01,Jurel,Región 8
2015,2,8,JUREL,199999.99999999997,24.959999999999997,890.757,1,0.6530311087731036,306264.1232754659,2015-02-01,Jurel,Región 8
2015,3,8,JUREL,200000,205.852,2339.782,1,0.6569492954257422,304437.49828575144,2015-03-01,Jurel,Región 8
2015,5,8,JUREL,200000,7715.591,39832.279,1,0.6622127731806933,302017.73221524287,2015-05-01,Jurel,Región 8
2015,12,8,JUREL,176345,1845.197,9772.198,1,0.6789324602915188,259738.64900240785,2015-12-01,Jurel,Región 8
2016,1,8,JUREL,391266.5115725917,10931,63101.30599999995,2,0.6823271225929762,573429.5158687268,2016-01-01,Jurel,Región 8
2016,2,8,JUREL,405280.8652900689,5085,16778.29599999999,2,0.6843741039607552,592191.9940344637,2016-02-01,Jurel,Región 8
2016,3,8,JUREL,200000,734,23136.896999999994,1,0.6871116003765981,291073.53141816007,2016-03-01,Jurel,Región 8
2016,4,8,JUREL,200000,3841,45311.535,1,0.6891729351777279,290202.92265020945,2016-04-01,Jurel,Región 8
2016,5,8,JUREL,200000,2897,42374.87899999999,1,0.6905512810480834,289623.67529961024,2016-05-01,Jurel,Región 8
2016,6,8,JUREL,200000,3606,35130.141,1,0.6933134861722756,288469.7961151497,2016-06-01,Jurel,Región 8
2016,7,8,JUREL,200000,511,8906.078,1,0.6947001131446202,287894.0080989518,2016-07-01,Jurel,Región 8
2016,12,8,JUREL,200000,126,25606.500000000004,1,0.6967828157418688,287033.48515714874,2016-12-01,Jurel,Región 8
2017,1,8,JUREL,231200.868798688,4878,16891.037999999997,3,0.7002667298205781,330161.1499634234,2017-01-01,Jurel,Región 8
2017,3,8,JUREL,240000,2095,38018.313,1,0.7044739323333401,340679.74553022604,2017-03-01,Jurel,Región 8
2017,4,8,JUREL,240000,2895,53284.05500000005,1,0.7058828801980068,339999.74603814975,2017-04-01,Jurel,Región 8
2017,5,8,JUREL,240000,3620,70210.15200000005,1,0.7065887630782048,339660.08595219755,2017-05-01,Jurel,Región 8
2017,6,8,JUREL,240000,3107,28097.368999999977,1,0.703762408025892,341024.18268292927,2017-06-01,Jurel,Región 8
2017,7,8,JUREL,240000,2409,39116.927,1,0.7051699328419437,340343.4956915462,2017-07-01,Jurel,Región 8
2017,8,8,JUREL,240000,1025,19115.254000000008,1,0.7065802727076277,339664.1673568325,2017-08-01,Jurel,Región 8
2018,1,8,JUREL,222489.86066774765,25656.735175,47351.376999999986,4,0.7143717085652854,311448.3090527018,2018-01-01,Jurel,Región 8
2018,2,8,JUREL,228507.75247705655,16437.074896,50823.719999999994,3,0.7143717085652854,319872.3433994636,2018-02-01,Jurel,Región 8
2018,3,8,JUREL,230000,3221.504,41463.056,1,0.7158004519824158,321318.60124286445,2018-03-01,Jurel,Región 8
2018,4,8,JUREL,229999.99999999997,4204.216,42699.91799999999,1,0.717947853338363,320357.52865689376,2018-04-01,Jurel,Región 8
2018,5,8,JUREL,230000,4946.322,65000.02299999998,1,0.720101696898378,319399.33066489914,2018-05-01,Jurel,Región 8
2018,6,8,JUREL,230000.00000000003,2998.624,48543.682000000015,1,0.7208217985952763,319080.2504144847,2018-06-01,Jurel,Región 8
2018,7,8,JUREL,209571.96904001723,8917.09282,44127.09000000001,2,0.7237050857896574,289582.00398902356,2018-07-01,Jurel,Región 8
2018,8,8,JUREL,210171.4854725694,4468.935756000001,14828.783,2,0.7251524959612368,289830.7413173465,2018-08-01,Jurel,Región 8
2018,9,8,JUREL,200000,80.23,468.268,1,0.7273279534491204,274979.11918765656,2018-09-01,Jurel,Región 8
2018,12,8,JUREL,211338.17607319055,9468.13058,48925.97000000002,2,0.729507027997654,289699.9863774722,2018-12-01,Jurel,Región 8
2019,1,8,JUREL,237792.8282087407,11370.66,51534.40599999996,2,0.7302365350256516,325638.0868431728,2019-01-01,Jurel,Región 8
2019,2,8,JUREL,230000,5272.96,69226.92299999997,1,0.7302365350256516,314966.4375419406,2019-02-01,Jurel,Región 8
2019,3,8,JUREL,230000.00000000003,5683.8499999999995,74661.76199999997,1,0.7338877177007798,313399.44034023944,2019-03-01,Jurel,Región 8
2019,4,8,JUREL,230000,5982.609999999999,57635.439000000006,1,0.736089380853882,312462.05417770636,2019-04-01,Jurel,Región 8
2019,5,8,JUREL,230000,3740.869999999999,47756.269000000015,1,0.7405059171390053,310598.4633973224,2019-05-01,Jurel,Región 8
2019,6,8,JUREL,230000,3986.58,57878.86599999997,1,0.7405059171390053,310598.4633973224,2019-06-01,Jurel,Región 8
2019,7,8,JUREL,230000.00000000003,997.57,38361.60800000001,1,0.7419869289732833,309978.50638455333,2019-07-01,Jurel,Región 8
2019,12,8,JUREL,230000,1800.3400000000004,16949.671000000006,1,0.7509182568126574,306291.66079442046,2019-12-01,Jurel,Región 8
2020,1,8,JUREL,240811.09403464888,25999.14,80468.49799999999,3,0.7554237663535334,318776.16876823397,2020-01-01,Jurel,Región 8
2020,2,8,JUREL,220251.3319498468,10768.928000000002,101254.61999999994,2,0.7584454614189474,290398.37820083566,2020-02-01,Jurel,Región 8
2020,3,8,JUREL,189011.62699754108,6540.729000000001,77008.36200000002,2,0.7607207978032042,248463.86156835128,2020-03-01,Jurel,Región 8
2020,4,8,JUREL,189168.7731321334,12422.005999999998,60693.96099999997,3,0.7607207978032042,248670.43687830222,2020-04-01,Jurel,Región 8
2020,5,8,JUREL,180163,2794.6610000000005,66967.56999999998,1,0.7599600770054009,237069.03224433408,2020-05-01,Jurel,Región 8
2020,6,8,JUREL,213656.20727901175,8228.04,51810.274,2,0.7592001169283955,281422.77973221504,2020-06-01,Jurel,Región 8
2020,7,8,JUREL,210000,1684.0600000000002,24626.47599999998,1,0.7599593170453239,276330.58150595136,2020-07-01,Jurel,Región 8
2021,1,8,JUREL,240000,15788.829,90391.36099999998,2,0.7775848032220659,308648.0072726676,2021-01-01,Jurel,Región 8
2021,2,8,JUREL,239999.99999999997,5414.895,82934.48900000002,1,0.7791399728285099,308031.9433858958,2021-02-01,Jurel,Región 8
2021,3,8,JUREL,240000,6944.81,72784.29000000004,1,0.7822565327198241,306804.72448794404,2021-03-01,Jurel,Región 8
2021,4,8,JUREL,240000,8102.28,72216.459,1,0.7853855588507033,305582.39490831085,2021-04-01,Jurel,Región 8
2021,5,8,JUREL,240000,7515.709999999999,70915.00200000004,1,0.7877417155272554,304668.38973909355,2021-05-01,Jurel,Región 8
2021,6,8,JUREL,240000,8210.850000000004,65440.95300000001,1,0.7885294572427826,304364.0257133802,2021-06-01,Jurel,Región 8
2022,11,8,JUREL,245000,460.799,2569.584,1,0.9328053992152402,262648.56550585583,2022-11-01,Jurel,Región 8
2022,12,8,JUREL,245000,1804.84,55366.634999999995,1,0.9356038154128858,261862.97657612746,2022-12-01,Jurel,Región 8
2023,1,8,JUREL,290000,12740.93,97698.62099999994,1,0.943088645936189,307500.2559405448,2023-01-01,Jurel,Región 8
2023,2,8,JUREL,290000,21805.724,116303.83099999996,1,0.9421455572902528,307808.0640045494,2023-02-01,Jurel,Región 8
2023,3,8,JUREL,290000,1290.983,95194.034,1,0.9525091584204456,304459.01484129514,2023-03-01,Jurel,Región 8
2023,4,8,JUREL,290000,5806.167,93114.64700000004,1,0.9553666858957068,303548.3697320989,2023-04-01,Jurel,Región 8
2023,5,8,JUREL,290000,15996.909,91887.029,1,0.9563220525816023,303245.1246074915,2023-05-01,Jurel,Región 8
2023,6,8,JUREL,290000,4613.623,78410.46100000004,1,0.9544094084764392,303852.8302680275,2023-06-01,Jurel,Región 8
2023,11,8,JUREL,290000,3132.814,38833.76500000001,1,0.9765515105272661,296963.34179384075,2023-11-01,Jurel,Región 8
2024,1,8,JUREL,300000,20710.696,143748.72700000007,1,0.9784704342454521,306600.98609044345,2024-01-01,Jurel,Región 8
2024,3,8,JUREL,300000,9308.235,104545.81199999998,1,0.9882786218783286,303558.1195005697,2024-03-01,Jurel,Región 8
2024,4,8,JUREL,300000,19174.806,122618.51999999987,1,0.99322001498772,302047.88010006945,2024-04-01,Jurel,Región 8
2024,5,8,JUREL,300000,9106.494,84925.71699999996,1,0.996199675032683,301144.44675979007,2024-05-01,Jurel,Región 8
2012,2,8,SARDINA COMUN,68471.82425978988,10470,18603.985999999997,2,0.5976205758660117,114574.07429549658,2012-02-01,Sardina Comun,Región 8
2012,3,8,SARDINA COMUN,66178.71411027685,128658,216777.33199999976,8,0.5988158170177438,110515.9754127134,2012-03-01,Sardina Comun,Región 8
2012,4,8,SARDINA COMUN,70735.29149183109,100809,164634.0050000001,8,0.5994146328347614,118007.28179975954,2012-04-01,Sardina Comun,Región 8
2012,5,8,SARDINA COMUN,76262.17170345657,25777,41729.18700000001,6,0.5994146328347614,127227.74441257176,2012-05-01,Sardina Comun,Región 8
2012,6,8,SARDINA COMUN,83549.03064415259,15990,27453.918,5,0.597616388936257,139803.7808047197,2012-06-01,Sardina Comun,Región 8
2012,7,8,SARDINA COMUN,77932.40246406572,24350,39902.53900000003,4,0.597616388936257,130405.39701861849,2012-07-01,Sardina Comun,Región 8
2012,8,8,SARDINA COMUN,83320.57745187901,8728,13540.762999999995,4,0.5988116217141296,139143.2203893597,2012-08-01,Sardina Comun,Región 8
2012,9,8,SARDINA COMUN,84000,1092,197.57700000000003,1,0.6036021146878425,139164.5223831617,2012-09-01,Sardina Comun,Región 8
2012,10,8,SARDINA COMUN,85812.37121898953,24266,37466.82799999997,7,0.6072237273759696,141319.19974506827,2012-10-01,Sardina Comun,Región 8
2012,11,8,SARDINA COMUN,87127.58248535306,51888,81691.644,6,0.6041876087390897,144206.17242909718,2012-11-01,Sardina Comun,Región 8
2012,12,8,SARDINA COMUN,89941.91432670629,24395,39438.629000000015,6,0.6041876087390897,148864.2153956297,2012-12-01,Sardina Comun,Región 8
2013,2,8,SARDINA COMUN,149998,448.732,973.811,1,0.6060013799405244,247520.8885080781,2013-02-01,Sardina Comun,Región 8
2013,3,8,SARDINA COMUN,115389.1391665176,35775.2,51996.734,8,0.6084253854602865,189652.07883169324,2013-03-01,Sardina Comun,Región 8
2013,4,8,SARDINA COMUN,153671.20759704852,10737.749000000002,11997.53199999999,5,0.6053832585329851,253841.19139574046,2013-04-01,Sardina Comun,Región 8
2013,5,8,SARDINA COMUN,134700.92407478509,12011.912,11854.431000000002,5,0.6053832585329851,222505.2017480687,2013-05-01,Sardina Comun,Región 8
2013,6,8,SARDINA COMUN,177714.95378072452,6083.133,6367.226,5,0.6090155580841831,291806.9192514115,2013-06-01,Sardina Comun,Región 8
2013,7,8,SARDINA COMUN,159244.25570075045,13946.541,30429.591,3,0.6108426047584355,260696.052404081,2013-07-01,Sardina Comun,Región 8
2013,10,8,SARDINA COMUN,129977.70073039904,5303.813,11439.844999999998,3,0.61573973602921,211091.94863498796,2013-10-01,Sardina Comun,Región 8
2013,11,8,SARDINA COMUN,209274.81948404445,17026.157000000003,30110.675000000007,3,0.6182026949733268,338521.3639242933,2013-11-01,Sardina Comun,Región 8
2013,12,8,SARDINA COMUN,312459.49566206284,11369.805,13986.951000000005,3,0.6219119111431668,502417.609413069,2013-12-01,Sardina Comun,Región 8
2014,3,8,SARDINA COMUN,89951.45007449009,79555.542,167005.40399999966,6,0.6312816857494027,142490.19432221854,2014-03-01,Sardina Comun,Región 8
2014,4,8,SARDINA COMUN,92080.23777414615,44887.458000000006,96494.81999999998,6,0.6350693758638991,144992.40756002025,2014-04-01,Sardina Comun,Región 8
2014,5,8,SARDINA COMUN,96504.52194822184,21177.342,37953.51500000003,4,0.6369745839914907,151504.50955749757,2014-05-01,Sardina Comun,Región 8
2014,6,8,SARDINA COMUN,96424.1940772372,18879.061,34657.68400000003,3,0.637611558575482,151227.17394374567,2014-06-01,Sardina Comun,Región 8
2014,7,8,SARDINA COMUN,95921.20190304011,17433.789,32794.83099999999,3,0.638886781692633,150138.0286017368,2014-07-01,Sardina Comun,Región 8
2014,10,8,SARDINA COMUN,103280.61170484856,11905.561999999998,28354.785000000025,3,0.6523891682697527,158311.3526835008,2014-10-01,Sardina Comun,Región 8
2014,11,8,SARDINA COMUN,107879.04346300907,9190.643,27448.484000000008,3,0.6523891682697527,165359.95493169007,2014-11-01,Sardina Comun,Región 8
2014,12,8,SARDINA COMUN,121964.80825979856,836.679,2298.357,2,0.6497796115966737,187701.80855644273,2014-12-01,Sardina Comun,Región 8
2015,2,8,SARDINA COMUN,100000,146.542,147.054,1,0.6530311087731036,153132.061637733,2015-02-01,Sardina Comun,Región 8
2015,3,8,SARDINA COMUN,119660.2504398007,20178.415963999996,59057.369999999995,4,0.6569492954257422,182145.33644069705,2015-03-01,Sardina Comun,Región 8
2015,4,8,SARDINA COMUN,112502.83501309162,34631.669,94780.00800000007,4,0.6608909911982966,170229.0340031822,2015-04-01,Sardina Comun,Región 8
2015,5,8,SARDINA COMUN,114376.88936733767,22558.085000000003,65080.8,4,0.6622127731806933,172719.24372278526,2015-05-01,Sardina Comun,Región 8
2015,6,8,SARDINA COMUN,103816.5394888139,3730.031,8938.752000000002,2,0.6655238370465967,155992.21802410838,2015-06-01,Sardina Comun,Región 8
2015,7,8,SARDINA COMUN,100747.20421567452,1610.371,9538.653000000008,2,0.6681859323947831,150777.2003738478,2015-07-01,Sardina Comun,Región 8
2015,10,8,SARDINA COMUN,129712,2660.977,23658.615999999995,1,0.6789324602915188,191052.87725424778,2015-10-01,Sardina Comun,Región 8
2015,11,8,SARDINA COMUN,127986.27947659785,13129.178000000002,72783.1130000002,2,0.6789324602915188,188511.06253137955,2015-11-01,Sardina Comun,Región 8
2015,12,8,SARDINA COMUN,126525.05622636188,2510.2459999999996,16249.863999999992,2,0.6789324602915188,186358.82598990007,2015-12-01,Sardina Comun,Región 8
2016,2,8,SARDINA COMUN,120000,3156,13320.896,1,0.6843741039607552,175342.69532629964,2016-02-01,Sardina Comun,Región 8
2016,3,8,SARDINA COMUN,120182.19186545392,5827,33516.63100000001,2,0.6871116003765981,174909.27499926274,2016-03-01,Sardina Comun,Región 8
2016,4,8,SARDINA COMUN,119163.40271493212,884,9037.596000000009,2,0.6891729351777279,172907.83870408603,2016-04-01,Sardina Comun,Región 8
2016,5,8,SARDINA COMUN,120000,1482,10196.389000000005,1,0.6905512810480834,173774.20517976614,2016-05-01,Sardina Comun,Región 8
2016,6,8,SARDINA COMUN,120000,4946,24911.25799999999,1,0.6933134861722756,173081.87766908982,2016-06-01,Sardina Comun,Región 8
2016,7,8,SARDINA COMUN,126616.03534777652,7016,14042.95,3,0.6947001131446202,182259.98952934967,2016-07-01,Sardina Comun,Región 8
2016,10,8,SARDINA COMUN,121613.99881270409,10107,16075.666,3,0.6974816923976513,174361.5640930242,2016-10-01,Sardina Comun,Región 8
2016,11,8,SARDINA COMUN,121985.78898280385,20586,51071.78700000003,4,0.6981791740900489,174719.89069537973,2016-11-01,Sardina Comun,Región 8
2016,12,8,SARDINA COMUN,119736.04076590488,8095,14429.217000000004,4,0.6967828157418688,171841.26539978056,2016-12-01,Sardina Comun,Región 8
2017,2,8,SARDINA COMUN,100000,1090,7532.133000000001,1,0.7016672632802192,142517.69354681124,2017-02-01,Sardina Comun,Región 8
2017,3,8,SARDINA COMUN,103819.11794398454,69338,159219.4409999997,4,0.7044739323333401,147371.12784303827,2017-03-01,Sardina Comun,Región 8
2017,4,8,SARDINA COMUN,115341.17703431162,11687,27038.325999999983,4,0.7058828801980068,163399.87874753008,2017-04-01,Sardina Comun,Región 8
2017,5,8,SARDINA COMUN,110619.45370055536,8823,19169.43500000003,4,0.7065887630782048,156554.2214663157,2017-05-01,Sardina Comun,Región 8
2017,6,8,SARDINA COMUN,105749.42285714284,1400,8639.339000000002,3,0.703762408025892,150262.96041270258,2017-06-01,Sardina Comun,Región 8
2017,7,8,SARDINA COMUN,97534.69526074402,5887,10521.101999999995,5,0.7051699328419437,138313.7464010471,2017-07-01,Sardina Comun,Región 8
2017,10,8,SARDINA COMUN,106444.96859401,9616,14886.659,5,0.7093981148351857,150049.69194024478,2017-10-01,Sardina Comun,Región 8
2017,11,8,SARDINA COMUN,133948.4129545097,12706,21539.331000000027,5,0.7101075129500207,188631.1727614933,2017-11-01,Sardina Comun,Región 8
2017,12,8,SARDINA COMUN,101519.72331098503,3878,6915.819000000007,5,0.7108176204629706,142821.05618718776,2017-12-01,Sardina Comun,Región 8
2018,2,8,SARDINA COMUN,174455.20454043007,2076.191,6600.905,2,0.7143717085652854,244207.88568292925,2018-02-01,Sardina Comun,Región 8
2018,3,8,SARDINA COMUN,120035.14079139312,76730.841,119782.16800000006,6,0.7158004519824158,167693.58060469886,2018-03-01,Sardina Comun,Región 8
2018,4,8,SARDINA COMUN,126403.12472957988,51220.304,69435.20100000002,6,0.717947853338363,176061.70718642307,2018-04-01,Sardina Comun,Región 8
2018,5,8,SARDINA COMUN,110376.62295306468,15940.599000000002,25932.76699999997,5,0.720101696898378,153279.2151837426,2018-05-01,Sardina Comun,Región 8
2018,6,8,SARDINA COMUN,132146.44820132843,10406.319,19177.497000000003,4,0.7208217985952763,183327.4860150635,2018-06-01,Sardina Comun,Región 8
2018,7,8,SARDINA COMUN,102807,69.04,69.04,1,0.7237050857896574,142056.48408263436,2018-07-01,Sardina Comun,Región 8
2018,10,8,SARDINA COMUN,112693.17143721312,3408.7290000000003,5646.3910000000005,4,0.7302372652629169,154324.04890571933,2018-10-01,Sardina Comun,Región 8
2018,11,8,SARDINA COMUN,120079.85500013742,18301.107,37334.68900000007,5,0.7302372652629169,164439.50577748657,2018-11-01,Sardina Comun,Región 8
2018,12,8,SARDINA COMUN,133103.00899812047,2583.0950000000003,5848.146000000002,5,0.729507027997654,182456.1023948744,2018-12-01,Sardina Comun,Región 8
2019,3,8,SARDINA COMUN,121116.32248940528,33608.66999999999,95392.3840000003,4,0.7338877177007798,165033.85949672858,2019-03-01,Sardina Comun,Región 8
2019,4,8,SARDINA COMUN,122120.1156675519,21941.59,53436.897999999965,4,0.736089380853882,165903.9225995755,2019-04-01,Sardina Comun,Región 8
2019,5,8,SARDINA COMUN,117882.74286899084,8440.25,27114.316000000017,4,0.7405059171390053,159192.16867900096,2019-05-01,Sardina Comun,Región 8
2019,6,8,SARDINA COMUN,117276.9254772486,1986.91,11263.937000000007,4,0.7405059171390053,158374.055848677,2019-06-01,Sardina Comun,Región 8
2019,7,8,SARDINA COMUN,112104.6887907378,1913.15,7346.317999999996,3,0.7419869289732833,151087.1477828612,2019-07-01,Sardina Comun,Región 8
2019,11,8,SARDINA COMUN,130243.39703571922,9712.98,39495.29000000002,3,0.7501680887239335,173618.95153027444,2019-11-01,Sardina Comun,Región 8
2019,12,8,SARDINA COMUN,134193.26829572694,6249.82,21547.41599999999,5,0.7509182568126574,178705.5609292585,2019-12-01,Sardina Comun,Región 8
2020,3,8,SARDINA COMUN,141541.96946013876,9343.068,26291.04500000004,4,0.7607207978032042,186062.96800203322,2020-03-01,Sardina Comun,Región 8
2020,4,8,SARDINA COMUN,151938.5267921938,38920.833,94356.80599999992,4,0.7607207978032042,199729.6869376506,2020-04-01,Sardina Comun,Región 8
2020,5,8,SARDINA COMUN,161253.7613619862,13572.913,31957.376999999993,4,0.7599600770054009,212187.14803730432,2020-05-01,Sardina Comun,Región 8
2020,6,8,SARDINA COMUN,153473.86592567948,2052.757,6025.449999999997,3,0.7592001169283955,202152.05780869824,2020-06-01,Sardina Comun,Región 8
2020,7,8,SARDINA COMUN,170707.4114135837,834.97,2904.852,2,0.7599593170453239,224627.039349006,2020-07-01,Sardina Comun,Región 8
2020,11,8,SARDINA COMUN,158105.35953720604,4921.499,20880.215000000004,3,0.7698699365875226,205366.32491198965,2020-11-01,Sardina Comun,Región 8
2020,12,8,SARDINA COMUN,169271.10800736642,4068.204,18364.102999999996,3,0.7721795463972849,219212.11044390543,2020-12-01,Sardina Comun,Región 8
2021,3,8,SARDINA COMUN,144425.82069892983,44265.95999999999,165217.76999999993,3,0.7822565327198241,184627.18386866822,2021-03-01,Sardina Comun,Región 8
2021,4,8,SARDINA COMUN,147596.76470616524,17259.547000000002,79752.23500000019,3,0.7853855588507033,187929.05349845174,2021-04-01,Sardina Comun,Región 8
2021,5,8,SARDINA COMUN,151221.00129293575,2971.5319999999992,16722.233000000007,3,0.7877417155272554,191967.7456610505,2021-05-01,Sardina Comun,Región 8
2021,6,8,SARDINA COMUN,176852.7157586326,394.552,3721.140000000002,2,0.7885294572427826,224281.68552767322,2021-06-01,Sardina Comun,Región 8
2021,7,8,SARDINA COMUN,144209,336.662,1580.4450000000002,1,0.7948376929007247,181432.00968957032,2021-07-01,Sardina Comun,Región 8
2021,11,8,SARDINA COMUN,147465.73034421893,983.502,3034.583999999999,2,0.8221824202250634,179358.89495648886,2021-11-01,Sardina Comun,Región 8
2022,3,8,SARDINA COMUN,182376,19420.5,94486.032,1,0.8572043142859221,212756.74534130743,2022-03-01,Sardina Comun,Región 8
2022,4,8,SARDINA COMUN,185527,4983.149,27139.34699999997,1,0.8692051746859251,213444.42647506966,2022-04-01,Sardina Comun,Región 8
2022,5,8,SARDINA COMUN,197958,1262.83,5738.693000000002,1,0.8796356367821561,225045.452596897,2022-05-01,Sardina Comun,Región 8
2022,6,8,SARDINA COMUN,186367,562.275,2074.7350000000015,1,0.8875523575131954,209978.59835804589,2022-06-01,Sardina Comun,Región 8
2022,7,8,SARDINA COMUN,231917,163.366,878.0000000000001,1,0.8999780905183802,257691.82877154005,2022-07-01,Sardina Comun,Región 8
2022,10,8,SARDINA COMUN,206435,1288.961,5393.874999999999,1,0.9235697021933073,223518.5925975647,2022-10-01,Sardina Comun,Región 8
2022,11,8,SARDINA COMUN,186638.436469386,3188.148,10296.299999999988,2,0.9328053992152402,200082.92900791854,2022-11-01,Sardina Comun,Región 8
2022,12,8,SARDINA COMUN,140000,121.379,159.709,1,0.9356038154128858,149635.98661492998,2022-12-01,Sardina Comun,Región 8
2023,3,8,SARDINA COMUN,177881.75766877903,51485.673,194610.7549999997,2,0.9525091584204456,186750.70585542917,2023-03-01,Sardina Comun,Región 8
2023,4,8,SARDINA COMUN,186545.1564040832,24271.585,96459.13099999996,2,0.9553666858957068,195260.2693375133,2023-04-01,Sardina Comun,Región 8
2023,5,8,SARDINA COMUN,193971.28200244685,8526.848,38585.39899999999,2,0.9563220525816023,202830.50200381677,2023-05-01,Sardina Comun,Región 8
2023,6,8,SARDINA COMUN,207218.0427487404,2324.934,7921.475999999999,2,0.9544094084764392,217116.51300622718,2023-06-01,Sardina Comun,Región 8
2023,7,8,SARDINA COMUN,231000,367.149,1809.8730000000005,1,0.9582270461103449,241070.21497429025,2023-07-01,Sardina Comun,Región 8
2023,10,8,SARDINA COMUN,271000,207.792,322.25899999999996,1,0.9697631683488245,279449.6727086681,2023-10-01,Sardina Comun,Región 8
2023,11,8,SARDINA COMUN,246000,3306.15,16592.235000000022,1,0.9765515105272661,251906.83476305113,2023-11-01,Sardina Comun,Región 8
2023,12,8,SARDINA COMUN,222999.99999999997,766.363,6324.315999999996,1,0.9716687529746297,229502.08012485353,2023-12-01,Sardina Comun,Región 8
2024,3,8,SARDINA COMUN,190000,3112.291,51741.52300000001,1,0.9882786218783286,192253.47568369412,2024-03-01,Sardina Comun,Región 8
2024,4,8,SARDINA COMUN,190000,498.119,6700.027000000001,1,0.99322001498772,191296.99073004397,2024-04-01,Sardina Comun,Región 8
2024,5,8,SARDINA COMUN,190000,262.32,6134.688999999997,1,0.996199675032683,190724.8162812004,2024-05-01,Sardina Comun,Región 8
2024,6,8,SARDINA COMUN,190000,2.792,410.42199999999985,1,0.9952034753576505,190915.73201321356,2024-06-01,Sardina Comun,Región 8
2016,1,10,ANCHOVETA,117678,52,114.417,1,0.6823271225929762,172465.66361425095,2016-01-01,Anchoveta,Región 10
2016,2,10,ANCHOVETA,97867,199,372.381,1,0.6843741039607552,143002.19636249138,2016-02-01,Anchoveta,Región 10
2016,3,10,ANCHOVETA,121408,35,20.742,1,0.6871116003765981,176693.2765120799,2016-03-01,Anchoveta,Región 10
2016,4,10,ANCHOVETA,113888,99,157.86100000000002,1,0.6891729351777279,165253.15227393527,2016-04-01,Anchoveta,Región 10
2014,2,10,SARDINA COMUN,90170,28.03,143.386,1,0.6262715136402804,143979.08580557298,2014-02-01,Sardina Comun,Región 10
2014,3,10,SARDINA COMUN,93150,56.55,91.018,1,0.6312816857494027,147556.9497781651,2014-03-01,Sardina Comun,Región 10
2014,4,10,SARDINA COMUN,95420,32.6,70.055,1,0.6350693758638991,150251.3010806072,2014-04-01,Sardina Comun,Región 10
2014,5,10,SARDINA COMUN,93070,104.74,378.10100000000006,1,0.6369745839914907,146112.58021755438,2014-05-01,Sardina Comun,Región 10
2014,7,10,SARDINA COMUN,115460,323.072,118.679,1,0.638886781692633,180720.59605632527,2014-07-01,Sardina Comun,Región 10
2014,8,10,SARDINA COMUN,119060,25.4,36.909000000000006,1,0.6408034420377109,185798.00324011585,2014-08-01,Sardina Comun,Región 10
2014,11,10,SARDINA COMUN,120656,1128.15,166.92200000000005,1,0.6523891682697527,184944.8241453798,2014-11-01,Sardina Comun,Región 10
2014,12,10,SARDINA COMUN,130250,542.92,188.515,1,0.6497796115966737,200452.58065260408,2014-12-01,Sardina Comun,Región 10
2015,11,10,SARDINA COMUN,129699,440.44999999999993,82.595,1,0.6789324602915188,191033.7295469863,2015-11-01,Sardina Comun,Región 10
2016,1,10,SARDINA COMUN,117678,151,239.663,1,0.6823271225929762,172465.66361425095,2016-01-01,Sardina Comun,Región 10
2016,2,10,SARDINA COMUN,97867,191,770.9180000000005,1,0.6843741039607552,143002.19636249138,2016-02-01,Sardina Comun,Región 10
2016,3,10,SARDINA COMUN,121408,104,75.94200000000001,1,0.6871116003765981,176693.2765120799,2016-03-01,Sardina Comun,Región 10
2016,4,10,SARDINA COMUN,113888,173,234.26599999999996,1,0.6891729351777279,165253.15227393527,2016-04-01,Sardina Comun,Región 10
2013,2,14,ANCHOVETA,92055,109.821,225.83600000000004,1,0.6060013799405244,151905.59468533666,2013-02-01,Anchoveta,Región 14
2013,3,14,ANCHOVETA,91674,233.349,320.50300000000004,1,0.6084253854602865,150674.18649970813,2013-03-01,Anchoveta,Región 14
2013,4,14,ANCHOVETA,100221,439.697,465.39299999999986,1,0.6053832585329851,165549.67219090898,2013-04-01,Anchoveta,Región 14
2013,5,14,ANCHOVETA,106553,479.302,547.745,1,0.6053832585329851,176009.16196164401,2013-05-01,Anchoveta,Región 14
2013,6,14,ANCHOVETA,121400,950.2229999999998,1015.0880000000002,1,0.6090155580841831,199338.09307252395,2013-06-01,Anchoveta,Región 14
2013,7,14,ANCHOVETA,111689,176.412,180.889,1,0.6108426047584355,182844.15515543264,2013-07-01,Anchoveta,Región 14
2013,10,14,ANCHOVETA,77819,10.699,17.578,1,0.61573973602921,126382.94306266497,2013-10-01,Anchoveta,Región 14
2013,11,14,ANCHOVETA,84664,323.903,449.059,1,0.6182026949733268,136951.84554906047,2013-11-01,Anchoveta,Región 14
2013,12,14,ANCHOVETA,84480,588.2120000000001,538.3209999999999,1,0.6219119111431668,135839.17350081488,2013-12-01,Anchoveta,Región 14
2014,2,14,ANCHOVETA,88495,615.568,672.1819999999999,1,0.6262715136402804,141304.52698640546,2014-02-01,Anchoveta,Región 14
2014,3,14,ANCHOVETA,92640,117.158,155.01599999999996,1,0.6312816857494027,146749.06953783374,2014-03-01,Anchoveta,Región 14
2014,4,14,ANCHOVETA,95512,117.833,167.45999999999998,1,0.6350693758638991,150396.16714327136,2014-04-01,Anchoveta,Región 14
2014,5,14,ANCHOVETA,97304,60.785,86.26499999999999,1,0.6369745839914907,152759.62722132707,2014-05-01,Anchoveta,Región 14
2014,6,14,ANCHOVETA,97316,45.599,81.658,1,0.637611558575482,152625.8404371123,2014-06-01,Anchoveta,Región 14
2014,11,14,ANCHOVETA,119784,43.675,76.83000000000001,1,0.6523891682697527,183608.19864267152,2014-11-01,Anchoveta,Región 14
2015,7,14,ANCHOVETA,119323,2.823,3.733,1,0.6681859323947831,178577.5398957376,2015-07-01,Anchoveta,Región 14
2015,10,14,ANCHOVETA,126881,9.297,14.651000000000002,1,0.6789324602915188,186883.09577291395,2015-10-01,Anchoveta,Región 14
2015,11,14,ANCHOVETA,129496,97.672,81.68599999999999,1,0.6789324602915188,190734.73073359497,2015-11-01,Anchoveta,Región 14
2015,12,14,ANCHOVETA,136479,238.945,254.85899999999995,1,0.6789324602915188,201019.99533414398,2015-12-01,Anchoveta,Región 14
2018,10,14,ANCHOVETA,126346,134.154,136.365,1,0.7302372652629169,173020.47705619351,2018-10-01,Anchoveta,Región 14
2018,11,14,ANCHOVETA,136231,122.45600000000002,122.245,1,0.7302372652629169,186557.17323731893,2018-11-01,Anchoveta,Región 14
2018,12,14,ANCHOVETA,159033,35.739,35.739,1,0.729507027997654,218000.6413872567,2018-12-01,Anchoveta,Región 14
2019,2,14,ANCHOVETA,116019,9.41,12.496,1,0.7302365350256516,158878.65703121046,2019-02-01,Anchoveta,Región 14
2019,3,14,ANCHOVETA,140456,129.51,126.485,1,0.7338877177007798,191386.22518447248,2019-03-01,Anchoveta,Región 14
2019,4,14,ANCHOVETA,139136,112.12,112.141,1,0.736089380853882,189020.5233481276,2019-04-01,Anchoveta,Región 14
2019,5,14,ANCHOVETA,134852,1034.24,1034.304,1,0.7405059171390053,182107.93037415532,2019-05-01,Anchoveta,Región 14
2019,6,14,ANCHOVETA,135151,2486.1000000000004,2486.1230000000014,1,0.7405059171390053,182511.70837657183,2019-06-01,Anchoveta,Región 14
2019,7,14,ANCHOVETA,182213,96.69,96.704,1,0.7419869289732833,245574.4068862983,2019-07-01,Anchoveta,Región 14
2019,11,14,ANCHOVETA,155229,1406.4299999999998,1476.1660000000002,1,0.7501680887239335,206925.62418117633,2019-11-01,Anchoveta,Región 14
2019,12,14,ANCHOVETA,149748,849.16,779.624,1,0.7509182568126574,199419.84182888208,2019-12-01,Anchoveta,Región 14
2020,2,14,ANCHOVETA,124176,1714.996,1714.9960000000003,1,0.7584454614189474,163724.36294586526,2020-02-01,Anchoveta,Región 14
2020,3,14,ANCHOVETA,134485,1136.6090000000002,1142.58,1,0.7607207978032042,176786.28004960998,2020-03-01,Anchoveta,Región 14
2020,4,14,ANCHOVETA,145413,562.103,576.64,1,0.7607207978032042,191151.60308475993,2020-04-01,Anchoveta,Región 14
2020,5,14,ANCHOVETA,149787,1140.022,1127.145,1,0.7599600770054009,197098.51153001486,2020-05-01,Anchoveta,Región 14
2020,6,14,ANCHOVETA,146279,585.258,577.787,1,0.7592001169283955,192675.15472971983,2020-06-01,Anchoveta,Región 14
2020,2,14,JUREL,200000,1084.462,1084.4620000000002,1,0.7584454614189474,263697.27313790953,2020-02-01,Jurel,Región 14
2012,2,14,SARDINA COMUN,67000,7567,13115.294999999996,1,0.5976205758660117,112111.26709101394,2012-02-01,Sardina Comun,Región 14
2012,3,14,SARDINA COMUN,62000,20491,23251.638999999966,1,0.5988158170177438,103537.67926300927,2012-03-01,Sardina Comun,Región 14
2012,4,14,SARDINA COMUN,67000,16571,17010.24900000001,1,0.5994146328347614,111775.71639040996,2012-04-01,Sardina Comun,Región 14
2012,5,14,SARDINA COMUN,74000,13048,14929.454000000009,1,0.5994146328347614,123453.77631179607,2012-05-01,Sardina Comun,Región 14
2012,6,14,SARDINA COMUN,86000,2429,2769.5099999999993,1,0.597616388936257,143905.02267362172,2012-06-01,Sardina Comun,Región 14
2012,7,14,SARDINA COMUN,79000,1934,3058.318,1,0.597616388936257,132191.82315367577,2012-07-01,Sardina Comun,Región 14
2012,8,14,SARDINA COMUN,76000,5028,6140.813999999999,1,0.5988116217141296,126918.04441344345,2012-08-01,Sardina Comun,Región 14
2012,10,14,SARDINA COMUN,78000,9263,11899.413000000002,1,0.6072237273759696,128453.4784848837,2012-10-01,Sardina Comun,Región 14
2012,11,14,SARDINA COMUN,83000,21790,25341.09100000001,1,0.6041876087390897,137374.54856649076,2012-11-01,Sardina Comun,Región 14
2012,12,14,SARDINA COMUN,93000,20076,19815.788999999997,1,0.6041876087390897,153925.69899618844,2012-12-01,Sardina Comun,Región 14
2013,2,14,SARDINA COMUN,92055,7538.711,9225.556000000004,1,0.6060013799405244,151905.59468533666,2013-02-01,Sardina Comun,Región 14
2013,3,14,SARDINA COMUN,91674,9363.041,12559.499999999996,1,0.6084253854602865,150674.18649970813,2013-03-01,Sardina Comun,Región 14
2013,4,14,SARDINA COMUN,100221,6207.649,8409.581,1,0.6053832585329851,165549.67219090898,2013-04-01,Sardina Comun,Región 14
2013,5,14,SARDINA COMUN,106553,5176.484999999999,6739.625999999998,1,0.6053832585329851,176009.16196164401,2013-05-01,Sardina Comun,Región 14
2013,6,14,SARDINA COMUN,121400,2467.197,3660.7479999999982,1,0.6090155580841831,199338.09307252395,2013-06-01,Sardina Comun,Región 14
2013,7,14,SARDINA COMUN,111689,2761.5110000000004,3193.0690000000013,1,0.6108426047584355,182844.15515543264,2013-07-01,Sardina Comun,Región 14
2013,10,14,SARDINA COMUN,77819,1400.845,1569.19,1,0.61573973602921,126382.94306266497,2013-10-01,Sardina Comun,Región 14
2013,11,14,SARDINA COMUN,84664,2814.5519999999997,3872.887,1,0.6182026949733268,136951.84554906047,2013-11-01,Sardina Comun,Región 14
2013,12,14,SARDINA COMUN,84480,7148.675,9975.711999999998,1,0.6219119111431668,135839.17350081488,2013-12-01,Sardina Comun,Región 14
2014,2,14,SARDINA COMUN,88494.99999999999,12416.102999999996,15833.325000000008,1,0.6262715136402804,141304.52698640543,2014-02-01,Sardina Comun,Región 14
2014,3,14,SARDINA COMUN,92640,21110.927999999993,25977.487999999983,1,0.6312816857494027,146749.06953783374,2014-03-01,Sardina Comun,Región 14
2014,4,14,SARDINA COMUN,95512,15619.315,19291.61,1,0.6350693758638991,150396.16714327136,2014-04-01,Sardina Comun,Región 14
2014,5,14,SARDINA COMUN,97304,6100.419000000001,8270.163000000004,1,0.6369745839914907,152759.62722132707,2014-05-01,Sardina Comun,Región 14
2014,6,14,SARDINA COMUN,97316,6490.853999999999,7653.153,1,0.637611558575482,152625.8404371123,2014-06-01,Sardina Comun,Región 14
2014,7,14,SARDINA COMUN,98674,7414.426999999999,8974.982,1,0.638886781692633,154446.77026902683,2014-07-01,Sardina Comun,Región 14
2014,10,14,SARDINA COMUN,118828,3055.3540000000003,3989.3509999999983,1,0.6523891682697527,182142.81563740876,2014-10-01,Sardina Comun,Región 14
2014,11,14,SARDINA COMUN,119784,10724.679999999997,16365.09299999998,1,0.6523891682697527,183608.19864267152,2014-11-01,Sardina Comun,Región 14
2014,12,14,SARDINA COMUN,127349,2373.725,3191.6099999999988,1,0.6497796115966737,195987.98996950846,2014-12-01,Sardina Comun,Región 14
2015,7,14,SARDINA COMUN,119323,2212.2440000000006,2889.663999999999,1,0.6681859323947831,178577.5398957376,2015-07-01,Sardina Comun,Región 14
2015,8,14,SARDINA COMUN,124018,883.565,1768.215,1,0.6728632339215465,184313.83043059843,2015-08-01,Sardina Comun,Región 14
2015,10,14,SARDINA COMUN,126881,7691.029000000001,10387.506,1,0.6789324602915188,186883.09577291395,2015-10-01,Sardina Comun,Región 14
2015,11,14,SARDINA COMUN,129496,3825.906,5802.51,1,0.6789324602915188,190734.73073359497,2015-11-01,Sardina Comun,Región 14
2015,12,14,SARDINA COMUN,136479,5940.495,6631.583,1,0.6789324602915188,201019.99533414398,2015-12-01,Sardina Comun,Región 14
2018,7,14,SARDINA COMUN,103055,1120.282,1120.2820000000002,1,0.7237050857896574,142399.16510681066,2018-07-01,Sardina Comun,Región 14
2018,10,14,SARDINA COMUN,126346,7401.209000000001,6809.922999999996,1,0.7302372652629169,173020.47705619351,2018-10-01,Sardina Comun,Región 14
2018,11,14,SARDINA COMUN,136231,8227.280999999999,8862.460000000001,1,0.7302372652629169,186557.17323731893,2018-11-01,Sardina Comun,Región 14
2018,12,14,SARDINA COMUN,159033,1912.666,1919.216,1,0.729507027997654,218000.6413872567,2018-12-01,Sardina Comun,Región 14
2019,2,14,SARDINA COMUN,116079,11544.53,12826.72,1,0.7302365350256516,158960.8221888301,2019-02-01,Sardina Comun,Región 14
2019,3,14,SARDINA COMUN,140456,14532.449999999995,13317.263999999996,1,0.7338877177007798,191386.22518447248,2019-03-01,Sardina Comun,Región 14
2019,4,14,SARDINA COMUN,139862,11974.37,12122.329999999996,1,0.736089380853882,190006.8166147929,2019-04-01,Sardina Comun,Región 14
2019,5,14,SARDINA COMUN,134862,4653.360000000001,4515.277,1,0.7405059171390053,182121.4346551726,2019-05-01,Sardina Comun,Región 14
2019,6,14,SARDINA COMUN,135151,2390.47,2390.806000000001,1,0.7405059171390053,182511.70837657183,2019-06-01,Sardina Comun,Región 14
2019,7,14,SARDINA COMUN,182213,209.72,209.731,1,0.7419869289732833,245574.4068862983,2019-07-01,Sardina Comun,Región 14
2019,11,14,SARDINA COMUN,155229,7874.479999999999,8192.721000000001,1,0.7501680887239335,206925.62418117633,2019-11-01,Sardina Comun,Región 14
2019,12,14,SARDINA COMUN,149748,8996.869999999997,8680.412000000004,1,0.7509182568126574,199419.84182888208,2019-12-01,Sardina Comun,Región 14
2020,2,14,SARDINA COMUN,124176,5300.462,5300.4619999999995,1,0.7584454614189474,163724.36294586526,2020-02-01,Sardina Comun,Región 14
2020,3,14,SARDINA COMUN,134485,8744.298999999999,8822.828,1,0.7607207978032042,176786.28004960998,2020-03-01,Sardina Comun,Región 14
2020,4,14,SARDINA COMUN,145413,9346.481999999998,9564.55,1,0.7607207978032042,191151.60308475993,2020-04-01,Sardina Comun,Región 14
2020,5,14,SARDINA COMUN,149787,5534.731,5268.588,1,0.7599600770054009,197098.51153001486,2020-05-01,Sardina Comun,Región 14
2020,6,14,SARDINA COMUN,146279,2626.986,2597.1020000000003,1,0.7592001169283955,192675.15472971983,2020-06-01,Sardina Comun,Región 14
