ANIO,MES,P_HARINA_REAL,PRECIO_DIESEL_REAL,SST_MACRO,CHL_A_MACRO,WIND_SPEED_MACRO,ln_P_HARINA,ln_DIESEL,ln_SST,ln_WIND,SST2,WIND2,SST_X_WIND,DIESEL_LAG1,D_DIESEL,P_A,P_J,P_S,Q_A,Q_J,Q_S,ln_P_A,ln_P_S,ln_P_J,ln_Q_A,ln_Q_S,ln_Q_J,D_SHOCK_JUREL
2012,1,1057021.5945932628,1071.7322593384058,15.424847148937053,4.702881404750428,6.126124860650783,13.870965694722456,6.977031552356158,2.7359796604351936,1.8125623902875572,237.92590956807152,37.52940580828358,94.49453959084164,1071.7322593384058,-0.8186632451381683,103744.75462153528,275519.2954348954,111320.36786271574,0,67350.71600000001,0,11.549688878950132,11.620167520186252,12.526412942998777,0,0,11.117683660355802,0
2012,2,1025222.7448076092,1070.9135960932676,14.820302322785023,3.3486207675656656,6.115626307113526,13.840420458953234,6.976267391276622,2.695998019307983,1.8108471853357142,219.64136093874717,37.40088512825903,90.63543076459979,1071.7322593384058,-0.8186632451381683,103744.75462153528,187023.543495815,111320.36786271574,257.86599999999993,0,34840.46299999999,11.549688878950132,11.620167520186252,12.138989788958991,5.556310553297786,10.458563422048062,0,0
2012,3,1051743.431576833,1082.1357445553226,14.431441683735072,4.702373282319338,8.786364278060937,13.865959756200875,6.986691908612506,2.6694092765779787,2.173201005889286,208.26650907104616,77.20019722678529,126.79990369088941,1070.9135960932676,11.222148462054975,104698.04500666188,98527.79155673462,106245.31579792836,6729.8769999999995,25882.192000000003,246995.89999999973,11.558835724350601,11.573505999207088,11.498093935148088,8.814460726184558,12.417131064924066,10.161349079494588,0
2012,4,1131055.7965422478,1118.445335292324,12.36185614492418,3.9154033869075175,6.3354629336315735,13.938662087694158,7.0196949065059195,2.514615614292183,1.8461628866567381,152.81548734779972,40.13809058341958,78.31808139705285,1082.1357445553226,36.30959073700137,108120.90631270388,99931.62741822664,112775.22598201068,30577.223999999987,0,190814.7750000001,11.59100538282569,11.63315196610532,11.5122415053054,10.328043400621885,12.159063712775735,0,0
2012,5,1267153.9330491985,1094.755556594655,12.955484283334322,1.7867660035669577,6.989055508045797,14.052283946042799,6.998286381343123,2.5615191952786676,1.9443454266648832,167.84457301572263,48.846896894545296,90.5465987898385,1118.445335292324,-23.689778697669,104285.71008887832,101335.46327971865,118726.59674104488,10886.609000000002,0,60009.51300000002,11.554889623825627,11.684578622398647,11.5261917107071,9.2953806325917,11.002275042522257,0,0
2012,6,1391792.8491672997,1050.3602505234392,12.031384126941534,1.473820289740971,7.292066547862764,14.146103293549038,6.956888480044294,2.487518579639239,1.9867869829216145,144.7542040100207,53.174234538459174,87.73365371655741,1094.755556594655,-44.39530607121583,109550.104528232,102739.29914121066,138794.0806402357,2786.318,0,31836.169,11.604137299183193,11.840746679461265,11.539949982323966,7.932835122156972,10.368389722688713,0,0
2012,7,1403489.4926374962,975.6676871560696,11.126484673401723,2.107313402555108,6.747583940624063,14.154472188213475,6.883122043963854,2.409328272937058,1.9091845060881547,123.79866118744346,45.52988903576775,75.07688929784524,1050.3602505234392,-74.69256336736953,118805.30941659468,104143.13500270266,126935.8808866922,2110.4800000000014,0,43739.299000000035,11.685241376970898,11.751437363040543,11.553521529996283,7.655144402389761,10.686025130055588,0,0
2012,8,1347849.7331682805,1013.7787544307372,10.905127420686652,2.072582972263568,6.9259080609696255,14.11402109032994,6.921439969447323,2.389233084196667,1.9352691714147376,118.9218040614119,47.96820246900404,75.52790990883459,975.6676871560696,38.11106727466756,130257.99295063935,105546.97086419468,129375.36280933462,302.07800000000003,0,19686.011999999995,11.777272323956502,11.770473247321197,11.566911354278153,5.713990198123622,9.88771440795919,0,0
2012,9,1319772.8997213244,1029.3903693473105,11.655672449344602,3.2581691312681684,6.144207936287373,14.092970234095336,6.936722031576785,2.4557929670348213,1.8155098390694555,135.85470024641077,37.751291164336735,71.61487516602918,1013.7787544307372,15.61161491657333,129805.24273206556,106950.80672568669,130612.86085288817,0,0,0,11.773790473284402,11.77999296611308,11.580124257499277,0,0,0,0
2012,10,1291696.0662743684,1045.001984263884,12.406217478002551,4.443755290272769,5.362507811605119,14.071466692829055,6.951774063214223,2.5181977564635787,1.6794317409626536,153.91423211149598,28.756490029525924,66.52843813826064,1029.3903693473105,15.611614916573444,129352.49251349174,108354.6425871787,131850.35889644173,7392.5039999999935,0,50721.09699999997,11.770296456956867,11.789422913783353,11.593164854105424,8.908357055829152,10.834116932893664,0,0
2012,11,1312409.1151998795,1053.935881487074,13.163576643623596,4.927819207115512,6.7861841060011345,14.087375025488335,6.96028689374715,2.577453670401653,1.9148887962623857,173.27975005255266,46.05229472054242,89.3304545970862,1045.001984263884,8.933897223190115,128990.9434365138,109758.47844867072,138919.81155279244,7308.017999999999,0,108437.95500000002,11.767497474960761,11.841652150341055,11.606037580333295,8.896864207194557,11.593942666900732,0,0
2012,12,1666272.121207638,1034.3641461039565,14.81880837521634,2.6137039535465845,7.501441157851518,14.326099426430524,6.941542165317824,2.695897210104551,2.015095156463179,219.59708166138196,56.271619444708726,111.16241905616265,1053.935881487074,-19.571735383117584,151986.84994585242,111162.31431016274,151504.25549173,4835.112999999999,0,60548.53400000001,11.931549282571774,11.928368992591395,11.618746703270542,8.483866577880221,11.011217052832713,0,0
2013,1,1652527.1908248984,1040.57292531397,14.796387923463815,3.643664268593276,7.39007265519829,14.31781630492958,6.9475267301763495,2.694383091757352,2.0001375664677066,218.93309558162582,54.61317384910951,109.34638178889615,1034.3641461039565,6.2087792100135175,258586.2435088507,112566.15017165475,199512.57199990406,0,0,0,12.462984547883476,12.203632530869912,11.631296329347272,0,0,0,0
2013,2,1638782.260442159,1046.7817045239835,14.773967471711291,4.673624583639967,7.278704152545062,14.309463999872174,6.9534756929755375,2.6928666773788814,1.9849528453405023,218.27011485518332,52.97953414027673,107.53533838591065,1040.57292531397,6.2087792100135175,365185.63707184896,113969.98603314676,247520.8885080781,252.02000000000004,0,12087.563000000004,12.808161097991565,12.419250255442007,11.643690412301268,5.533468536986524,9.400015077983806,0,0
2013,3,1694860.7908920145,1086.5931928234634,13.533868311542534,6.336686245507254,5.85250524543208,14.343111166156646,6.990802569440579,2.605195307567818,1.7668698166545613,183.16559147417516,34.25181764781001,79.20703528428969,1046.7817045239835,39.811488299479834,140769.87317762565,115373.82189463876,163961.54334667945,21597.034000000003,0,67779.91399999999,11.854881730902557,12.007387187520298,11.655932760655631,9.980357571011302,11.1240359298739,0,0
2013,4,1688479.456685952,1027.2417924921122,13.413993183944877,4.729358206022182,5.8159050973788995,14.339338952127854,6.934632617945387,2.5962984295474683,1.7605964225910196,179.9352131389196,33.82475210171787,78.01451133471082,1086.5931928234634,-59.351400331351215,135473.05389315146,116777.65775613078,143826.3317531761,7411.364999999996,0,22539.18099999999,11.81652803526859,11.876361821227482,11.668027044744203,8.910904830661211,10.023054817730115,0,0
2013,5,1568550.242773385,981.9636601660354,13.148869807548214,1.7132260735936289,5.821781099108661,14.265662338470507,6.889554301728828,2.5763358087361357,1.7616062457001647,172.89277721585302,33.89313516593885,76.54984172022473,1027.2417924921122,-45.27813232607673,144125.94353731835,118181.4936176228,158612.66207202824,3483.217000000001,0,19175.103000000003,11.878442804209556,11.974220421515843,11.679976803317201,8.155998620762976,9.86142014739725,0,0
2013,6,1476002.8919913827,1003.2960602315068,11.52391527824104,1.76325749123466,8.259731402872385,14.20484824348439,6.911045919113837,2.4444244654286003,2.111392069192111,132.80062334007727,68.22316284759621,95.18444490772838,981.9636601660354,21.332400065471347,147779.47591867507,119585.32947911481,161836.71915969116,2842.523000000001,0,10071.040999999996,11.903476413974698,11.994343199513624,11.691785449756816,7.952799055337318,9.217518646406923,0,0
2013,7,1460807.0945922765,1013.0217212403617,11.862848273196493,2.333851482753942,8.181000860567018,14.194499645459649,6.920692946506814,2.4734115226786457,2.101814497722488,140.727169152881,66.92877508059829,97.04997193179646,1003.2960602315068,9.7256610088549,146970.10730214138,120989.16534060682,159270.94818249426,0,0,0,11.897984493396002,11.978362107530637,11.703456277930083,0,0,0,0
2013,8,1445611.29719317,1022.7473822492166,12.201781268151944,2.9044454742732233,8.102270318261649,14.184042833111448,6.930247797284567,2.5015819466676574,2.0921443086106946,148.88346611582367,65.64678431018372,98.86213019886847,1013.0217212403617,9.7256610088549,146160.73868560768,122393.00120209884,156705.17720529734,0,0,0,11.892462244991004,11.962121466760031,11.714992467704125,0,0,0,0
2013,9,1430415.4997940639,1032.4730432580714,12.540714263107397,3.4750394657925048,8.023539775956282,14.173475519328461,6.939712216269734,2.528980492363179,2.0823796930770677,157.2695142289053,64.37719053635259,100.62091970894447,1022.7473822492166,9.725661008854786,145351.37006907398,123796.83706359085,154139.40622810044,0,0,0,11.886909331942418,11.945612707164843,11.726397090146895,0,0,0,0
2013,10,1415219.7023949577,1042.1987042669264,12.87964725806285,4.045633457311787,7.944809233650914,14.162795343717065,6.949087899207144,2.55564833350482,2.072518788832058,165.88531349212587,63.11999375910482,102.3263404620244,1032.4730432580714,9.725661008855013,144542.00145254028,125200.67292508286,151573.63525090355,0,0,0,11.881325411790641,11.928826827111857,11.737673112434672,0,0,0,0
2013,11,1400023.9049958512,1051.9243652757814,13.2185802530183,4.616227448831069,7.866078691345546,14.151999869436748,6.958376494587322,2.58162343478487,2.0625596779445194,174.73086390548536,61.87519397844046,103.97839245810827,1042.1987042669264,9.725661008855013,143732.63283600655,126604.50878657488,149007.86427370665,0,0,0,11.875710136307003,11.91175436389521,11.748823402485955,0,0,0,0
2013,12,1384828.107596745,1061.6500262846362,13.557513247973754,5.18682144035035,7.787348149040179,14.141086579862836,6.96757960538609,2.6069408769019726,2.052500384602774,183.80616546898383,60.6427911943595,105.57707569719612,1051.9243652757814,9.725661008854786,142923.26421947285,128008.34464806688,146442.09329650976,0,0,0,11.870063151363464,11.894385361699813,11.759850733339833,0,0,0,0
2014,1,1369632.3101976386,1071.375687293491,13.896446242929205,5.757415431869632,7.708617606734811,14.130052875065095,6.976698790724841,2.6316331414722125,2.042338872761919,193.1112181826212,59.42278540686193,107.12239017928789,1061.6500262846362,9.725661008854786,142113.89560293916,129412.1805095589,143876.32231931284,0,0,0,11.8643840967986,11.876709336733038,11.770757787295576,0,0,0,0
2014,2,1354436.5127985324,1081.101348302346,14.235379237884658,6.328009423388913,7.629887064429443,14.11889606808988,6.985735567455793,2.6557303616034162,2.0320730436703665,202.64602204639758,58.21517661594775,108.61433590438362,1071.375687293491,9.725661008855013,141304.52698640546,130816.01637105091,141310.55134211594,702.9739999999999,0,16066.774000000009,11.85867260627976,11.858715239218858,11.781547159828891,6.556741423657864,9.684570930157454,0,0
2014,3,1429075.725937431,1110.193679036951,13.014946907293163,4.707411579797402,7.015643513457343,14.172538447766488,7.012289764704409,2.5660984590907754,1.9481424432683432,169.3888429996599,49.21925390791609,91.30822784814299,1081.101348302346,29.092330734604957,142613.4462586958,132219.85223254294,139556.2909148229,10666.090999999997,0,196372.08499999964,11.867893076056218,11.846223317954292,11.79222136329916,9.2749186735725,12.187771623759895,0,0
2014,4,1417018.3281376678,1080.1611120715927,12.625779115820356,3.7881777019174327,6.4962222619837124,14.164065453054706,6.984865486836425,2.535740685401494,1.8712208174809022,159.41029828148544,42.20090367709278,82.01986736708123,1110.193679036951,-30.032566965358228,147930.05669489954,133623.68809403494,141351.0930462873,27781.904000000035,0,119650.44299999996,11.904494851141123,11.859002095998008,11.80278283046089,10.232176146482017,11.692338153439307,0,0
2014,5,1460495.2432645692,1107.9331179145215,12.122988835593274,2.689830770843327,6.032319084358072,14.194286143882048,7.010251502592285,2.4951035538363042,1.7971315279070494,146.96685830791915,36.388873535510605,73.12973691240914,1080.1611120715927,27.77200584292882,135792.63628298198,135027.52395552694,149014.37163126032,9203.481000000002,0,48241.11200000004,11.81888426791621,11.911798034177293,11.813233917791681,9.127445709676762,10.783987611537231,0,0
2014,6,1635046.2429860672,1076.897217803086,11.965422199741605,1.7574975288763528,7.026675507777459,14.307181645085436,6.981839238807574,2.4820210069677633,1.9497136932268588,143.17132841806924,49.374168691599614,84.07713911114102,1107.9331179145215,-31.035900111435467,145292.61738294718,136431.35981701897,152560.6656716384,1436.4690000000007,0,42433.87700000003,11.88650503879022,11.935317603607979,11.823576908648045,7.270639207221582,10.655725873848853,0,0
2014,7,1665310.3883706836,1097.111892916524,11.27060336551801,1.7583842104563396,7.428349908272173,14.325522083464588,7.000436454086013,2.4221978639316584,2.0053037490412033,127.02650022282589,55.1803823597272,83.72198547641776,1076.897217803086,20.214675113438034,150134.71059389392,137835.19567851097,155179.3526413303,0,0,41888.491999999984,11.919288240680206,11.952336840776205,11.833814016259728,0,10.642790286868264,0,0
2014,8,1707868.9161217,1076.9762661906143,11.454952614942377,2.369267735534913,6.365374331723654,14.350756903384104,6.9819126399503535,2.43842217927031,1.8508730412343004,131.2159394105752,40.51799038296635,72.91506134626495,1097.111892916524,-20.135626725909788,154976.80380484066,139239.031540003,185798.00324011585,0,0,37.76800000000001,11.95103073183028,12.132415358480209,11.84394738657228,0,3.65759516407417,0,0
2014,9,1803488.8500244138,1069.54701902956,12.1860375526336,3.2863081002210572,6.7823781141308155,14.40523359689709,6.974990491118092,2.500290833442562,1.914327794748977,148.4995112341963,46.00065288304068,82.65031439495837,1076.9762661906143,-7.429247161054263,159818.8970157874,140642.867401495,183970.4094387623,0,0,0,11.981796559489219,12.122530205390882,11.853979100947052,0,0,0,0
2014,10,1899108.7839271273,1062.1177718685055,12.917122490324822,4.203348464907202,7.199381896537977,14.456895273002116,6.968020091951372,2.5585537560821185,1.973995174633826,166.85205343005532,51.831099692198755,92.99529781220807,1069.54701902956,-7.429247161054491,164660.99022673414,142046.70326298702,182142.81563740876,0,0,32348.782000000025,12.011644034600483,12.112546359646274,11.863911178727111,0,10.384362561111907,0,0
2014,11,2170450.2065161746,1031.164707280568,13.203342757304735,5.697556160522021,7.142978482544325,14.590445172438676,6.938444226136817,2.5804700367224465,1.9661298437847514,174.32825996687143,51.022141602091224,94.31119321308518,1062.1177718685055,-30.953064587937433,169503.08343768088,143450.53912447902,183027.3777313025,2850.7519999999995,0,44138.743999999984,12.04062639700993,12.117391025722917,11.873745579676962,7.95568882123151,10.69511588006577,0,0
2014,12,2267626.206952448,1000.6244825628298,13.92032422827563,7.453312759425358,7.594088229640933,14.634244118497469,6.908379566636872,2.6333499468961934,2.027370080077769,193.77542662031752,57.67017603957096,105.71217037473347,1031.164707280568,-30.540224717738283,167083.8933101176,144854.37498597102,194082.16317658752,0,0,5792.637999999999,12.026251320411191,12.176036869914338,11.883484206303484,0,8.66451569795148,0,0
2015,1,2186756.6430469723,931.2483053493561,14.119140376877471,6.596134030084262,6.993735561145462,14.597930019140513,6.836525949933033,2.6475313503873026,1.945014828539125,199.3501249819717,48.912337099230626,98.74553414657271,1000.6244825628298,-69.37617721347374,164664.70318255434,146258.21084746305,194382.03717624332,0,0,0,12.011666583438274,12.177580765382434,11.893128906064925,0,0,0,1
2015,2,2105887.079141497,861.8721281358825,14.31795652547931,5.738955300743166,6.39338289264999,14.560247351597262,6.759106916429913,2.661514450615096,1.855263532475072,205.00387906551558,40.87534481202956,91.54017830770572,931.2483053493561,-69.37617721347362,162245.51305499105,147662.04670895505,194681.91117589912,0,0,0,11.99686597966925,12.17912228091122,11.902681473474395,0,0,0,1
2015,3,2025017.5152360215,792.4959509224087,14.516772674081151,4.881776571402071,5.793030224154519,14.52108890798464,6.675187396492212,2.6753047170662754,1.7566555094588119,210.73668887094922,33.559199177967756,84.09610285813253,861.8721281358825,-69.37617721347374,159826.32292742777,149065.88257044708,194981.78517555492,0,0,79484.26,11.981843022950445,12.18066142382683,11.91214365210383,0,11.283326874647054,0,1
2015,4,1826814.194607886,808.8609877582228,14.220827027331524,4.231480707581139,6.275364903220672,14.418084130466365,6.6956270701035665,2.6547075821305612,1.8366316352347678,202.23192134128274,39.380204668573796,89.2408788220882,792.4959509224087,16.365036835814067,157407.13279986448,150469.71843193908,172766.3402583823,0,0,102946.97500000006,11.966590930329183,12.059695326206624,11.921517136494039,0,11.541979042519891,0,1
2015,5,1679070.936237037,806.5761060973331,13.371310836691052,2.0162583237867415,6.690775028718456,14.3337511842661,6.692798259011822,2.5931114294411506,1.9007297162670183,178.79195349141156,44.766470484922465,89.46443264736497,808.8609877582228,-2.2848816608897096,154987.9426723012,151873.5542934311,175202.70102941216,0,0,71163.354,11.951102603664687,12.073698874200135,11.930803573976046,0,11.172747325967565,0,1
2015,6,1625834.602384094,817.9512933481105,12.491643677850487,1.913660084143563,7.166656045280046,14.30153184336502,6.706802791245741,2.525059914986676,1.969439164410462,156.04116177438203,51.36095887134903,89.52331367935146,806.5761060973331,11.375187250777458,152568.75254473794,153277.3901549231,174795.4290777754,0,0,0,11.935370609792363,12.071371592421025,11.940004566408657,0,0,0,1
2015,7,1572598.2685311509,829.326480598888,11.611976519009922,1.811061844500384,7.642537061841637,14.268239757515897,6.720613902213359,2.4520370240289164,2.0337296242106278,134.83799867803776,58.408372741623,88.74496090776816,817.9512933481105,11.375187250777458,150149.56241717466,154681.22601641514,174388.15712613866,997.9460000000004,0,12892.246000000006,11.9193871591027,12.069038881764454,11.949121671836803,6.906700723133527,9.46445888734981,0,1
2015,8,1718082.2813909152,803.8836618349943,11.77248184990986,1.6396546095816475,6.906171291883265,14.356719274087803,6.689454559498819,2.4657647613981224,1.932415402002697,138.5913289064571,47.69520191283256,81.30277618606426,829.326480598888,-25.442818763893683,162394.07353575443,156085.06187790714,184313.8304305984,0,0,4677.280000000002,11.99778121303739,12.124395183873247,11.958156406074973,0,8.450685799991641,0,1
2015,9,1793997.7001009397,780.2465257562417,12.267724624703115,3.763983770015213,6.804268346824131,14.39995703960504,6.659609928409468,2.5069717993668115,1.9175501133244044,150.4970674675472,46.29806773559279,83.47289035142235,803.8836618349943,-23.637136078752633,174638.58465433418,157488.89773939914,186134.38302958733,0,0,0,12.070473886829637,12.134224181231893,11.967110244219752,0,0,0,1
2015,10,1869913.118810964,756.6093896774889,12.76296739949637,5.8883129304487785,6.702365401764996,14.44140252722255,6.628847122480749,2.546547805699428,1.902460509130736,162.89333684060713,44.921701978776454,85.54207112223904,780.2465257562417,-23.637136078752746,186883.09577291395,158892.73360089117,187954.93562857623,1656.5610000000006,0,34077.630999999994,12.13823854405047,12.143957508975149,11.975984622095242,7.413102523796098,10.436425809948615,0,1
2015,11,2027189.352783252,741.1295947198143,13.425381839373864,6.0952713002048275,6.368462844372477,14.522160836356475,6.608175501663992,2.5971470824019116,1.8513581287482483,180.24087753298957,40.55731900015278,85.49904541556548,756.6093896774889,-15.479794957674585,173643.02218144864,160296.56946238317,186803.6967194914,9860.357999999998,0,79735.07600000019,12.06475687413104,12.13781359429997,11.984780937634916,9.19637916630775,11.28647740979222,0,1
2015,12,1908581.4801719936,739.754112950139,13.921392337934666,7.136072582943278,6.108320711979769,14.461870843560774,6.606317851183942,2.633426674181095,1.809651892850864,193.80516462670602,37.31158192040104,85.03632915740279,741.1295947198143,-1.375481769675389,166569.25454859532,161700.4053238752,196615.7537047231,3558.8079999999995,0,23926.19099999999,12.023166445157035,12.189006614231209,11.993500552203214,8.177461889807391,10.0827707899756,0,1
2016,1,1798714.369342342,676.4183009270786,15.99128677490408,7.374399440732296,6.8480178126673374,14.402582728421764,6.516811673026059,2.772043997335611,1.92395923998491,255.72125271722211,46.895347962609144,109.50861668201475,739.754112950139,-63.335812023060384,172465.66361425095,163104.2411853672,172465.66361425095,114.639,0,239.86900000000003,12.05795344412858,12.05795344412858,12.002144791860026,4.7504732695839476,5.484253217239029,0,1
2016,2,1712953.6634814772,617.1195989851011,14.949809372469002,6.254845167590991,6.709258370290008,14.353729727017154,6.425062844642979,2.704698548749983,1.9034884188378811,223.496800273162,45.01414787930653,100.30213366647766,676.4183009270786,-59.29870194197747,143002.19636249138,164508.0770468592,143002.19636249138,1383.087,0,29493.965000000004,11.870615268302355,11.870615268302355,12.010714948570978,7.232795995473604,10.291974849794668,0,1
2016,3,1697447.420473046,578.5980457428489,13.83523502929704,6.277768194702422,5.9966411286560595,14.344636163250755,6.360608014974715,2.62721860111751,1.7911995005842176,191.41372831588788,35.95970482588942,82.96493940130566,617.1195989851011,-38.52155324225225,175809.40386518626,165911.91290835122,176693.27651207987,30622.06000000004,23188.494999999995,40715.301000000014,12.077155754640952,12.082170607284365,12.019212281366311,10.329508598901752,10.614383807216091,10.051454653384607,1
2016,4,1599074.3548024944,608.9102555377976,12.93975873193864,4.04709633034547,4.840258630212031,14.28493549154953,6.411670893201872,2.5603046437628145,1.5769681552951098,167.4373560407823,23.42810360734205,62.631778875127495,578.5980457428489,30.312209794948785,158616.8524433967,182022.54061461505,150577.0594202583,9916.19400000001,0,16313.857000000007,11.974246840062523,11.922230254858128,12.111885807921064,9.202025297362438,9.69983144404877,0,1
2016,5,1750218.14288353,608.5185643547397,13.23619613409714,4.561614386498833,4.431166931359983,14.37525099120745,6.411027420351265,2.582955208179944,1.4886629650261125,175.19688810028808,19.63524037357825,58.65179460640609,608.9102555377976,-0.39169118305790107,144811.83764980512,198133.16832087887,144811.83764980512,8370.931999999997,0,26720.11800000001,11.883190507317437,11.883190507317437,12.196694650881827,9.032639961220434,10.193209468092624,0,1
2016,6,1888063.9523967283,642.9270580916398,12.414756299615211,2.566193702471937,5.7786925997373,14.45106249820539,6.46603127782092,2.5188857892560077,1.7541774632815303,154.12617397883557,33.393288162258635,71.74106035612846,608.5185643547397,34.40849373690003,144234.8980575748,214243.79602714267,144234.8980575748,5474.125,0,33770.975,11.8791984860479,11.8791984860479,12.274869879341322,8.607970385474305,10.427386595530914,0,1
2016,7,1662772.8295797573,672.4695237505114,11.462591547519889,1.816661230488374,6.377510047351342,14.323997146065798,6.510956792606004,2.439088824248172,1.8527777464698825,131.3910049852744,40.672634404067324,73.10279276299266,642.9270580916398,29.542465658871606,143947.0040494759,230354.4237334065,143947.0040494759,2900.6509999999994,0,20547.013,11.877200483385225,11.877200483385225,12.347374374579081,7.973035164323739,9.930519524251938,0,1
2016,8,1609841.126788823,668.974918644202,12.004629559922245,2.3989968064038796,6.270026069835766,14.291646053078399,6.505746568609589,2.485292372047791,1.8357805125047286,144.11113087095896,39.31322691642014,75.26934029943354,672.4695237505114,-3.4946051063093364,143668.44674338054,246465.05143967032,151491.0969253456,0,0,0,11.87526347066617,11.928282136035426,12.414975483263857,0,0,0,1
2016,9,1556909.4239978888,665.4803135378926,12.5466675723246,2.9813323823193856,6.162542092320191,14.258213275712237,6.5005090559369085,2.5294550982322175,1.818489369742267,157.41886717042166,37.976925039618116,77.31936703279912,668.974918644202,-3.49460510630945,143389.8894372852,262575.6791459341,159035.18980121528,0,0,0,11.873322698645849,11.97688077621932,12.478294620971242,0,0,0,1
2016,10,1503977.7212069544,661.9857084315832,13.088705584726956,3.563667958234891,6.0550581148046145,14.223623970354918,6.495243967232045,2.5717496892207454,1.8008939747797423,171.3142138836626,36.66372877366121,79.25287296308943,665.4803135378926,-3.4946051063093364,143111.33213118982,278686.306852198,166579.282677085,0,0,28470.199000000004,11.871378152703985,12.023226647303359,12.537842080049874,0,10.256648293891791,0,1
2016,11,1516984.5414912235,697.8172129092509,13.441365704924904,4.58571475599137,6.838256827244285,14.232235068094981,6.5479571958449,2.5983369448823237,1.9225328493366387,180.67031201353134,46.76175643535307,91.91551079918992,661.9857084315832,35.831504477667636,142832.77482509447,294796.93455846177,145973.9903196471,0,0,60041.66000000004,11.869429818134844,11.891183736324578,12.59404204086626,0,11.002810588563483,0,1
2016,12,1520027.9445221594,684.0582239372188,14.826825856924684,3.545247442677163,5.858844443284554,14.234239277207518,6.52804303671505,2.6964380979695926,1.7679523901648873,219.83476499157038,34.3260582106063,86.86806628339093,697.8172129092509,-13.758988972032057,142554.21751899912,310907.5622647256,170434.74281661178,0,0,25501.562,11.867477680146571,12.046107762363507,12.647250919535928,0,10.146534196687922,0,1
2017,1,1457614.1277380935,711.2791536828433,15.085487841359363,4.6954842733966276,5.781609381156261,14.192311497906621,6.567064973961264,2.7137332115882375,1.754682083573574,227.5719434118012,33.427007036274084,87.218398022922,684.0582239372188,27.220929745624517,142275.66021290375,327018.1899709894,156476.2181817115,0,16897.188,0,11.865521723860514,11.960659316914933,12.697771075154874,0,0,9.734961676227893,1
2017,2,1372739.29775078,712.1378045908997,15.570021072892803,3.974928660295854,5.719964511617495,14.132318788899314,6.568271438458145,2.7453473392742014,1.7439626011097844,242.42555621032596,32.71799401416357,89.05996798208339,711.2791536828433,0.8586509080563474,141997.1029068084,287721.15322226676,142517.6935468112,0,0,20605.559,11.863561934310543,11.867221436223756,12.569747072114046,0,9.93336470215802,0,1
2017,3,1408803.1793667038,714.3679993874549,15.444316059046075,3.5338788496375053,4.1673852255990935,14.158251092952263,6.571398234868449,2.737241043036286,1.4272887949154218,238.5268985317085,17.36709961854161,64.36241456395143,712.1378045908997,2.2301947965552245,141718.54560071306,248424.1164735441,141848.3656464108,13893.260000000004,0,169656.5179999997,11.861598296442365,11.86251391846749,12.422892711581392,9.539231084191313,12.041537083996198,0,1
2017,4,1379519.0070721724,701.0045110076529,14.662307879282183,2.768492643889666,6.038782951285211,14.137245450777376,6.552514322117527,2.685280111031495,1.79820249351166,214.9832723468604,36.466899532732924,88.54249484790407,714.3679993874549,-13.363488379801993,160021.75199711474,209127.07972482144,160190.55484164154,6200.24,0,34265.107999999986,11.98306503495757,11.984119353336709,12.25069738312824,8.732504551035849,10.441912039700243,0,1
2017,5,1327390.3944693676,711.4924125613946,14.078271841405169,1.7255698701204496,4.701900057925119,14.098725463318049,6.567364753469384,2.644632604660341,1.5479666946655082,198.1977380405017,22.10786415471624,66.19462718658853,701.0045110076529,10.487901553741722,132839.6928771011,169830.04297609878,145784.5944692453,8768.418,70295.02900000004,30949.613000000027,11.796898363511957,11.889885430897557,12.042553468752418,9.079025720564362,10.340148084055539,11.160470589716848,1
2017,6,1327920.3644235432,700.1423192476633,12.560749291497784,1.1462267923918024,8.01002819551499,14.099124640671914,6.551283627589022,2.530576816227031,2.080694281113397,157.77242276386207,64.16055169294512,100.61195598169218,711.4924125613946,-11.35009331373135,133266.5352797975,188350.35268935256,143050.511585412,2075.8160000000003,0,13014.722000000002,11.800106426485375,11.87095307474178,12.146059085639552,7.6385912306403405,9.473913290342571,0,1
2017,7,1332359.2945876513,678.9675123415393,11.74733432628532,1.7350160829192156,8.273494221083078,14.102461834390414,6.520573280083449,2.4636263490041608,2.1130569374643637,137.99986377352135,68.4507066262951,97.19150266165246,700.1423192476633,-21.17480690612399,133428.9867623483,206870.66240260634,144221.0519451602,0,0,12926.533999999996,11.801324680930733,11.879102484475215,12.239849057655492,0,9.467114734319132,0,1
2017,8,1327890.8651591223,698.4207304263492,11.83202970873657,2.3167314735182254,7.623311323572128,14.099102425791509,6.548821686825918,2.470810236285719,2.03121083220528,139.9969270284248,58.114875536103035,90.19924605945333,678.9675123415393,19.45321808480992,133591.4382448991,225390.97211586015,141246.24105952738,0,0,0,11.80254145303788,11.858260036686636,12.325591827061015,0,0,0,1
2017,9,1323422.4357305933,717.8739485111593,11.916725091187821,2.8984468641172354,6.973128426061179,14.095731693514923,6.57629399445925,2.4779428832169086,1.9420639656888297,142.0083368989454,48.62452004634246,83.09685447891829,698.4207304263492,19.453218084810032,133753.88972744992,243911.28182911393,138271.43017389454,0,0,0,11.80375674640977,11.836973917671145,12.404559839096164,0,0,0,1
2017,10,1318954.0063020643,737.3271665959692,12.001420473639072,3.4801622547162454,6.322945528550229,14.092349560964154,6.603031710371287,2.485025015585749,1.8441851642283973,144.0340933850831,39.979640157013336,75.88432792004734,717.8739485111593,19.45321808480992,133916.3412100007,262431.5915423677,135296.61928826172,3043.841,0,20624.767,11.80497056463623,11.815224827063716,12.477745723402661,8.021203962031887,9.934296398390218,0,1
2017,11,1392292.6707351587,741.1732651973449,12.876050382156484,3.799138906640364,8.576198774071573,14.146462349741569,6.60823442414026,2.5553690263021966,2.1489907820066203,165.79267344383211,73.55118541238674,110.42756750233424,737.3271665959692,3.8460986013757292,135248.5338466763,280951.9012556215,137896.75959517976,15477.358000000007,0,28720.39000000003,11.814869356329648,11.834260565283259,12.545938763755823,9.647198069166228,10.26539742031969,0,1
2017,12,1601678.1981076736,771.7016718081518,13.336601110243414,4.161657579194781,7.112323094286837,14.286562511343496,6.648598039857675,2.5905122186860847,1.9618289266351214,177.86492917374588,50.58513979752589,94.85421607567571,741.1732651973449,30.528406610806883,136506.1827488205,299472.21096887527,136566.52983026442,4618.351000000001,0,13904.765000000009,11.824125187444524,11.82456717289123,12.609776907487879,8.438009498017605,9.540058781335961,0,1
2018,1,1629160.3168724142,771.4636181708373,14.1482673259261,4.862091439450405,6.8053348364320305,14.303575297028134,6.648289513427294,2.6495921661269897,1.9177068393649395,200.17346832586804,46.312582235955375,96.28369650827793,771.7016718081518,-0.23805363731446505,219133.9265302018,317992.5206821291,219164.1000709238,0,47397.35699999999,0,12.297438358553876,12.297576043594367,12.669783141618199,0,0,10.766342844635155,0
2018,2,1673730.159711007,778.5982003681738,14.646462008704225,3.5503518062675905,5.348040931632912,14.330565322122494,6.657495123804783,2.6841988051846473,1.6767303128440862,214.51884937241618,28.60154180642103,78.3298783261566,771.4636181708373,7.134582197336499,301761.67031158315,321961.2384453501,301761.67031158315,2141.9160000000006,50863.59,15461.511,12.617392813643827,12.617392813643827,12.68218643978168,7.669922797318499,9.646173728099035,10.83692228264292,0
2018,3,1462666.7043805637,743.8144826302165,14.5339418475523,3.7073304315855458,7.189322207221567,14.19577183749349,6.611791652436414,2.6764867310547693,1.9725968984745683,211.235465628032,51.68635379924918,104.4891908830746,778.5982003681738,-34.78371773795732,167188.45315628123,322570.2740847316,167411.81779109788,15468.492000000004,0,129505.82700000006,12.026876917177894,12.028212030669366,12.684076295619008,9.646625105277456,11.771488876878896,0,0
2018,4,1368687.2063165756,748.0136910849582,13.438493398573216,3.590781218649501,6.15168194740859,14.129362594830893,6.617421281396485,2.598123230491072,1.8167255318110798,180.5931048234959,37.84319078207274,82.66933724037236,743.8144826302165,4.199208454741665,192043.275160655,323179.3097241131,173946.78314452164,11899.626999999997,0,76365.92200000002,12.165476017074823,12.066504687419851,12.685962586637187,9.38434636678723,11.243304923286003,0,0
2018,5,1349443.7884124222,785.9067438173834,12.62668207834004,2.061766952285633,6.063009660059236,14.115203056932364,6.666838138847379,2.535812200214496,1.8022063203687526,159.43310030747358,36.76008613797161,76.5556954154725,748.0136910849582,37.89305273242519,203143.5290738439,323788.34536349465,172322.15913852418,7508.449,0,31355.127999999968,12.221668047961689,12.05712102213138,12.687845326259474,8.923917373225011,10.353164997453616,0,0
2018,6,1412046.5096164416,825.6196781861078,11.261421081597264,1.762805415634821,6.89074209440942,14.160550635314696,6.716134229455492,2.4213828209291437,1.9301787852357668,126.8196047770433,47.482326611665925,77.59954828983193,785.9067438173834,39.712934368724405,215738.4811378526,324397.38100287615,215737.093832416,5597.892,0,23661.932000000004,12.28182221766107,12.28181578714441,12.689724527833457,8.630324000004077,10.071665052086267,0,0
2018,7,1442370.960901872,842.5982945331441,11.211781686667583,1.9763191748456976,7.0722622618796365,14.18179881818236,6.736490325490108,2.4169651617133625,1.9561804091895314,125.7040485894946,50.01689350080687,79.29266051105238,825.6196781861078,16.978616347036336,124360.04909623948,325006.41664225765,142172.8091957308,16.051000000000002,0,1343.4790000000005,11.73093625896386,11.86479856284742,12.691600204631612,2.8362088530360148,7.203761856397649,0,0
2018,8,1458387.2876053671,860.8678610412398,11.589111620394648,2.190151859282234,6.545162963057386,14.192841785636471,6.757941021152957,2.450066003887081,1.8787262979147468,134.30750814996628,42.83915821297814,75.85262415254502,842.5982945331441,18.26956650809575,141690.264265623,325615.45228163915,152049.07982223525,0,0,0,11.861398716653738,11.931958641276841,12.693472369851875,0,0,0,0
2018,9,1474403.614308862,879.1374275493357,11.966441554121712,2.40398454371877,6.018063664235137,14.203764136710806,6.778941230799372,2.4821061950158994,1.7947655571208458,143.19572346821084,36.21709026678724,72.01480710705331,860.8678610412398,18.269566508095863,159020.4794350065,326224.48792102066,161925.35044873966,0,0,0,11.976788274386198,11.994890708314577,12.69534103661819,0,0,0,0
2018,10,1490419.9410123571,897.4069940574315,12.343771487848777,2.6178172281553063,5.490964365412887,14.214568477817929,6.799509487201541,2.5131516028876293,1.7031038986404359,152.3686945442284,30.150689662234143,67.77920937457723,879.1374275493357,18.26956650809575,176350.69460439,326833.52356040216,171801.6210752441,1658.6150000000005,0,12456.342999999995,12.080229874439485,12.054095724315738,12.697206217981066,7.414340926740355,9.430065527226454,0,0
2018,11,1466135.7491999918,921.6482154662832,14.039814119360116,2.6152897555152563,6.724997015514439,14.198140755504657,6.826163605702347,2.641897159148209,1.9058314816981299,197.11638050618367,45.22558485867811,94.41770805107426,897.4069940574315,24.241221408851743,203812.273091692,327442.5591997837,179079.73181702368,15864.485000000032,0,47184.33100000007,12.224954619212157,12.095586414794163,12.699067926918126,9.671901273988103,10.76183833937202,0,0
2018,12,1425661.2949503628,906.201348900092,14.310386495878436,4.2795032898293695,7.9805899420935935,14.170146330671104,6.809261520755536,2.660985602000165,2.0770123363098594,204.7871616614199,63.68981582384543,114.20532653647943,921.6482154662832,-15.446866566191261,231313.1630628948,328051.5948391652,211912.36437932844,1416.973,0,7839.774000000001,12.351527755648672,12.263928092621711,12.70092617633464,7.256983666008113,8.967092832961308,0,0
2019,1,1400044.090396863,865.2099452406344,14.121367306109828,4.902898522871271,7.345280560241664,14.152014287230205,6.762972188743115,2.6476890620872457,1.994058006342445,199.41301459406756,53.9531465086641,103.72540475760073,906.201348900092,-40.991403659457546,195095.91004705263,328660.6304785467,185436.59328407928,0,51711.32699999996,0,12.181246563024233,12.130468287417337,12.702780979064077,0,0,10.853451465344683,0
2019,2,1357121.6276725838,832.9202019797048,14.585577474523204,4.5194195598621825,5.973458396711025,14.120876564625537,6.724937841635387,2.680033196263896,1.7873260556088901,212.73907026531867,35.682205217237446,87.12634023606981,865.2099452406344,-32.28974326092964,158878.65703121046,328154.19552061387,158960.8221888301,92.641,0,12962.758,11.975896026519273,11.97641304951246,12.70123888519455,4.539468321762612,9.469912897009143,0,0
2019,3,1382870.164050371,800.6480354472872,13.806143462895731,3.7817022254942416,7.5266863056932385,14.139671726305243,6.685421444068213,2.625113671571328,2.018454879309511,190.60959731805852,56.65100674431013,103.91451093661352,832.9202019797048,-32.2721665324176,198515.41588490145,327647.76056268107,183967.38294957695,31798.80000000004,0,108830.06100000028,12.198622037982526,12.12251375429916,12.699694409598203,10.367215279440316,11.597552059792637,0,0
2019,4,1461571.5057781378,809.1733414817379,12.971550489673223,3.1704730549568905,5.917796511847438,14.195022788630213,6.696013160462406,2.562758535491383,1.7779641687716858,168.26112210614164,35.02031555563371,76.76299624104114,800.6480354472872,8.52530603445075,190085.85682476513,327141.3256047482,184523.1567120254,44711.911000000015,0,65829.34599999996,12.155231127101574,12.125530245221203,12.698147544906613,10.708017575585412,11.094836196410437,0,0
2019,5,1523237.26713999,833.1622179736173,12.084703141096112,2.015689418034282,7.287067093540326,14.2363484090671,6.725228362671701,2.491940449608487,1.9861011459382416,146.04005000841823,53.101346825758256,88.0620425946849,809.1733414817379,23.98887649187941,190428.93687208547,326634.8906468154,176245.0771363007,26871.669,0,32305.72100000002,12.157034369161904,12.079630789142877,12.696598283717112,10.198865026784555,10.383030568060361,0,0
2019,6,1496077.7143824457,856.0341270032826,11.69858197210849,1.3164600139996576,6.399045548248664,14.21835738428391,6.752310243341523,2.459467635493436,1.8561488461580355,136.85682015814177,40.94778392856105,74.85975888944292,833.1622179736173,22.87190902966529,187838.36465719173,326128.45568888256,175494.6735768077,13108.639999999996,0,14043.367000000007,12.143337109542616,12.075363971437788,12.695046618592572,9.48110311642648,9.549976669102966,0,0
2019,7,1446113.2496978869,820.0664299746069,11.082557623890681,1.3247519996365618,6.922309234156822,14.184389997927196,6.7093853491411455,2.405372487162528,1.9347494183205851,122.82308348685746,47.91836513329281,76.71689097793355,856.0341270032826,-35.96769702867573,194353.85316763335,325622.0207309497,177811.32927862916,4331.212000000001,0,7664.082999999995,12.177435762004256,12.088478319259343,12.693492542061193,8.373833545058261,8.944430619688251,0,0
2019,8,1422731.9707022805,822.7468920475042,11.695137520413853,1.904420271445169,6.629295005250162,14.168089504237674,6.712648610298848,2.4591731588737065,1.891498464494156,136.7762416213919,43.947552266634744,77.53051674979332,820.0664299746069,2.680462072897285,198082.92352438864,325115.5857730169,181363.05451838172,0,0,0,12.196441027680782,12.10825612733326,12.691936046616286,0,0,0,0
2019,9,1399350.6917066742,825.4273541204013,12.307717416937024,2.484088543253776,6.336280776343502,14.15151889536279,6.715901257210834,2.5102264978963422,1.8462919679784222,151.47990801517497,40.14845407666021,77.98515326960616,822.7468920475042,2.6804620728971713,201811.99388114395,324609.15081508405,184914.7797581343,0,0,0,12.215091819630748,12.127650347972645,12.69037712471605,0,0,0,0
2019,10,1375969.412711068,828.1078161932985,12.920297313460196,3.0637568150623835,6.0432665474368426,14.134669068093958,6.719143358702149,2.5587995099674106,1.7989446848688335,166.93408266820677,36.521070563369214,78.08080053737211,825.4273541204013,2.6804620728971713,205541.06423789926,324102.71585715126,188466.5049978869,0,0,0,12.233401118931054,12.14667557776215,12.688815768783364,0,0,0,0
2019,11,1352588.1337154617,830.7882782661958,13.532877209983369,3.643425086870991,5.750252318530182,14.117530451140137,6.722374982930585,2.6051220736757847,1.749243735330005,183.13876558048725,33.065401726761735,77.81745855309113,828.1078161932985,2.680462072897285,209270.13459465455,323596.2808992184,192018.23023763945,28448.712000000003,0,47715.96300000003,12.251381206397191,12.165345595656905,12.687251971205555,10.255893316480392,10.773042232107818,0,0
2019,12,1444511.189012972,845.4176419559252,13.792448723293386,4.831832350768887,6.7685721931622,14.183281544800256,6.739830756090875,2.6241212484336582,1.912290162637232,190.23164178467735,45.813569534048554,93.3551849040991,830.7882782661958,14.629363689729416,204927.36297488853,323089.8459412856,189975.9573435795,8315.577999999998,0,30366.25699999999,12.230410868380156,12.154652802838774,12.685685724334181,9.026006151132076,10.321120234566614,0,0
2020,1,1610910.6234884255,881.6023223059153,14.798105576706964,5.11443639659824,7.391649455244552,14.29231018171782,6.781741072589731,2.694499171003315,2.0003509110347957,218.98392865936577,54.63648166921709,109.3824090247174,845.4176419559252,36.18468034999012,184325.8629603769,322583.41098335275,176850.16014472238,0,80473.19799999999,0,12.124460464579576,12.083058100173066,12.68411702048481,0,0,11.295691890289453,0
2020,2,1771901.1776216123,880.6521751905224,14.625417567984156,6.033918307616801,6.192284285312563,14.387563639755461,6.780662741158247,2.6827609443673657,1.8233040469442008,213.90283903789958,38.34438467012892,90.56474337236257,881.6023223059153,-0.9501471153929515,163724.36294586526,262820.72086638835,163724.36294586526,2591.6190000000006,102478.11599999994,6170.065,12.005939579077708,12.005939579077708,12.479227409007917,7.860423840689579,8.727626711404469,11.537414310460031,0
2020,3,1804050.6742354727,848.7440169775202,14.813322101884845,4.899594035564304,5.954250942270646,14.405545069141162,6.743757629631589,2.695526917904439,1.7841054085429604,219.43451169419004,35.453104283530884,88.20223708330643,880.6521751905224,-31.90815821300214,177418.45270247347,177912.75954517545,176950.98020767482,7767.468999999997,77125.61100000002,35224.99100000004,12.086266360936749,12.083628025219554,12.089048594213905,8.957828384049742,10.469539469799107,11.253203649158092,0
2020,4,1877146.9977895836,809.2264381044894,13.366649720981746,3.568250201925128,6.2543314275666075,14.445263627786971,6.696078776663595,2.592762777886634,1.833274252125672,178.6673247634214,39.11666160584736,83.59945743121057,848.7440169775202,-39.51757887303086,207731.92593359097,242569.86257016697,193417.23261784768,53235.635999999984,60908.149999999965,104305.04799999992,12.244003709816763,12.17260496153675,12.399045040941688,10.882502084937999,11.555084625884888,11.01713868871756,0
2020,5,1819421.042104731,780.5162163603968,13.266495931366256,3.2064576833768945,7.325810545783722,14.414028899711997,6.65995551662677,2.5852417540444637,1.991403803495851,175.99991429695743,53.667500152715995,97.18783579959975,809.2264381044894,-28.710221744092564,223203.4608826426,237069.03224433408,205532.3572409721,41502.43499999997,66974.86999999998,37355.82299999999,12.315839015115687,12.233358756683954,12.376106652997406,10.633531473877788,10.528270851253655,11.112087684250053,0
2020,6,1698882.647674239,749.6201441636862,11.958340903423782,1.8208390115087776,7.651480573647365,14.34548132685843,6.619566603780432,2.4814290184503975,2.034899168151052,143.0019171624983,58.545154968903006,91.49901311559974,780.5162163603968,-30.896072196710634,213827.37080457996,227157.49926085095,196465.0488048197,13609.637,51820.874,8706.608999999997,12.272924289980548,12.18823982579318,12.333398885218195,9.518606898370967,9.071952520106107,10.855567617105594,0
2020,7,1486934.7155351704,710.3644428969699,11.50758415277179,1.7677260617199704,7.832614174933036,14.212227321005184,6.565778138196941,2.4430063095455914,2.058296320812084,132.42449303312443,61.34984481336192,90.13446675423509,749.6201441636862,-39.2557012667163,229122.79130543937,238799.0004053962,224627.039349006,6638.683,0,4312.121,12.342013345402972,12.322196702949515,12.383377474584773,8.800819500366988,8.36941705097261,0,0
2020,8,1501043.1640675284,691.8178023609528,11.946017013046355,2.2303271857962677,7.516630114006691,14.221670867075899,6.539322629564501,2.4803979184716947,2.0171179143871605,142.70732247599295,56.49972827079225,89.79379122270049,710.3644428969699,-18.546640536017094,234132.8100286381,250440.50154994143,219202.5547232407,0,0,0,12.36364379756113,12.29775148874739,12.4309766525323,0,0,0,0
2020,9,1515151.6125998865,673.2711618249357,12.384449873320921,2.6929283098725647,7.200646053080346,14.231026066241864,6.512148163540739,2.516441643167611,1.974170751591043,153.37459866479858,51.849303581741566,89.17604009989968,691.8178023609528,-18.546640536017094,239142.82875183685,262082.00269448667,213778.0700974754,0,0,0,12.38481626225632,12.272693700270468,12.476412721156438,0,0,0,0
2020,10,1529260.0611322445,654.7245212889186,12.822882733595486,3.155529433948862,6.884661992154002,14.24029455621166,6.484214568982584,2.551231288429742,1.9292960376064363,164.42632159954127,47.39857074620991,88.28121338583266,673.2711618249357,-18.546640536017094,244152.84747503555,273723.5038390319,208353.5854717101,0,0,0,12.40554973223169,12.246991845590026,12.519873765799321,0,0,0,0
2020,11,1543368.5096646026,636.1778807529015,13.261315593870052,3.6181305580251593,6.568677931227658,14.24947792957383,6.455478210953482,2.5848511950601973,1.8823125841237796,175.862491280221,43.14752976419726,87.10931108049941,654.7245212889186,-18.546640536017094,249162.8661982343,285365.0049835771,202929.1008459448,35925.03799999997,0,30231.040000000008,12.425862042746429,12.220611940102994,12.56152435907008,10.489217604057998,10.3166575681298,0,0
2020,12,1461512.278155271,639.8969267352616,13.757985439467417,4.153499169066146,6.781138480955228,14.19498226456231,6.461307111407302,2.621619414771195,1.91414500540075,189.28216335259745,45.983839097891774,93.29480448399423,636.1778807529015,3.7190459823600577,340661.70390980574,297006.5061281224,219980.22220811117,6567.447,0,27299.390999999992,12.73864519319213,12.301292922239297,12.601509323700194,8.790032706063734,10.21465630341481,0,0
2021,1,1495806.3290079918,666.6033663646394,14.568126713714555,4.9720580612371545,6.643738338816248,14.218175969916734,6.502195215912852,2.678836040473321,1.8936748078954797,212.23031594684366,44.13925911465687,96.78682197263855,639.8969267352616,26.706439629377883,291331.93082045525,308648.0072726676,208195.87609496352,0,90400.38299999996,0,12.582218551840544,12.246234627545912,12.639956771532507,0,0,11.41201484493581,0
2021,2,1503127.2331106286,694.9078036406494,14.677929299646006,4.95755334796714,6.295355839158308,14.223058317920485,6.5437791801329634,2.686344957354628,1.8398121931676972,215.4416085254067,39.6315051416246,92.4027879232793,666.6033663646394,28.304437276009935,242002.15773110473,306557.12355599436,196411.5299818159,0,0,0,12.396701921343308,12.187967379807727,12.633159390748256,0,0,0,0
2021,3,1510448.1372132653,723.2122409166593,14.787731885577458,4.943048634697126,5.946973339500367,14.227916944372183,6.583702734980989,2.6937979103702268,1.7828824076978225,218.67701431972424,35.36649190072815,87.94224727520863,694.9078036406494,28.304437276009935,192672.3846417542,304466.23983932106,184627.18386866825,56042.23800000011,0,184713.50999999992,12.168746536617409,12.126093848436266,12.626315489178639,10.933878778938768,12.126566722928416,0,0
2021,4,1457805.8632686073,758.9882288402111,13.884772005133904,3.1063888274703606,5.677241676665072,14.192443029920108,6.631986268500942,2.6307927003959266,1.7364654944758864,192.78689363455018,32.23107305526284,78.82720629853866,723.2122409166593,35.77598792355184,217269.1845956536,302375.3561226478,187929.05349845177,48236.96999999999,0,95610.4170000002,12.288892345768103,12.143819795579983,12.61942442566326,10.78390174925526,11.468047516595128,0,0
2021,5,1543885.6065099689,765.5674855822443,13.32872819922834,2.547738878225543,5.79075861276456,14.249812917774182,6.640617370039207,2.5899217207287957,1.7562633042052358,177.65499540890477,33.532885311306934,77.18344761687938,758.9882288402111,6.579256742033181,214146.61791677133,300284.4724059745,191967.7456610505,41749.39,0,20628.11200000001,12.27441618986147,12.165082645549097,12.61248554569476,10.639464071552737,9.934458561028356,0,0
2021,6,1534117.18660441,806.6439296054871,12.331698245264436,2.511405702620023,6.559593196316859,14.243465650823634,6.692882343645898,2.512173040479022,1.880928588276551,152.07078161225797,43.02826290116643,80.89092390866914,765.5674855822443,41.07644402324274,240018.93431069067,298193.5886893013,224281.6855276732,15501.417000000009,0,5552.879000000003,12.388473092173454,12.320658065492378,12.605498181045768,9.648751226234536,8.622251881529317,0,0
2021,7,1565318.0875992896,827.9553625352959,12.479651562911759,3.0324931295393895,6.6852227745118915,14.263599612165898,6.718959242950538,2.5240994429130406,1.899899534532971,155.7417031316859,44.692203544852475,83.42925084635061,806.6439296054871,21.311432929808802,231497.0108509375,296102.70497262804,211048.50085208565,0,0,0,12.35232224033408,12.25984324790224,12.598461649382735,0,0,0,0
2021,8,1596518.9885941693,849.2667954651047,12.627604880559081,3.5535805564587557,6.810852352706924,14.28333618495548,6.744373383665982,2.5358852810518964,1.9185172742539793,159.45640501951954,46.38770977037344,86.00475240980926,827.9553625352959,21.311432929808802,222975.08739118435,294011.82125595474,197815.3161764981,0,0,0,12.31481532846699,12.195089127814544,12.591375253866072,0,0,0,0
2021,9,1627719.8895890492,870.5782283949136,12.775558198206406,4.074667983378122,6.936481930901955,14.302690752748964,6.769157621218681,2.547533829711032,1.9367947196050919,163.2148872757589,48.11478157772932,88.61742859904507,849.2667954651047,21.311432929808916,214453.1639314312,291920.9375392815,184582.1315009106,0,0,0,12.275846643538365,12.12584980059616,12.584238282736035,0,0,0,0
2021,10,1658920.7905839288,891.8896613247224,12.923511515853729,4.595755410297489,7.0621115090969875,14.321677822754818,6.793342426862318,2.5590482505792402,1.9547440873980995,167.01714990040395,49.87341896692013,91.26727941405808,870.5782283949136,21.311432929808802,205931.24047167803,289830.0538226082,171348.94682532304,0,0,0,12.235297607935333,12.051457380947847,12.57705000888371,0,0,0,0
2021,11,1690121.6915788085,913.2010942545312,13.071464833501052,5.116842837216855,7.18774108729202,14.340311091158254,6.816956112918755,2.570431597369936,1.9723769481406883,170.86319289345468,51.66362193794587,93.95430485484825,891.8896613247224,21.311432929808802,197409.31701192487,287739.17010593496,158115.7621497355,0,0,19248.929999999986,12.193034603509668,11.971082715569894,12.569809689406476,0,9.865262703345682,0,0
2021,12,1687600.7270855475,937.3394569491426,13.275513206741875,4.783852108305147,7.254151107204192,14.338818390072205,6.843045497259395,2.5859212260223106,1.9815738715238436,176.23925090237796,52.62270828615181,96.30257882739045,913.2010942545312,24.138362694611374,188887.3935521717,285648.2863892617,157446.52318515544,0,0,0,12.148906315170386,11.966841144260307,12.56251656514726,0,0,0,0
2022,1,1685079.7625922863,961.477819643754,13.479561579982697,4.450861379393438,7.320561127116364,14.337323457498268,6.868471496269517,2.601174581215097,1.9906869817451305,181.69858038854562,53.590615215847215,98.67795451299257,937.3394569491426,24.138362694611374,180365.47009241855,283557.4026725884,156777.28422057538,0,0,0,12.102740460819948,11.962581505361372,12.555169860216848,0,0,0,0
2022,2,1682558.7980990252,985.6161823383654,13.68360995322352,4.11787065048173,7.386971147028536,14.335826286754598,6.893267011413102,2.6161987628523136,1.9997177926270375,187.24118135195778,54.567342727032084,101.08043191165464,961.477819643754,24.138362694611487,171843.54663266538,281466.5189559152,156108.0452559953,0,0,0,12.054339729246225,11.95830364429135,12.547768781498554,0,0,0,0
2022,3,1680037.8336057642,1009.7545450329768,13.887658326464344,3.7848799215700217,7.453381166940709,14.334326871129301,6.917462555580188,2.631000555546259,2.0086677773451593,192.8670537926144,55.55289081970644,103.51001102337666,985.6161823383654,24.138362694611374,163321.62317291222,279375.6352392419,155438.80629141524,91966.47199999982,0,0,12.00347668398878,11.954007404476126,12.54031251813438,11.429190228294866,0,0,0
2022,4,1706759.1210970993,1028.1093283309308,12.146388890194558,2.3140824009909142,6.492036102385242,14.350106879398135,6.9354767908767645,2.4970319149271334,1.8705762106943749,147.53476307184178,42.146532754673366,78.85479518875408,1009.7545450329768,18.354783297953986,161066.6895196373,277284.75152256864,154769.56732683518,59670.83800000008,0,0,11.989573778819787,11.949692627314832,12.532800240991909,10.996615462790183,0,0,0
2022,5,1726038.102042024,1047.6820440300214,11.821326126898466,1.963364279321831,5.972361085645021,14.361339225724857,6.954335425746865,2.4699051991617624,1.7871423409511038,139.7437513984923,35.66909693732698,70.60122814100717,1028.1093283309308,19.572715699090622,159156.80782572855,275193.86780589534,154100.32836225512,23351.412000000004,0,0,11.977645207954515,11.945359152144711,12.525231102110997,10.058455555406749,0,0,0
2022,6,1722202.905621007,1078.416039455599,11.106692106878327,1.3509649809353568,7.144294414662499,14.359114788399326,6.983248613429852,2.4075478191631725,1.9663140541839457,123.35860955699334,51.040942683377786,79.3494783845469,1047.6820440300214,30.733995425577632,157737.1732663316,273102.9840892221,153431.08939767504,15566.766000000003,0,0,11.968685466583043,11.94100681620522,12.517604234129386,9.652957773480345,0,0,0
2022,7,1720868.6652320898,1121.3807071175286,11.637858736871621,1.763547662702987,6.962731325224564,14.358339759226538,7.022315979259009,2.4542634680676354,1.9405718291502532,135.43975597937913,48.479627507263416,81.03128358575442,1078.416039455599,42.964667661929525,156206.71752802024,271012.10037254886,152761.85043309498,0,0,0,11.958935521404225,11.936635454601351,12.509918749686234,0,0,0,0
2022,8,1719534.4248431725,1164.345374779458,12.169025366864913,2.176130344470617,6.7811682357866285,14.357564128917604,7.059914298008628,2.498893818900515,1.9141493932725218,148.08517837940173,45.984242642041536,82.52020827826607,1121.3807071175286,42.964667661929525,154676.26178970886,268921.21665587556,152092.61146851492,0,0,0,11.949089578049502,11.932244900266145,12.50217374080253,0,0,0,0
2022,9,1718200.1844542555,1207.3100424413878,12.700191996858207,2.5887130262382465,6.5996051463486936,14.35678789653928,7.096150058403132,2.5416171112131227,1.8870098209319108,161.29487675706125,43.55478808771216,83.81625246208192,1164.345374779458,42.96466766192975,153145.80605139746,266830.3329392023,151423.37250393484,0,0,0,11.93914572730481,11.927834983922377,12.494368278237367,0,0,0,0
2022,10,1716865.9440653382,1250.2747101033174,13.231358626851499,3.001295708005877,6.418042056910758,14.356011061156149,7.1311185742335335,2.582589665738022,1.8591130956282946,175.06885111235758,41.19126384427527,84.91941613720189,1207.3100424413878,42.964667661929525,151615.3503130861,264739.449222529,150754.13353935478,0,0,0,11.929102002427795,11.923405534043397,12.486501410818853,0,0,0,0
2022,11,1715531.703676421,1293.239377765247,13.762525256844793,3.4138783897735068,6.236478967472823,14.35523362183061,7.164905495252558,2.6219493372401965,1.8304157550890154,189.40710144529083,38.89366991173088,85.82969930362606,1250.2747101033174,42.964667661929525,150084.89457477472,262648.5655058558,150084.89457477472,22373.05500000001,2653.804,18881.94899999999,11.918956376813098,11.918956376813098,12.47857216474852,10.015657307614278,9.846014624535902,7.884126107975471,0
2022,12,1724454.4705398118,1305.8200533150864,14.303437241118768,4.334850701849665,8.146059417314962,14.36042130946792,7.174586515745264,2.660499874894262,2.0975343032476137,204.5883169106233,66.35828403042578,116.51664963798909,1293.239377765247,12.580675549839498,149635.98661492995,261862.97657612743,149635.98661492995,1273.6409999999998,55399.36,14344.204,11.9159608678333,11.9159608678333,12.475576655768723,7.150419849317187,9.571170949297269,10.922341370909209,0
2023,1,1714726.393775883,1268.059239574964,14.733936750462968,5.247033098790711,6.469607273930656,14.354764088697852,7.145242852813578,2.6901534554906483,1.867115407123478,217.08889216664326,41.85581827889645,95.32278437442943,1305.8200533150864,-37.76081374012233,155749.78690950185,307500.2559405448,155749.78690950185,0,98336.59599999996,0,11.956006068491472,11.956006068491472,12.636231198555338,0,0,11.496161694866842,0
2023,2,1601140.1836502687,1173.700009986175,13.836790505276952,4.7271142582936605,6.687293144769203,14.286226548202077,7.067916439614364,2.6273310233888476,1.9002091801204357,191.4567714869224,44.71988960407718,92.53067429154616,1268.059239574964,-94.35922958878905,161863.58720407373,307808.0640045494,161863.58720407373,0,116416.41099999996,0,11.994509205191815,11.994509205191815,12.637231698888922,0,0,11.664937382131447,0
2023,3,1618992.259250412,1182.4988617839822,14.46337181258113,4.570896065014946,6.578315098427637,14.297314451456502,7.075385157815081,2.6716193716074605,1.8837786484784762,209.18912418896636,43.274229534201005,95.14461716887514,1173.700009986175,8.798851797807174,167977.38749864564,304459.0148412952,167977.38749864564,38083.561,95917.841,206754.27699999977,12.031584651103895,12.031584651103895,12.626291758850588,10.547564255892613,12.239291136139418,11.471257706642575,0
2023,4,1684885.2907264878,1134.9291859855523,13.43647393033371,3.930745832666472,6.797786028437703,14.337208042731088,7.034325536766935,2.5979729442995696,1.9165969751147869,180.5388316805374,46.209894888422845,91.33827475508993,1182.4988617839822,-47.5696757984299,167474.96261081318,303548.3697320989,167474.96261081318,47399.75199999994,93841.48000000004,101672.79099999995,12.028589142124096,12.028589142124096,12.623296249870789,10.766393372536221,11.529524839876109,11.449372910940635,0
2023,5,1753733.9539729443,1117.7467285330847,12.632893708071812,2.198316963682094,5.968626566172069,14.377257760804817,7.019070088277407,2.536304023981412,1.7865168450200124,159.59000343944038,35.62450308641498,75.4010249936254,1134.9291859855523,-17.182457452467588,167307.65495585735,303245.1246074914,167307.65495585735,43375.229999999945,91945.899,40972.838999999985,12.027589641791012,12.027589641791012,12.622296749537705,10.6776668741958,10.620689068860392,11.42896650461331,0
2023,6,1759970.3388102823,1088.9802828715178,11.941808685254577,1.6538915912571486,7.578805883938291,14.380807513923619,6.992997017049599,2.4800455776694412,2.025355652143834,142.60679467522164,57.438298626417655,90.50464992867276,1117.7467285330847,-28.766445661566877,167642.94083753243,303852.8302680275,167642.94083753243,27267.95599999998,78424.89100000003,8954.294999999998,12.029591644461686,12.029591644461686,12.624298752208379,10.213504191278407,9.10000025644245,11.269909394167437,0
2023,7,1809723.4571405845,1088.2897496066087,12.103836047447274,1.8808439108939345,7.392589941568594,14.408684605458847,6.9923627059372775,2.493522431074362,2.0004781392675195,146.50284706348404,54.65038604418115,89.47869661875409,1088.9802828715178,-0.6905332649091633,166882.72141969114,302474.93257319013,170377.44470932818,0,0,0,12.025046577745993,12.04577151788681,12.619753685492686,0,0,0,0
2023,8,1859476.5754708867,1087.5992163416997,12.265863409639971,2.1077962305307207,7.206373999198896,14.435805595048711,6.991727992218979,2.5068200714528914,1.974965912061365,150.4514051839447,51.931826216329895,88.39239915295461,1088.2897496066087,-0.690533264908936,166122.50200184985,301097.0348783528,173111.94858112393,0,0,0,12.0204807590438,12.061693765824932,12.615187866790492,0,0,0,0
2023,9,1909229.6938011888,1086.9086830767906,12.427890771832669,2.3347485501675065,7.0201580568291995,14.46221041700005,6.9910928753832975,2.5199432026148587,1.9487857330020908,154.4524690366036,49.28261914286392,87.24575753127436,1087.5992163416997,-0.6905332649091633,165362.28258400853,299719.1371835155,175846.45245291965,0,0,0,12.015893997985637,12.07736646398763,12.610601105732329,0,0,0,0
2023,10,1958982.812131491,1086.2181498118816,12.589918134025366,2.5617008698042927,6.833942114459502,14.487935923091094,6.990457354917856,2.5328963455748577,1.9219016834288842,158.50603862146076,46.702764823783205,86.03877175371333,1086.9086830767906,-0.690533264908936,164602.06316616724,298341.2394886781,178580.9563247154,0,0,0,12.01128610157041,12.092797314218227,12.605993209317104,0,0,0,0
2023,11,2008735.9304617932,1085.5276165469725,12.751945496218063,2.7886531894410784,6.647726172089805,14.513016191883278,6.989821430309298,2.5456838479027515,1.8942748671876584,162.61211393851613,44.192263259087774,84.77144182027153,1086.2181498118816,-0.6905332649091633,163841.84374832595,296963.34179384075,181315.46019651115,24344.917999999983,38856.918000000005,0,12.006656874116677,12.107993667219343,12.60136398186337,10.100119475854118,0,10.567667144553264,0
2023,12,1890354.251149512,1110.4502946356329,13.834475830894617,4.616207840316762,7.479553347442605,14.45227480394282,7.012520882887123,2.627163725343314,2.0121730772947566,191.3927215156073,55.943718277239874,103.47570001108164,1085.5276165469725,24.922678088660405,164665.16959630745,301782.16394214204,184049.9640683069,5020.911999999998,0,0,12.011669415940222,12.12296254357926,12.617460724636878,8.521566016664758,0,0,0
2024,1,1926456.4043767536,1070.0256245802875,14.883294768759898,4.726631552060944,7.682206729862415,14.47119281334862,6.975437875375074,2.7002394275262867,2.0389068405043975,221.51246317379574,59.01630024034338,114.33654723509336,1110.4502946356329,-40.42467005534536,173861.27162543635,306600.9860904434,186784.46794010262,0,143748.73200000008,0,12.06601297068336,12.13771065324763,12.63330246162617,0,0,11.875829094310033,0
2024,2,1962229.0185002265,1076.5129474618689,14.487424339463942,4.488206115744032,6.7221412468390636,14.489591639359707,6.981482344100291,2.6732809861820996,1.9054067417032563,209.88546399169223,45.18718294245504,97.38651271277074,1070.0256245802875,6.487322881581349,183057.37365456522,305079.55279550655,189518.97181189837,0,0,0,12.11755489992536,12.152244413595803,12.628327850417348,0,0,0,0
2024,3,1998001.6326236993,1083.0002703434504,14.091553910167985,4.24978067942712,5.762075763815711,14.50765805531928,6.9874904966255675,2.6455756044406167,1.7512977854505372,198.57189160317063,33.20151710795241,81.19660126028147,1076.5129474618689,6.487322881581576,192253.47568369412,303558.1195005697,192253.47568369412,37704.742000000006,104571.62199999996,63773.90400000001,12.16656996618337,12.16656996618337,12.623328368679086,10.537567669530771,11.063115037716837,11.557637056391318,0
2024,4,1851215.833789406,1094.8103267265349,13.584281516682426,2.9045909625750164,6.1013842702224705,14.431353188641996,6.998336409645362,2.608913353491648,1.8085156749793185,184.53270432447977,37.22689001291819,82.88292156816,1083.0002703434504,11.81005638308443,191296.99073004397,302047.8801000694,191296.99073004397,22415.663,122787.62799999988,10462.345,12.161582424672332,12.161582424672332,12.618340827168046,10.01755984522719,9.255633476172047,11.718219684543799,0
2024,5,1695336.7735255824,1086.523136011945,11.887442849551686,1.8461733271687328,6.527946282664898,14.343391965506921,6.99073809354427,2.475482620251261,1.8760923888695085,141.3112975013575,42.61408266935846,77.60058836012234,1094.8103267265349,-8.28719071458977,190724.81628120036,301144.44675979007,190724.81628120036,37413.006000000016,85034.45199999998,9202.514,12.158586915692533,12.158586915692533,12.615345318188249,10.529800405276614,9.127340646632048,11.350823530870727,0
2024,6,1728486.2823102225,1062.1223855563849,11.988225809943817,1.289005141971145,7.4904544416327425,14.362756602130792,6.968024435799089,2.483924985608665,2.0136294688037752,143.71755807020307,56.10690774217568,89.79725926538994,1086.523136011945,-24.400750455560228,190915.73201321356,301144.44675979007,190915.73201321356,2877.019,0,954.9939999999996,12.159587416026117,12.159587416026117,12.615345318188249,7.964857489232331,6.862751636881078,0,0
2024,7,1728486.2823102225,1062.1223855563849,11.988225809943817,1.289005141971145,7.4904544416327425,14.362756602130792,6.968024435799089,2.483924985608665,2.0136294688037752,143.71755807020307,56.10690774217568,89.79725926538994,1062.1223855563849,0,190915.73201321356,301144.44675979007,190915.73201321356,0,0,0,12.159587416026117,12.159587416026117,12.615345318188249,0,0,0,0
2024,8,1728486.2823102225,1062.1223855563849,11.988225809943817,1.289005141971145,7.4904544416327425,14.362756602130792,6.968024435799089,2.483924985608665,2.0136294688037752,143.71755807020307,56.10690774217568,89.79725926538994,1062.1223855563849,0,190915.73201321356,301144.44675979007,190915.73201321356,0,0,0,12.159587416026117,12.159587416026117,12.615345318188249,0,0,0,0
2024,9,1728486.2823102225,1062.1223855563849,11.988225809943817,1.289005141971145,7.4904544416327425,14.362756602130792,6.968024435799089,2.483924985608665,2.0136294688037752,143.71755807020307,56.10690774217568,89.79725926538994,1062.1223855563849,0,190915.73201321356,301144.44675979007,190915.73201321356,0,0,0,12.159587416026117,12.159587416026117,12.615345318188249,0,0,0,0
2024,10,1728486.2823102225,1062.1223855563849,11.988225809943817,1.289005141971145,7.4904544416327425,14.362756602130792,6.968024435799089,2.483924985608665,2.0136294688037752,143.71755807020307,56.10690774217568,89.79725926538994,1062.1223855563849,0,190915.73201321356,301144.44675979007,190915.73201321356,0,0,0,12.159587416026117,12.159587416026117,12.615345318188249,0,0,0,0
2024,11,1728486.2823102225,1062.1223855563849,11.988225809943817,1.289005141971145,7.4904544416327425,14.362756602130792,6.968024435799089,2.483924985608665,2.0136294688037752,143.71755807020307,56.10690774217568,89.79725926538994,1062.1223855563849,0,190915.73201321356,301144.44675979007,190915.73201321356,0,0,0,12.159587416026117,12.159587416026117,12.615345318188249,0,0,0,0
2024,12,1728486.2823102225,1062.1223855563849,11.988225809943817,1.289005141971145,7.4904544416327425,14.362756602130792,6.968024435799089,2.483924985608665,2.0136294688037752,143.71755807020307,56.10690774217568,89.79725926538994,1062.1223855563849,0,190915.73201321356,301144.44675979007,190915.73201321356,0,0,0,12.159587416026117,12.159587416026117,12.615345318188249,0,0,0,0
