ANIO,MES,RG,NM_RECURSO,PRECIO_PONDERADO,Q_MUESTRA_PLANTAS,N_PLANTAS,N_TRANSACCIONES,PRECIO_MIN,PRECIO_MAX,CV_PRECIO,N_OUTLIERS_precio,Q_TOTAL,Q_INDUSTRIAL,Q_ARTESANAL,N_FLOTAS_ACTIVAS,N_OUTLIERS_desemb,SHARE_INDUSTRIAL,SHARE_ARTESANAL,FECHA
2012,1,8,JUREL,164000,555,1,1,164000,164000,NA,0,67118.57,66814.505,304.065,2,0,0.9954697336370544,0.00453026636294545,2012-01-01
2012,2,8,ANCHOVETA,62000,10,1,1,62000,62000,NA,0,255.91999999999993,249.91999999999993,6,2,0,0.9765551734917162,0.02344482650828384,2012-02-01
2012,2,8,SARDINA COMUN,62000,790,1,1,62000,62000,NA,0,18603.985999999997,18585.22,18.766,2,0,0.9989912914361472,0.00100870856385292,2012-02-01
2012,2,14,SARDINA COMUN,67000,7567,1,1,67000,67000,NA,0,13115.294999999996,0,13115.294999999996,1,1,0,1,2012-02-01
2012,3,5,JUREL,59000,226,1,1,59000,59000,NA,0,258.15,0,258.15,1,0,0,1,2012-03-01
2012,3,8,ANCHOVETA,62694.845360824744,1455,3,3,62000,63000,0.00921303621047275,0,6355.603999999999,1053.2960000000005,5302.307999999999,2,1,0.16572712837363693,0.8342728716263631,2012-03-01
2012,3,8,SARDINA COMUN,63995.9413296655,88699,6,6,62000,66000,0.0289414301425263,0,216777.33199999976,14111.308999999996,202666.02299999975,2,2,0.06509586989473609,0.934904130105264,2012-03-01
2012,3,14,SARDINA COMUN,62000,20491,1,1,62000,62000,NA,0,23251.638999999966,0,23251.638999999966,1,1,0,1,2012-03-01
2012,4,5,ANCHOVETA,50000,734,1,1,50000,50000,NA,0,763.0609999999998,0,763.0609999999998,1,0,0,1,2012-04-01
2012,4,5,SARDINA COMUN,50000,2949,1,1,50000,50000,NA,0,3069.485,0,3069.485,1,0,0,1,2012-04-01
2012,4,8,ANCHOVETA,66485.42791056284,6485,3,3,62000,68000,0.05248638810814779,0,29744.708999999988,1966.032,27778.67699999999,2,1,0.06609686448773128,0.9339031355122688,2012-04-01
2012,4,8,SARDINA COMUN,68559.06098621289,64408,6,6,62000,73000,0.06353784795919314,0,164634.0050000001,23250.824000000004,141383.1810000001,2,1,0.1412273485055532,0.8587726514944468,2012-04-01
2012,4,14,SARDINA COMUN,67000,16571,1,1,67000,67000,NA,0,17010.24900000001,0,17010.24900000001,1,1,0,1,2012-04-01
2012,5,5,ANCHOVETA,50000,569,1,1,50000,50000,NA,0,588.5899999999999,0,588.5899999999999,1,0,0,1,2012-05-01
2012,5,5,SARDINA COMUN,50000,2212,1,1,50000,50000,NA,0,2449.341000000001,0,2449.341000000001,1,0,0,1,2012-05-01
2012,5,8,ANCHOVETA,66594.37751004015,1743,2,2,62000,75000,0.13419544752445428,0,10106.861,737.2610000000001,9369.6,2,1,0.07294658549276577,0.9270534145072342,2012-05-01
2012,5,8,SARDINA COMUN,72039.91130820398,11275,4,4,62000,77000,0.0972063195947861,0,41729.18700000001,15127.983999999991,26601.203000000016,2,1,0.36252764761508505,0.6374723523849148,2012-05-01
2012,5,14,SARDINA COMUN,74000,13048,1,1,74000,74000,NA,0,14929.454000000009,2165.0899999999997,12764.364000000009,2,1,0.14502137854472097,0.854978621455279,2012-05-01
2012,6,5,ANCHOVETA,50000,197,1,1,50000,50000,NA,0,191.14,0,191.14,1,0,0,1,2012-06-01
2012,6,5,SARDINA COMUN,50000,900,1,1,50000,50000,NA,0,909.941,0,909.941,1,0,0,1,2012-06-01
2012,6,8,ANCHOVETA,75559.60264900663,302,2,2,71000,80000,0.08429087457852884,0,2533.747,548.9399999999999,1984.807,2,0,0.21665146520153747,0.7833485347984624,2012-06-01
2012,6,8,SARDINA COMUN,86144.46043165468,6950,3,3,71000,94000,0.1419211318425609,0,27453.918,18197.710000000003,9256.207999999997,2,1,0.662845645565052,0.3371543544349479,2012-06-01
2012,6,14,SARDINA COMUN,86000,2429,1,1,86000,86000,NA,0,2769.5099999999993,538.2850000000001,2231.2249999999995,2,0,0.19436109636722748,0.8056389036327726,2012-06-01
2012,7,5,SARDINA COMUN,50000,583,1,1,50000,50000,NA,0,589.9700000000001,0,589.9700000000001,1,0,0,1,2012-07-01
2012,7,8,ANCHOVETA,71000,187,1,1,71000,71000,NA,0,1925.8370000000011,428.31499999999994,1497.522000000001,2,0,0.2224045960275972,0.7775954039724028,2012-07-01
2012,7,8,SARDINA COMUN,76696.34384593916,10749,2,2,71000,86000,0.13511594544965874,0,39902.53900000003,8010.276,31892.26300000003,2,1,0.20074602270296615,0.7992539772970337,2012-07-01
2012,7,14,SARDINA COMUN,79000,1934,1,1,79000,79000,NA,0,3058.318,582.9699999999999,2475.348,2,0,0.19061784941919055,0.8093821505808095,2012-07-01
2012,8,5,SARDINA COMUN,50000,5,1,1,50000,50000,NA,0,3.935,0,3.935,1,0,0,1,2012-08-01
2012,8,8,ANCHOVETA,78000,25,1,1,78000,78000,NA,0,296.47,238.087,58.383,2,0,0.8030728235571895,0.1969271764428104,2012-08-01
2012,8,8,SARDINA COMUN,79310.3953147877,4098,2,2,78000,80000,0.01790143749839361,0,13540.762999999995,9144.183,4396.58,2,0,0.6753078094639129,0.3246921905360873,2012-08-01
2012,8,14,SARDINA COMUN,76000,5028,1,1,76000,76000,NA,0,6140.813999999999,409.79,5731.023999999999,2,0,0.06673219543858519,0.9332678045614148,2012-08-01
2012,10,5,ANCHOVETA,60000,338,1,1,60000,60000,NA,0,364.13000000000005,0,364.13000000000005,1,0,0,1,2012-10-01
2012,10,5,SARDINA COMUN,60000,1292,1,1,60000,60000,NA,0,1353.6449999999995,0,1353.6449999999995,1,0,0,1,2012-10-01
2012,10,8,ANCHOVETA,83424.12451361868,1285,3,3,80000,91000,0.07271969039411318,0,6961.278999999993,384.88499999999993,6576.393999999993,2,1,0.05528940874227284,0.9447105912577272,2012-10-01
2012,10,8,SARDINA COMUN,83497.25400457667,13110,5,5,80000,91000,0.05933843504299203,0,37466.82799999997,13189.761,24277.06699999997,2,1,0.3520383684468834,0.6479616315531165,2012-10-01
2012,10,14,SARDINA COMUN,78000,9263,1,1,78000,78000,NA,0,11899.413000000002,1323.8449999999998,10575.568000000005,2,1,0.11125296684802852,0.8887470331519716,2012-10-01
2012,11,5,ANCHOVETA,60000,461,1,1,60000,60000,NA,0,463.08,0,463.08,1,0,0,1,2012-11-01
2012,11,5,SARDINA COMUN,60000,1322,1,1,60000,60000,NA,0,1399.62,0,1399.62,1,0,0,1,2012-11-01
2012,11,8,ANCHOVETA,83128.1407035176,1592,2,2,80000,92000,0.09866606249114616,0,6600.458,3779.474999999999,2820.983000000001,2,2,0.5726079917484512,0.4273920082515488,2012-11-01
2012,11,8,SARDINA COMUN,85767.86281359162,28341,4,4,80000,92000,0.05938459911664722,0,81691.644,56177.927,25513.717000000004,2,2,0.6876826594406644,0.3123173405593356,2012-11-01
2012,11,14,SARDINA COMUN,83000,21790,1,1,83000,83000,NA,0,25341.09100000001,5571.725000000001,19769.36600000001,2,1,0.2198691840063239,0.7801308159936761,2012-11-01
2012,12,8,ANCHOVETA,91828.57142857143,525,2,2,80000,98000,0.1430103602399759,0,4562.525,3868.704999999999,693.8199999999996,2,1,0.8479306962701574,0.1520693037298425,2012-12-01
2012,12,8,SARDINA COMUN,89338.87142643316,13362,4,4,80000,98000,0.09206604461778616,0,39438.629000000015,13498.874000000002,25939.755000000012,2,1,0.342275437617266,0.657724562382734,2012-12-01
2012,12,14,SARDINA COMUN,93000,20076,1,1,93000,93000,NA,0,19815.788999999997,3048.067,16767.721999999998,2,1,0.1538201178868023,0.8461798821131977,2012-12-01
2013,2,8,ANCHOVETA,221303,3.641,1,1,221303,221303,NA,0,15.942,15.942,0,1,0,1,0,2013-02-01
2013,2,8,SARDINA COMUN,149998,448.732,1,1,149998,149998,NA,0,973.811,973.811,0,1,0,1,0,2013-02-01
2013,3,5,ANCHOVETA,79792,2435.756,1,1,79792,79792,NA,0,2471.5109999999995,0,2471.5109999999995,1,1,0,1,2013-03-01
2013,3,5,SARDINA COMUN,79792,2494.115,1,1,79792,79792,NA,0,2537.24,0,2537.24,1,0,0,1,2013-03-01
2013,3,8,ANCHOVETA,88834.3715928417,4476.420999999999,4,4,85000,100208,0.06837896282397452,0,18801.633,44.464,18757.169,2,1,0.00236490096365565,0.9976350990363444,2013-03-01
2013,3,8,SARDINA COMUN,102076.61744335636,21481.015000000003,5,5,85000,191270,0.3995366472947857,0,51996.734,470.75,51525.984,2,2,0.00905345324189015,0.99094654675811,2013-03-01
2013,4,5,ANCHOVETA,79785,1713.8729999999998,1,1,79785,79785,NA,0,1709.563,0,1709.563,1,0,0,1,2013-04-01
2013,4,5,SARDINA COMUN,79785,2084.822,1,1,79785,79785,NA,0,2101.242,0,2101.242,1,0,0,1,2013-04-01
2013,4,8,ANCHOVETA,85000,1278.495,1,1,85000,85000,NA,0,5236.368999999996,0,5236.368999999996,1,1,0,1,2013-04-01
2013,4,8,SARDINA COMUN,91788.24105005186,3219.041,2,2,85000,112082,0.1943339914156958,0,11997.53199999999,17.96,11979.571999999993,2,1,0.0014969745444313,0.9985030254555688,2013-04-01
2013,5,5,ANCHOVETA,79795,310.10699999999997,1,1,79795,79795,NA,0,321.37199999999996,0,321.37199999999996,1,0,0,1,2013-05-01
2013,5,5,SARDINA COMUN,79795,538.833,1,1,79795,79795,NA,0,561.243,0,561.243,1,0,0,1,2013-05-01
2013,5,8,ANCHOVETA,90000,841.2719999999999,1,1,90000,90000,NA,0,2529.2860000000005,824.483,1704.8030000000006,2,0,0.3259746031093359,0.6740253968906641,2013-05-01
2013,5,8,SARDINA COMUN,98282.60075841096,3866.769,2,2,90000,119156,0.19713902840248407,0,11854.431000000002,5238.825,6615.606000000002,2,0,0.4419296885696158,0.5580703114303841,2013-05-01
2013,6,5,SARDINA COMUN,91053,2.005,1,1,91053,91053,NA,0,6.9990000000000006,0,6.9990000000000006,1,0,0,1,2013-06-01
2013,6,8,ANCHOVETA,90000,610.9680000000001,1,1,90000,90000,NA,0,1822.6490000000008,172.015,1650.6340000000005,2,0,0.0943763719728812,0.9056236280271188,2013-06-01
2013,6,8,SARDINA COMUN,98570.9918497853,1518.733,2,2,90000,139995,0.3074136700834491,0,6367.226,2275.4530000000004,4091.773,2,0,0.35736959862897916,0.6426304013710209,2013-06-01
2014,2,10,SARDINA COMUN,90170,28.03,1,1,90170,90170,NA,0,143.386,0,143.386,1,0,0,1,2014-02-01
2014,2,14,ANCHOVETA,88495,615.568,1,1,88495,88495,NA,0,672.1819999999999,0,672.1819999999999,1,0,0,1,2014-02-01
2014,2,14,SARDINA COMUN,88494.99999999999,12416.102999999996,1,1,88495,88495,NA,0,15833.325000000008,0,15833.325000000008,1,1,0,1,2014-02-01
2014,3,5,ANCHOVETA,85559,1231.815,1,1,85559,85559,NA,0,1410.308,0,1410.308,1,0,0,1,2014-03-01
2014,3,5,SARDINA COMUN,85559.00000000001,3216.545,1,1,85559,85559,NA,0,3297.8100000000004,0,3297.8100000000004,1,0,0,1,2014-03-01
2014,3,8,ANCHOVETA,93984.5914011288,1314.847,3,3,85000,101406,0.08804837834630524,0,9088.817999999996,497.58,8591.237999999996,2,1,0.0547463927652639,0.9452536072347362,2014-03-01
2014,3,8,SARDINA COMUN,85890.34304366312,39824.703,4,4,24947,101406,0.45657717978913376,0,167005.40399999966,7321.98,159683.42399999965,2,2,0.04384277289613943,0.9561572271038604,2014-03-01
2014,3,10,SARDINA COMUN,93150,56.55,1,1,93150,93150,NA,0,91.018,0,91.018,1,0,0,1,2014-03-01
2014,3,14,ANCHOVETA,92640,117.158,1,1,92640,92640,NA,0,155.01599999999996,0,155.01599999999996,1,0,0,1,2014-03-01
2014,3,14,SARDINA COMUN,92640,21110.927999999993,1,1,92640,92640,NA,0,25977.487999999983,0,25977.487999999983,1,1,0,1,2014-03-01
2014,4,5,ANCHOVETA,85559,1165.021,1,1,85559,85559,NA,0,1046.0130000000004,0,1046.0130000000004,1,0,0,1,2014-04-01
2014,4,5,SARDINA COMUN,85559,3112.487,1,1,85559,85559,NA,0,3793.957999999999,0,3793.957999999999,1,0,0,1,2014-04-01
2014,4,8,ANCHOVETA,96105.33824988354,4439.156,3,3,85000,105306,0.10771222940128888,0,26567.70700000004,208.384,26359.323000000044,2,1,0.00784350715701583,0.9921564928429842,2014-04-01
2014,4,8,SARDINA COMUN,86210.51875310887,21591.46,4,4,26146,105306,0.4531790177856924,0,96494.81999999998,10417.145,86077.67499999997,2,1,0.10795548403530884,0.8920445159646911,2014-04-01
2014,4,10,SARDINA COMUN,95420,32.6,1,1,95420,95420,NA,0,70.055,0,70.055,1,0,0,1,2014-04-01
2014,4,14,ANCHOVETA,95512,117.833,1,1,95512,95512,NA,0,167.45999999999998,0,167.45999999999998,1,0,0,1,2014-04-01
2014,4,14,SARDINA COMUN,95512,15619.315,1,1,95512,95512,NA,0,19291.61,0,19291.61,1,1,0,1,2014-04-01
2014,5,5,ANCHOVETA,85559,932.669,1,1,85559,85559,NA,0,931.9479999999998,0,931.9479999999998,1,0,0,1,2014-05-01
2014,5,5,SARDINA COMUN,85559,2328.714,1,1,85559,85559,NA,0,1638.9130000000002,0,1638.9130000000002,1,0,0,1,2014-05-01
2014,5,8,ANCHOVETA,96956,20.785,1,1,96956,96956,NA,0,8136.257000000001,973.4789999999998,7162.778000000001,2,1,0.11964703179852844,0.8803529682014715,2014-05-01
2014,5,8,SARDINA COMUN,96956,3649.1020000000008,2,2,96956,96956,0,0,37953.51500000003,18739.271,19214.24400000002,2,1,0.49374270077488175,0.5062572992251181,2014-05-01
2014,5,10,SARDINA COMUN,93070,104.74,1,1,93070,93070,NA,0,378.10100000000006,0,378.10100000000006,1,0,0,1,2014-05-01
2014,5,14,ANCHOVETA,97304,60.785,1,1,97304,97304,NA,0,86.26499999999999,0,86.26499999999999,1,0,0,1,2014-05-01
2014,5,14,SARDINA COMUN,97304,6100.419000000001,1,1,97304,97304,NA,0,8270.163000000004,0,8270.163000000004,1,1,0,1,2014-05-01
2014,6,5,ANCHOVETA,85559,30.109,1,1,85559,85559,NA,0,30.109,0,30.109,1,0,0,1,2014-06-01
2014,6,5,SARDINA COMUN,85559,38.956,1,1,85559,85559,NA,0,50.78,0,50.78,1,0,0,1,2014-06-01
2014,6,8,SARDINA COMUN,97460,1005.904,1,1,97460,97460,NA,0,34657.68400000003,17323.551000000003,17334.133000000023,2,1,0.49984733544226406,0.5001526645577359,2014-06-01
2014,6,14,ANCHOVETA,97316,45.599,1,1,97316,97316,NA,0,81.658,0,81.658,1,0,0,1,2014-06-01
2014,6,14,SARDINA COMUN,97316,6490.853999999999,1,1,97316,97316,NA,0,7653.153,52.111,7601.042,2,1,0.00680908901207123,0.9931909109879288,2014-06-01
2014,7,8,SARDINA COMUN,98674,3849.372,1,1,98674,98674,NA,0,32794.83099999999,8148.687999999999,24646.142999999993,2,1,0.24847476725829143,0.7515252327417086,2014-07-01
2014,7,10,SARDINA COMUN,115460,323.072,1,1,115460,115460,NA,0,118.679,0,118.679,1,0,0,1,2014-07-01
2014,7,14,SARDINA COMUN,98674,7414.426999999999,1,1,98674,98674,NA,0,8974.982,3890.233,5084.749000000001,2,0,0.433453014167605,0.566546985832395,2014-07-01
2014,8,10,SARDINA COMUN,119060,25.4,1,1,119060,119060,NA,0,36.909000000000006,0,36.909000000000006,1,0,0,1,2014-08-01
2014,10,8,SARDINA COMUN,118828,2332.58,1,1,118828,118828,NA,0,28354.785000000025,1879.939,26474.846000000027,2,1,0.06630059088792238,0.9336994091120776,2014-10-01
2014,10,14,SARDINA COMUN,118828,3055.3540000000003,1,1,118828,118828,NA,0,3989.3509999999983,0,3989.3509999999983,1,0,0,1,2014-10-01
2014,11,5,ANCHOVETA,75000,11.295,1,1,75000,75000,NA,0,11.295,0,11.295,1,0,0,1,2014-11-01
2014,11,5,SARDINA COMUN,75000,158.14499999999998,1,1,75000,75000,NA,0,158.245,0,158.245,1,0,0,1,2014-11-01
2014,11,8,SARDINA COMUN,119784,4083.711000000001,1,1,119784,119784,NA,0,27448.484000000008,6409.503,21038.981000000007,2,1,0.23351027328139495,0.7664897267186049,2014-11-01
2014,11,10,SARDINA COMUN,120656,1128.15,1,1,120656,120656,NA,0,166.92200000000005,0,166.92200000000005,1,0,0,1,2014-11-01
2014,11,14,ANCHOVETA,119784,43.675,1,1,119784,119784,NA,0,76.83000000000001,34.158,42.672,2,0,0.4445919562670831,0.5554080437329167,2014-11-01
2014,11,14,SARDINA COMUN,119784,10724.679999999997,1,1,119784,119784,NA,0,16365.09299999998,610.287,15754.80599999998,2,1,0.03729199705739532,0.9627080029426046,2014-11-01
2014,12,5,SARDINA COMUN,75000,113.241,1,1,75000,75000,NA,0,114.156,0,114.156,1,0,0,1,2014-12-01
2014,12,8,SARDINA COMUN,127349,485.26,1,1,127349,127349,NA,0,2298.357,330.949,1967.408,2,0,0.14399373117405173,0.8560062688259483,2014-12-01
2014,12,10,SARDINA COMUN,130250,542.92,1,1,130250,130250,NA,0,188.515,0,188.515,1,0,0,1,2014-12-01
2014,12,14,SARDINA COMUN,127349,2373.725,1,1,127349,127349,NA,0,3191.6099999999988,0,3191.6099999999988,1,0,0,1,2014-12-01
2015,3,8,SARDINA COMUN,128093.1463919342,3856.216964,2,2,127316,128758,0.00796369782540204,0,59057.369999999995,31126.120999999985,27931.24900000001,2,2,0.5270488848385898,0.4729511151614102,2015-03-01
2015,4,8,SARDINA COMUN,114179.71785906445,10997.323,2,2,105140,122265,0.10649900950128297,0,94780.00800000007,2842.9410000000003,91937.06700000008,2,1,0.0299951546743908,0.9700048453256092,2015-04-01
2015,5,8,SARDINA COMUN,116021.46651743492,7602.046,2,2,109668,121011,0.06954002938281342,0,65080.8,1373.631,63707.168999999994,2,1,0.02110654755319541,0.9788934524468046,2015-05-01
2015,7,5,ANCHOVETA,100000,163.573,1,1,100000,100000,NA,0,163.573,0,163.573,1,0,0,1,2015-07-01
2015,7,5,SARDINA COMUN,100000,388.498,1,1,100000,100000,NA,0,392.8179999999999,0,392.8179999999999,1,0,0,1,2015-07-01
2015,7,8,SARDINA COMUN,120360,59.1,1,1,120360,120360,NA,0,9538.653000000008,1732.915,7805.738000000006,2,1,0.1816729259361881,0.8183270740638117,2015-07-01
2015,7,14,ANCHOVETA,119323,2.823,1,1,119323,119323,NA,0,3.733,0,3.733,1,0,0,1,2015-07-01
2015,7,14,SARDINA COMUN,119323,2212.2440000000006,1,1,119323,119323,NA,0,2889.663999999999,0,2889.663999999999,1,0,0,1,2015-07-01
2015,8,14,SARDINA COMUN,124018,883.565,1,1,124018,124018,NA,0,1768.215,426.015,1342.2000000000005,2,0,0.2409294118645074,0.7590705881354927,2015-08-01
2015,10,8,SARDINA COMUN,129712,2660.977,1,1,129712,129712,NA,0,23658.615999999995,23657.97199999999,0.6439999999999999,2,0,0.9999727794728144,2.722052718552937e-5,2015-10-01
2015,10,14,ANCHOVETA,126881,9.297,1,1,126881,126881,NA,0,14.651000000000002,9.159,5.492000000000001,2,0,0.6251450412941096,0.3748549587058904,2015-10-01
2015,10,14,SARDINA COMUN,126881,7691.029000000001,1,1,126881,126881,NA,0,10387.506,562.126,9825.38,2,1,0.05411558847715707,0.9458844115228427,2015-10-01
2015,11,5,ANCHOVETA,100000,63.347,1,1,100000,100000,NA,0,81.73799999999999,0,81.73799999999999,1,0,0,1,2015-11-01
2015,11,5,SARDINA COMUN,100000,995.079,1,1,100000,100000,NA,0,1066.408,0,1066.408,1,0,0,1,2015-11-01
2015,11,8,SARDINA COMUN,127986.27947659785,13129.178000000002,2,2,120014,129712,0.05492036523187123,0,72783.1130000002,6938.481000000001,65844.6320000002,2,1,0.09533091831342776,0.9046690816865722,2015-11-01
2015,11,10,SARDINA COMUN,129699,440.44999999999993,1,1,129699,129699,NA,0,82.595,0,82.595,1,0,0,1,2015-11-01
2015,11,14,ANCHOVETA,129496,97.672,1,1,129496,129496,NA,0,81.68599999999999,36.374,45.31199999999999,2,0,0.4452905026565141,0.554709497343486,2015-11-01
2015,11,14,SARDINA COMUN,129496,3825.906,1,1,129496,129496,NA,0,5802.51,109.121,5693.389,2,0,0.01880582713343018,0.9811941728665698,2015-11-01
2015,12,5,ANCHOVETA,100000,426.98,1,1,100000,100000,NA,0,429.523,0,429.523,1,0,0,1,2015-12-01
2015,12,5,SARDINA COMUN,100000,686.4670000000001,1,1,100000,100000,NA,0,668.6550000000001,0,668.6550000000001,1,0,0,1,2015-12-01
2015,12,8,SARDINA COMUN,136341,1832.212,1,1,136341,136341,NA,0,16249.863999999992,1019.238,15230.625999999991,2,1,0.06272286340365682,0.9372771365963432,2015-12-01
2015,12,14,ANCHOVETA,136479,238.945,1,1,136479,136479,NA,0,254.85899999999995,0,254.85899999999995,1,0,0,1,2015-12-01
2015,12,14,SARDINA COMUN,136479,5940.495,1,1,136479,136479,NA,0,6631.583,0,6631.583,1,0,0,1,2015-12-01
2016,1,10,ANCHOVETA,117678,52,1,1,117678,117678,NA,0,114.417,0,114.417,1,0,0,1,2016-01-01
2016,1,10,SARDINA COMUN,117678,151,1,1,117678,117678,NA,0,239.663,0,239.663,1,0,0,1,2016-01-01
2016,2,10,ANCHOVETA,97867,199,1,1,97867,97867,NA,0,372.381,0,372.381,1,0,0,1,2016-02-01
2016,2,10,SARDINA COMUN,97867,191,1,1,97867,97867,NA,0,770.9180000000005,0,770.9180000000005,1,0,0,1,2016-02-01
2016,3,5,ANCHOVETA,100000,8,1,1,100000,100000,NA,0,7.645,0,7.645,1,0,0,1,2016-03-01
2016,3,5,JUREL,114000,4,1,1,114000,114000,NA,0,30.003,0,30.003,1,0,0,1,2016-03-01
2016,3,8,ANCHOVETA,121408,239,1,1,121408,121408,NA,0,30288.52300000004,672.4669999999999,29616.05600000004,2,1,0.02220204002684445,0.9777979599731556,2016-03-01
2016,3,8,SARDINA COMUN,121408,754,1,1,121408,121408,NA,0,33516.63100000001,13709.154,19807.477000000017,2,1,0.4090254178589727,0.5909745821410275,2016-03-01
2016,3,10,ANCHOVETA,121408,35,1,1,121408,121408,NA,0,20.742,0,20.742,1,0,0,1,2016-03-01
2016,3,10,SARDINA COMUN,121408,104,1,1,121408,121408,NA,0,75.94200000000001,0,75.94200000000001,1,0,0,1,2016-03-01
2016,4,5,ANCHOVETA,100000,82,1,1,100000,100000,NA,0,146.578,0,146.578,1,0,0,1,2016-04-01
2016,4,5,SARDINA COMUN,100000,788,1,1,100000,100000,NA,0,1290.5769999999998,0,1290.5769999999998,1,0,0,1,2016-04-01
2016,4,8,ANCHOVETA,113888,68,1,1,113888,113888,NA,0,7406.190000000009,0,7406.190000000009,1,1,0,1,2016-04-01
2016,4,8,SARDINA COMUN,113888,121,1,1,113888,113888,NA,0,9037.596000000009,0,9037.596000000009,1,1,0,1,2016-04-01
2016,4,10,ANCHOVETA,113888,99,1,1,113888,113888,NA,0,157.86100000000002,0,157.86100000000002,1,0,0,1,2016-04-01
2016,4,10,SARDINA COMUN,113888,173,1,1,113888,113888,NA,0,234.26599999999996,0,234.26599999999996,1,0,0,1,2016-04-01
2016,5,5,ANCHOVETA,100000,939,1,1,100000,100000,NA,0,902.002,0,902.002,1,0,0,1,2016-05-01
2016,5,5,SARDINA COMUN,100000,3077,1,1,100000,100000,NA,0,2680.069,0,2680.069,1,0,0,1,2016-05-01
2016,6,5,ANCHOVETA,100000,291,1,1,100000,100000,NA,0,263.46700000000004,0,263.46700000000004,1,0,0,1,2016-06-01
2016,6,5,SARDINA COMUN,100000,466,1,1,100000,100000,NA,0,384.884,0,384.884,1,0,0,1,2016-06-01
2016,7,5,ANCHOVETA,100000,319,1,1,100000,100000,NA,0,319.473,0,319.473,1,0,0,1,2016-07-01
2016,7,5,SARDINA COMUN,100000,541,1,1,100000,100000,NA,0,547.2590000000001,0,547.2590000000001,1,0,0,1,2016-07-01
2016,10,8,SARDINA COMUN,116186,2307,1,1,116186,116186,NA,0,16075.666,16066.918,8.747999999999998,2,0,0.9994558234787908,5.441765212091367e-4,2016-10-01
2016,11,8,SARDINA COMUN,101916,1137,1,1,101916,101916,NA,0,51071.78700000003,5718.536000000001,45353.25100000003,2,1,0.111970548436067,0.888029451563933,2016-11-01
2016,12,8,SARDINA COMUN,118756,2937,1,1,118756,118756,NA,0,14429.217000000004,2666.308,11762.909000000003,2,1,0.18478535598986412,0.8152146440101358,2016-12-01
2017,1,8,JUREL,228999.95848282933,3902,2,2,220000,237899,0.05528076836358242,0,16891.037999999997,9054.778,7836.259999999998,2,1,0.5360699561507115,0.4639300438492886,2017-01-01
2017,2,8,SARDINA COMUN,100000,1090,1,1,100000,100000,NA,0,7532.133000000001,7531.964000000001,0.16900000000000004,2,0,0.9999775627966208,2.2437203379175597e-5,2017-02-01
2017,3,5,ANCHOVETA,94180,69,1,1,94180,94180,NA,0,68.844,0,68.844,1,0,0,1,2017-03-01
2017,3,5,SARDINA COMUN,91527,440,1,1,91527,91527,NA,0,456.581,0,456.581,1,0,0,1,2017-03-01
2017,3,8,ANCHOVETA,100000,2395,2,2,100000,100000,0,0,13024.406000000004,170.201,12854.205000000004,2,1,0.01306785123252453,0.9869321487674756,2017-03-01
2017,3,8,SARDINA COMUN,100000,51684,3,3,100000,100000,0,0,159219.4409999997,500.524,158718.9169999997,2,1,0.00314361108704056,0.9968563889129594,2017-03-01
2017,4,5,ANCHOVETA,90000,522,1,1,90000,90000,NA,0,522.129,0,522.129,1,0,0,1,2017-04-01
2017,4,5,SARDINA COMUN,90000,1005,1,1,90000,90000,NA,0,1010.692,0,1010.692,1,0,0,1,2017-04-01
2017,4,8,ANCHOVETA,130349,689,2,2,130349,130349,0,0,5362.295999999999,22.888,5339.407999999999,2,1,0.00426832088344246,0.9957316791165576,2017-04-01
2017,4,8,SARDINA COMUN,115399.53266533064,9980,3,3,100000,130349,0.1457341320409535,0,27038.325999999983,0,27038.325999999983,1,1,0,1,2017-04-01
2017,5,5,ANCHOVETA,90000,2352,1,1,90000,90000,NA,0,2543.290000000001,0,2543.290000000001,1,1,0,1,2017-05-01
2017,5,5,JUREL,120000,79,1,1,120000,120000,NA,0,84.87700000000001,0,84.87700000000001,1,0,0,1,2017-05-01
2017,5,5,SARDINA COMUN,90600,1017,1,1,90600,90600,NA,0,1085.6780000000003,0,1085.6780000000003,1,0,0,1,2017-05-01
2017,5,8,ANCHOVETA,111783.85601577908,507,2,2,110845,111845,0.00635059303234584,0,5808.296999999999,356.392,5451.904999999999,2,1,0.06135912127083035,0.9386408787291696,2017-05-01
2017,5,8,SARDINA COMUN,105961.2815715622,4276,3,3,100000,111845,0.06338206869428574,0,19169.43500000003,47.353,19122.08200000003,2,1,0.00247023451656243,0.9975297654834376,2017-05-01
2017,6,5,ANCHOVETA,90000,652,1,1,90000,90000,NA,0,460.278,0,460.278,1,0,0,1,2017-06-01
2017,6,5,SARDINA COMUN,90000,549,1,1,90000,90000,NA,0,488.043,0,488.043,1,0,0,1,2017-06-01
2017,6,8,ANCHOVETA,130108,68,1,1,130108,130108,NA,0,1219.968,0,1219.968,1,0,0,1,2017-06-01
2017,6,8,SARDINA COMUN,105136.47524752477,1313,2,2,100000,130108,0.18503981580792123,0,8639.339000000002,0,8639.339000000002,1,1,0,1,2017-06-01
2017,7,8,SARDINA COMUN,101700.3495145631,412,2,2,100000,126944,0.167902963835046,0,10521.101999999995,0,10521.101999999995,1,1,0,1,2017-07-01
2017,10,8,ANCHOVETA,95000,318,1,1,95000,95000,NA,0,2871.225,1030.732,1840.493,2,0,0.35898684359463295,0.641013156405367,2017-10-01
2017,10,8,SARDINA COMUN,95979.16666666669,720,2,2,95000,100000,0.03626188621469474,0,14886.659,11123.771,3762.888,2,0,0.7472308595232818,0.2527691404767181,2017-10-01
2017,11,8,ANCHOVETA,96041,1746,1,1,96041,96041,NA,0,15138.645000000006,1087.67,14050.975000000006,2,1,0.07184724920889549,0.9281527507911044,2017-11-01
2017,11,8,SARDINA COMUN,97921.525,3960,2,2,96041,100000,0.02855969666261182,0,21539.331000000027,2905.9799999999996,18633.351000000028,2,1,0.13491505376838286,0.8650849462316171,2017-11-01
2017,12,8,ANCHOVETA,97031,1405,1,1,97031,97031,NA,0,4299.402000000001,0,4299.402000000001,1,1,0,1,2017-12-01
2017,12,8,SARDINA COMUN,97073.89576883386,1938,2,2,97031,100000,0.02131035251653658,0,6915.819000000007,0,6915.819000000007,1,0,0,1,2017-12-01
2018,1,8,JUREL,227164.8603106744,10394.575025,2,2,219398,230000,0.03336350448439813,0,47351.376999999986,39894.35499999999,7457.022,2,1,0.842517314755176,0.1574826852448241,2018-01-01
2018,2,8,ANCHOVETA,215570,121.664,1,1,215570,215570,NA,0,380.598,380.427,0.17100000000000004,2,0,0.9995507070452287,4.49292954771176e-4,2018-02-01
2018,2,8,JUREL,230000,10949.636,1,1,230000,230000,NA,0,50823.719999999994,49425.35999999999,1398.36,2,1,0.9724860753994394,0.02751392460056053,2018-02-01
2018,2,8,SARDINA COMUN,215570,1183.001,1,1,215570,215570,NA,0,6600.905,6600.473,0.4320000000000001,2,0,0.9999345544285216,6.544557147845638e-5,2018-02-01
2018,3,5,ANCHOVETA,90000,837.255,1,1,90000,90000,NA,0,837.2550000000002,0,837.2550000000002,1,0,0,1,2018-03-01
2018,3,5,SARDINA COMUN,89999.99999999999,1778.6760000000002,1,1,90000,90000,NA,0,1780.0160000000003,0,1780.0160000000003,1,0,0,1,2018-03-01
2018,3,8,ANCHOVETA,131071.00000000004,2179.8199999999997,2,2,131071,131071,0,0,13120.591000000004,540.303,12580.288000000004,2,1,0.0411797761244139,0.958820223875586,2018-03-01
2018,3,8,SARDINA COMUN,121288.10366726096,36478.942,3,3,110000,131071,0.09807020590603538,0,119782.16800000006,1228.394,118553.77400000006,2,1,0.01025523264865267,0.9897447673513472,2018-03-01
2018,4,5,ANCHOVETA,89999.99999999999,379.513,1,1,90000,90000,NA,0,379.513,0,379.513,1,0,0,1,2018-04-01
2018,4,5,SARDINA COMUN,90000,1871.9370000000004,1,1,90000,90000,NA,0,1871.977,0,1871.977,1,0,0,1,2018-04-01
2018,4,8,ANCHOVETA,146955,2001.551,2,2,146955,146955,0,0,10074.789999999995,0,10074.789999999995,1,1,0,1,2018-04-01
2018,4,8,SARDINA COMUN,127763.3827728252,22684.834000000003,3,3,110000,146955,0.15847079199254255,0,69435.20100000002,0,69435.20100000002,1,1,0,1,2018-04-01
2018,5,8,ANCHOVETA,146284,690.259,1,1,146284,146284,NA,0,6173.609,0,6173.609,1,1,0,1,2018-05-01
2018,5,8,SARDINA COMUN,124089.4792088436,2905.418,2,2,110000,146284,0.2002205557004939,0,25932.76699999997,0,25932.76699999997,1,1,0,1,2018-05-01
2018,6,8,ANCHOVETA,155509,1422.888,1,1,155509,155509,NA,0,5222.4,0,5222.4,1,1,0,1,2018-06-01
2018,6,8,SARDINA COMUN,155508,2396.423999999999,1,1,155508,155508,NA,0,19177.497000000003,0,19177.497000000003,1,1,0,1,2018-06-01
2018,7,5,ANCHOVETA,90000,13.099,1,1,90000,90000,NA,0,13.099,0,13.099,1,0,0,1,2018-07-01
2018,7,5,SARDINA COMUN,90000,14.236,1,1,90000,90000,NA,0,14.236,0,14.236,1,0,0,1,2018-07-01
2018,7,14,SARDINA COMUN,103055,1120.282,1,1,103055,103055,NA,0,1120.2820000000002,0,1120.2820000000002,1,0,0,1,2018-07-01
2018,10,8,ANCHOVETA,139712,29.837,1,1,139712,139712,NA,0,1521.0370000000005,475.379,1045.658,2,0,0.31253611845076745,0.6874638815492325,2018-10-01
2018,10,8,SARDINA COMUN,120846.34077963664,1429.076,2,2,110000,139712,0.16827030084749392,0,5646.3910000000005,1986.486,3659.9050000000007,2,0,0.35181516830839377,0.6481848316916062,2018-10-01
2018,10,14,ANCHOVETA,126346,134.154,1,1,126346,126346,NA,0,136.365,0,136.365,1,0,0,1,2018-10-01
2018,10,14,SARDINA COMUN,126346,7401.209000000001,1,1,126346,126346,NA,0,6809.922999999996,0,6809.922999999996,1,0,0,1,2018-10-01
2018,11,5,ANCHOVETA,90000,51.049,1,1,90000,90000,NA,0,51.649,0,51.649,1,0,0,1,2018-11-01
2018,11,5,SARDINA COMUN,90000,903.216,1,1,90000,90000,NA,0,987.1539999999998,0,987.1539999999998,1,0,0,1,2018-11-01
2018,11,8,ANCHOVETA,155022,734.3719999999998,1,1,155022,155022,NA,0,15687.297000000031,0,15687.297000000031,1,1,0,1,2018-11-01
2018,11,8,SARDINA COMUN,129525.71033834566,6505.092999999999,2,2,110000,155022,0.24024693423625768,0,37334.68900000007,0,37334.68900000007,1,1,0,1,2018-11-01
2018,11,14,ANCHOVETA,136231,122.45600000000002,1,1,136231,136231,NA,0,122.245,0,122.245,1,0,0,1,2018-11-01
2018,11,14,SARDINA COMUN,136231,8227.280999999999,1,1,136231,136231,NA,0,8862.460000000001,0,8862.460000000001,1,1,0,1,2018-11-01
2018,12,5,ANCHOVETA,90000,13.301,1,1,90000,90000,NA,0,13.301,0,13.301,1,0,0,1,2018-12-01
2018,12,5,SARDINA COMUN,90000,135.376,1,1,90000,90000,NA,0,51.437999999999995,0,51.437999999999995,1,0,0,1,2018-12-01
2018,12,8,ANCHOVETA,179945,124.501,1,1,179945,179945,NA,0,1137.811,0,1137.811,1,0,0,1,2018-12-01
2018,12,8,SARDINA COMUN,154912.09809763837,777.297,2,2,110000,179945,0.34115838390103687,0,5848.146000000002,0,5848.146000000002,1,0,0,1,2018-12-01
2018,12,14,ANCHOVETA,159033,35.739,1,1,159033,159033,NA,0,35.739,0,35.739,1,0,0,1,2018-12-01
2018,12,14,SARDINA COMUN,159033,1912.666,1,1,159033,159033,NA,0,1919.216,0,1919.216,1,0,0,1,2018-12-01
2019,1,8,JUREL,240000,8860.960000000001,1,1,240000,240000,NA,0,51534.40599999996,42049.51499999996,9484.891,2,1,0.8159503187055265,0.1840496812944736,2019-01-01
2019,2,14,ANCHOVETA,116019,9.41,1,1,116019,116019,NA,0,12.496,0,12.496,1,0,0,1,2019-02-01
2019,2,14,SARDINA COMUN,116079,11544.53,1,1,116079,116079,NA,0,12826.72,0,12826.72,1,1,0,1,2019-02-01
2019,3,8,ANCHOVETA,145888,3388.4300000000003,1,1,145888,145888,NA,0,31654.06500000004,0,31654.06500000004,1,1,0,1,2019-03-01
2019,3,8,SARDINA COMUN,130640.15785760574,18100.87,2,2,120000,145884,0.13767471471944603,0,95392.3840000003,0,95392.3840000003,1,1,0,1,2019-03-01
2019,3,14,ANCHOVETA,140456,129.51,1,1,140456,140456,NA,0,126.485,0,126.485,1,0,0,1,2019-03-01
2019,3,14,SARDINA COMUN,140456,14532.449999999995,1,1,140456,140456,NA,0,13317.263999999996,0,13317.263999999996,1,1,0,1,2019-03-01
2019,4,5,ANCHOVETA,100000,1809.88,1,1,100000,100000,NA,0,1812.657,0,1812.657,1,0,0,1,2019-04-01
2019,4,5,SARDINA COMUN,100000,235.59,1,1,100000,100000,NA,0,254.118,0,254.118,1,0,0,1,2019-04-01
2019,4,8,ANCHOVETA,156103,4470.09,1,1,156103,156103,NA,0,42787.06300000001,0,42787.06300000001,1,1,0,1,2019-04-01
2019,4,8,SARDINA COMUN,132456.71027351567,11842.1,2,2,120000,156103,0.18492139615417383,0,53436.897999999965,0,53436.897999999965,1,1,0,1,2019-04-01
2019,4,14,ANCHOVETA,139136,112.12,1,1,139136,139136,NA,0,112.141,0,112.141,1,0,0,1,2019-04-01
2019,4,14,SARDINA COMUN,139862,11974.37,1,1,139862,139862,NA,0,12122.329999999996,0,12122.329999999996,1,1,0,1,2019-04-01
2019,5,5,ANCHOVETA,100000,1150.3900000000003,1,1,100000,100000,NA,0,1151.096,0,1151.096,1,0,0,1,2019-05-01
2019,5,5,SARDINA COMUN,100000,621.68,1,1,100000,100000,NA,0,631.995,0,631.995,1,0,0,1,2019-05-01
2019,5,8,ANCHOVETA,176030,1529.42,1,1,176030,176030,NA,0,24589.316,0,24589.316,1,1,0,1,2019-05-01
2019,5,8,SARDINA COMUN,130123.01453597395,3306.2799999999997,2,2,120000,176030,0.26767012093289366,0,27114.316000000017,0,27114.316000000017,1,1,0,1,2019-05-01
2019,5,14,ANCHOVETA,134852,1034.24,1,1,134852,134852,NA,0,1034.304,0,1034.304,1,0,0,1,2019-05-01
2019,5,14,SARDINA COMUN,134862,4653.360000000001,1,1,134862,134862,NA,0,4515.277,0,4515.277,1,0,0,1,2019-05-01
2019,6,5,ANCHOVETA,100000,101.86,1,1,100000,100000,NA,0,101.898,0,101.898,1,0,0,1,2019-06-01
2019,6,5,SARDINA COMUN,100000,295.06,1,1,100000,100000,NA,0,295.07899999999995,0,295.07899999999995,1,0,0,1,2019-06-01
2019,6,8,ANCHOVETA,162996,576.91,1,1,162996,162996,NA,0,10208.127999999995,0,10208.127999999995,1,1,0,1,2019-06-01
2019,6,8,SARDINA COMUN,125992.07618541992,904.11,2,2,120000,162996,0.2148635540000339,0,11263.937000000007,0,11263.937000000007,1,1,0,1,2019-06-01
2019,6,14,ANCHOVETA,135151,2486.1000000000004,1,1,135151,135151,NA,0,2486.1230000000014,0,2486.1230000000014,1,1,0,1,2019-06-01
2019,6,14,SARDINA COMUN,135151,2390.47,1,1,135151,135151,NA,0,2390.806000000001,0,2390.806000000001,1,0,0,1,2019-06-01
2019,7,5,ANCHOVETA,100000,4.74,1,1,100000,100000,NA,0,4.747,0,4.747,1,0,0,1,2019-07-01
2019,7,5,SARDINA COMUN,10000,0.73,1,1,10000,10000,NA,0,0.73,0,0.73,1,0,0,1,2019-07-01
2019,7,8,ANCHOVETA,84863,58.38999999999999,1,1,84863,84863,NA,0,3909.3800000000015,57.192,3852.1880000000015,2,1,0.0146294297305455,0.9853705702694544,2019-07-01
2019,7,8,SARDINA COMUN,116098.39211231768,660.27,2,2,84836,120000,0.24277668821538945,0,7346.317999999996,900.633,6445.684999999996,2,0,0.12259651705793304,0.8774034829420669,2019-07-01
2019,7,14,ANCHOVETA,182213,96.69,1,1,182213,182213,NA,0,96.704,0,96.704,1,0,0,1,2019-07-01
2019,7,14,SARDINA COMUN,182213,209.72,1,1,182213,182213,NA,0,209.731,0,209.731,1,0,0,1,2019-07-01
2019,11,5,SARDINA COMUN,10000,3.33,1,1,10000,10000,NA,0,3.33,0,3.33,1,0,0,1,2019-11-01
2019,11,8,ANCHOVETA,157711,3420.239999999999,1,1,157711,157711,NA,0,26947.857000000004,505.0139999999999,26442.843000000004,2,1,0.01874041412643684,0.9812595858735632,2019-11-01
2019,11,8,SARDINA COMUN,133551.52929212592,8348.66,2,2,110000,157711,0.25203874056121245,0,39495.29000000002,2180.071,37315.21900000002,2,1,0.05519825275368274,0.9448017472463172,2019-11-01
2019,11,14,ANCHOVETA,155229,1406.4299999999998,1,1,155229,155229,NA,0,1476.1660000000002,0,1476.1660000000002,1,0,0,1,2019-11-01
2019,11,14,SARDINA COMUN,155229,7874.479999999999,1,1,155229,155229,NA,0,8192.721000000001,0,8192.721000000001,1,1,0,1,2019-11-01
2019,12,5,SARDINA COMUN,10000,125.94,1,1,10000,10000,NA,0,126.229,0,126.229,1,0,0,1,2019-12-01
2019,12,8,ANCHOVETA,157064.7969890759,1103.98,2,2,149749,157711,0.0366225472699362,0,7521.109999999997,0,7521.109999999997,1,1,0,1,2019-12-01
2019,12,8,SARDINA COMUN,134900.62580447542,6072.280000000001,3,3,110000,157711,0.1836773386715927,0,21547.41599999999,0,21547.41599999999,1,1,0,1,2019-12-01
2019,12,14,ANCHOVETA,149748,849.16,1,1,149748,149748,NA,0,779.624,0,779.624,1,0,0,1,2019-12-01
2019,12,14,SARDINA COMUN,149748,8996.869999999997,1,1,149748,149748,NA,0,8680.412000000004,0,8680.412000000004,1,1,0,1,2019-12-01
2020,1,8,JUREL,243687.17528821412,20535.95,2,2,240000,255715,0.04483295065247811,0,80468.49799999999,69904.875,10563.623,2,1,0.8687234972373911,0.13127650276260908,2020-01-01
2020,2,5,JUREL,120000,135.234,1,1,120000,120000,NA,0,139.03400000000002,0,139.03400000000002,1,0,0,1,2020-02-01
2020,2,8,JUREL,202004,3749.918000000001,1,1,202004,202004,NA,0,101254.61999999994,99736.36499999992,1518.255,2,1,0.9850055730790358,0.01499442692096421,2020-02-01
2020,2,14,ANCHOVETA,124176,1714.996,1,1,124176,124176,NA,0,1714.9960000000003,0,1714.9960000000003,1,0,0,1,2020-02-01
2020,2,14,JUREL,200000,1084.462,1,1,200000,200000,NA,0,1084.4620000000002,0,1084.4620000000002,1,1,0,1,2020-02-01
2020,2,14,SARDINA COMUN,124176,5300.462,1,1,124176,124176,NA,0,5300.4619999999995,0,5300.4619999999995,1,0,0,1,2020-02-01
2020,3,5,JUREL,120000,114.849,1,1,120000,120000,NA,0,117.249,0,117.249,1,0,0,1,2020-03-01
2020,3,8,ANCHOVETA,135960,549.851,2,2,135960,135960,0,0,6263.301999999998,0,6263.301999999998,1,1,0,1,2020-03-01
2020,3,8,JUREL,135960,2850.8489999999997,1,1,135960,135960,NA,0,77008.36200000002,74999.18800000002,2009.1739999999995,2,1,0.9739096645114982,0.02609033548850187,2020-03-01
2020,3,8,SARDINA COMUN,134757.62022498925,7436.266000000001,3,3,130000,135960,0.02568427252465791,0,26291.04500000004,0,26291.04500000004,1,1,0,1,2020-03-01
2020,3,14,ANCHOVETA,134485,1136.6090000000002,1,1,134485,134485,NA,0,1142.58,0,1142.58,1,0,0,1,2020-03-01
2020,3,14,SARDINA COMUN,134485,8744.298999999999,1,1,134485,134485,NA,0,8822.828,0,8822.828,1,1,0,1,2020-03-01
2020,4,5,ANCHOVETA,100000,276.763,1,1,100000,100000,NA,0,198.868,0,198.868,1,0,0,1,2020-04-01
2020,4,5,JUREL,120000,210.989,1,1,120000,120000,NA,0,214.189,210.989,3.1999999999999997,2,0,0.9850599237122356,0.01494007628776454,2020-04-01
2020,4,5,SARDINA COMUN,100000,373.377,1,1,100000,100000,NA,0,382.4770000000001,0,382.4770000000001,1,0,0,1,2020-04-01
2020,4,8,ANCHOVETA,162317,5394.833999999998,2,2,162317,162317,0,0,52458.62799999998,0,52458.62799999998,1,1,0,1,2020-04-01
2020,4,8,JUREL,185716.61740079743,11453.636,2,2,162317,240000,0.2730691274935664,0,60693.96099999997,60685.65799999997,8.303,2,0,0.9998631989103496,1.3680108965041852e-4,2020-04-01
2020,4,8,SARDINA COMUN,148203.9664889626,31578.342,3,3,130000,162317,0.12312032524668944,0,94356.80599999992,5.725,94351.0809999999,2,1,6.0673948628570634e-5,0.9999393260513714,2020-04-01
2020,4,14,ANCHOVETA,145413,562.103,1,1,145413,145413,NA,0,576.64,0,576.64,1,0,0,1,2020-04-01
2020,4,14,SARDINA COMUN,145413,9346.481999999998,1,1,145413,145413,NA,0,9564.55,0,9564.55,1,1,0,1,2020-04-01
2020,5,8,ANCHOVETA,180163,2146.339,2,2,180163,180163,0,0,40268.924999999974,0,40268.924999999974,1,1,0,1,2020-05-01
2020,5,8,JUREL,180163,2794.6610000000005,1,1,180163,180163,NA,0,66967.56999999998,66967.25999999998,0.31,2,0,0.9999953708937028,4.62910629727195e-6,2020-05-01
2020,5,8,SARDINA COMUN,159492.3792273485,10762.834,3,3,130000,180163,0.17719815930641572,0,31957.376999999993,0,31957.376999999993,1,1,0,1,2020-05-01
2020,5,14,ANCHOVETA,149787,1140.022,1,1,149787,149787,NA,0,1127.145,5.041,1122.104,2,0,0.00447236158613133,0.9955276384138688,2020-05-01
2020,5,14,SARDINA COMUN,149787,5534.731,1,1,149787,149787,NA,0,5268.588,45.374,5223.214,2,0,0.00861217464717302,0.991387825352827,2020-05-01
2020,6,8,ANCHOVETA,172458,928.686,1,1,172458,172458,NA,0,12646.323,0,12646.323,1,1,0,1,2020-06-01
2020,6,8,JUREL,172458,2337.03,1,1,172458,172458,NA,0,51810.274,51810.274,0,1,0,1,0,2020-06-01
2020,6,8,SARDINA COMUN,152966.95127393576,1983.538,2,2,130000,172458,0.1985223714738472,0,6025.449999999997,0,6025.449999999997,1,0,0,1,2020-06-01
2020,6,14,ANCHOVETA,146279,585.258,1,1,146279,146279,NA,0,577.787,0,577.787,1,0,0,1,2020-06-01
2020,6,14,SARDINA COMUN,146279,2626.986,1,1,146279,146279,NA,0,2597.1020000000003,0,2597.1020000000003,1,0,0,1,2020-06-01
2020,7,8,ANCHOVETA,174124,852.523,1,1,174124,174124,NA,0,5943.889,0,5943.889,1,1,0,1,2020-07-01
2020,7,8,SARDINA COMUN,170707.4114135837,834.97,2,2,130000,174124,0.2051819627064962,0,2904.852,0,2904.852,1,0,0,1,2020-07-01
2020,11,8,ANCHOVETA,191823,3814.970999999999,1,1,191823,191823,NA,0,34850.47099999997,538.307,34312.16399999997,2,1,0.01544619009596744,0.9845538099040324,2020-11-01
2020,11,8,SARDINA COMUN,156229.01400003047,4136.991,2,2,130000,191823,0.2716739483088277,0,20880.215000000004,1163.963,19716.252000000004,2,1,0.0557447804057573,0.9442552195942427,2020-11-01
2020,12,8,ANCHOVETA,263052,243.29,1,1,263052,263052,NA,0,5757.8589999999995,768.6700000000001,4989.188999999999,2,1,0.13349927464357847,0.8665007253564215,2020-12-01
2020,12,8,SARDINA COMUN,169864.22820103326,2773.87,2,2,130000,263052,0.478725315990925,1,18364.102999999996,2843.7300000000005,15520.372999999996,2,1,0.15485264921461186,0.8451473507853882,2020-12-01
2021,1,8,JUREL,240000,13459.005,1,1,240000,240000,NA,0,90391.36099999998,76789.71599999999,13601.644999999997,2,1,0.8495249451991326,0.1504750548008675,2021-01-01
2021,3,8,ANCHOVETA,150719.2315607189,11630.185000000003,2,2,143975,173021,0.12958285635367298,0,54853.31200000011,0,54853.31200000011,1,1,0,1,2021-03-01
2021,3,8,SARDINA COMUN,144425.82069892983,44265.95999999999,3,3,130000,173021,0.14729030838834534,0,165217.76999999993,0,165217.76999999993,1,1,0,1,2021-03-01
2021,4,8,ANCHOVETA,170640.079964694,3680.961999999999,2,2,163174,173021,0.04142167774264301,0,45679.38199999999,0,45679.38199999999,1,1,0,1,2021-04-01
2021,4,8,SARDINA COMUN,147596.76470616524,17259.547000000002,3,3,130000,173021,0.1450459946101147,0,79752.23500000019,0,79752.23500000019,1,1,0,1,2021-04-01
2021,5,8,ANCHOVETA,168692.22417211713,4515.343000000001,2,2,163174,189262,0.10468284572288104,0,39164.204,0,39164.204,1,1,0,1,2021-05-01
2021,5,8,SARDINA COMUN,151221.00129293575,2971.5319999999992,3,3,130000,189262,0.18469717799190655,0,16722.233000000007,0,16722.233000000007,1,1,0,1,2021-05-01
2021,6,8,ANCHOVETA,189262,935.9459999999998,1,1,189262,189262,NA,0,13784.86400000001,0,13784.86400000001,1,1,0,1,2021-06-01
2021,6,8,SARDINA COMUN,176852.7157586326,394.552,2,2,130000,189262,0.26250892412299104,0,3721.140000000002,0,3721.140000000002,1,0,0,1,2021-06-01
2021,11,8,SARDINA COMUN,130000,429.833,1,1,130000,130000,NA,0,3034.583999999999,0,3034.583999999999,1,0,0,1,2021-11-01
2022,3,8,ANCHOVETA,140000,12078.883,1,1,140000,140000,NA,0,88592.13299999983,0,88592.13299999983,1,1,0,1,2022-03-01
2022,4,8,ANCHOVETA,140000,7875.876,1,1,140000,140000,NA,0,58980.243000000075,33.85,58946.39300000008,2,1,5.739209992742817e-4,0.9994260790007258,2022-04-01
2022,5,8,ANCHOVETA,140000,1717.598,1,1,140000,140000,NA,0,21334.704000000005,0,21334.704000000005,1,1,0,1,2022-05-01
2022,6,8,ANCHOVETA,140000,582.977,1,1,140000,140000,NA,0,11694.585000000005,0,11694.585000000005,1,1,0,1,2022-06-01
2022,11,8,ANCHOVETA,140000,2157.399,1,1,140000,140000,NA,0,20782.02100000001,521.786,20260.23500000001,2,1,0.02510756773847931,0.9748924322615208,2022-11-01
2022,11,8,JUREL,245000,460.799,1,1,245000,245000,NA,0,2569.584,802.2579999999999,1767.3259999999998,2,1,0.31221318314559865,0.6877868168544014,2022-11-01
2022,11,8,SARDINA COMUN,140000,852.051,1,1,140000,140000,NA,0,10296.299999999988,24.244,10272.055999999988,2,1,0.00235463224653516,0.9976453677534648,2022-11-01
2022,12,8,ANCHOVETA,140000,22.916,1,1,140000,140000,NA,0,22.964,0,22.964,1,0,0,1,2022-12-01
2022,12,8,JUREL,245000,1804.84,1,1,245000,245000,NA,0,55366.634999999995,44259.238999999994,11107.396,2,1,0.7993846655120002,0.2006153344879999,2022-12-01
2022,12,8,SARDINA COMUN,140000,121.379,1,1,140000,140000,NA,0,159.709,0,159.709,1,0,0,1,2022-12-01
2023,1,8,JUREL,290000,12740.93,1,1,290000,290000,NA,0,97698.62099999994,80260.95099999996,17437.669999999995,2,1,0.8215156997968273,0.17848430020317282,2023-01-01
2023,2,8,JUREL,290000,21805.724,1,1,290000,290000,NA,0,116303.83099999996,110197.18599999994,6106.644999999999,2,1,0.9474940339669464,0.05250596603305356,2023-02-01
2023,3,8,ANCHOVETA,160000,5684.968,1,1,160000,160000,NA,0,35170.895,0,35170.895,1,1,0,1,2023-03-01
2023,3,8,JUREL,290000,1290.983,1,1,290000,290000,NA,0,95194.034,95017.979,176.055,2,0,0.9981505668727098,0.0018494331272903,2023-03-01
2023,3,8,SARDINA COMUN,160000,23587.057,1,1,160000,160000,NA,0,194610.7549999997,0,194610.7549999997,1,1,0,1,2023-03-01
2023,4,8,ANCHOVETA,160000,8346.734,1,1,160000,160000,NA,0,46107.68399999994,0,46107.68399999994,1,1,0,1,2023-04-01
2023,4,8,JUREL,290000,5806.167,1,1,290000,290000,NA,0,93114.64700000004,93026.96200000004,87.685,2,0,0.9990583114168924,9.416885831076606e-4,2023-04-01
2023,4,8,SARDINA COMUN,160000,8931.275,1,1,160000,160000,NA,0,96459.13099999996,0,96459.13099999996,1,1,0,1,2023-04-01
2023,5,8,ANCHOVETA,160000,4273.753,1,1,160000,160000,NA,0,40398.37399999994,0,40398.37399999994,1,1,0,1,2023-05-01
2023,5,8,JUREL,290000,15996.909,1,1,290000,290000,NA,0,91887.029,90676.806,1210.2230000000002,2,1,0.9868292291831527,0.01317077081684728,2023-05-01
2023,5,8,SARDINA COMUN,160000,3444.954,1,1,160000,160000,NA,0,38585.39899999999,0,38585.39899999999,1,1,0,1,2023-05-01
2023,6,8,ANCHOVETA,160000,2334.221,1,1,160000,160000,NA,0,24925.789999999983,944.661,23981.128999999983,2,1,0.03789893921115441,0.9621010607888456,2023-06-01
2023,6,8,JUREL,290000,4613.623,1,1,290000,290000,NA,0,78410.46100000004,77007.56400000004,1402.8969999999997,2,1,0.9821082929228028,0.01789170707719725,2023-06-01
2023,6,8,SARDINA COMUN,160000,525.281,1,1,160000,160000,NA,0,7921.475999999999,638.999,7282.476999999999,2,0,0.08066665858736428,0.9193333414126358,2023-06-01
2023,11,8,ANCHOVETA,160000,2089.618,1,1,160000,160000,NA,0,22648.110999999983,0,22648.110999999983,1,1,0,1,2023-11-01
2023,11,8,JUREL,290000,3132.814,1,1,290000,290000,NA,0,38833.76500000001,21617.58100000001,17216.183999999997,2,1,0.556669717705713,0.4433302822942868,2023-11-01
2023,12,8,ANCHOVETA,160000,312.398,1,1,160000,160000,NA,0,3442.1889999999994,0,3442.1889999999994,1,1,0,1,2023-12-01
2024,1,8,JUREL,300000,20710.696,1,1,300000,300000,NA,0,143748.72700000007,117458.11900000006,26290.607999999986,2,1,0.817107194277971,0.18289280572202893,2024-01-01
2024,3,8,ANCHOVETA,190000,2137.582,1,1,190000,190000,NA,0,33588.306000000004,0,33588.306000000004,1,1,0,1,2024-03-01
2024,3,8,JUREL,300000,9308.235,1,1,300000,300000,NA,0,104545.81199999998,101778.46599999996,2767.345999999999,2,1,0.9735298244180264,0.02647017558197357,2024-03-01
2024,3,8,SARDINA COMUN,190000,3112.291,1,1,190000,190000,NA,0,51741.52300000001,0,51741.52300000001,1,1,0,1,2024-03-01
2024,4,8,ANCHOVETA,190000,1276.102,1,1,190000,190000,NA,0,19913.721,360.381,19553.339999999997,2,1,0.01809712007113085,0.981902879928869,2024-04-01
2024,4,8,JUREL,300000,19174.806,1,1,300000,300000,NA,0,122618.51999999987,120360.37499999988,2258.1449999999995,2,1,0.981583980951654,0.01841601904834605,2024-04-01
2024,4,8,SARDINA COMUN,190000,498.119,1,1,190000,190000,NA,0,6700.027000000001,128.686,6571.341000000001,2,0,0.01920678827115174,0.9807932117288484,2024-04-01
2024,5,8,ANCHOVETA,190000,3197.828,1,1,190000,190000,NA,0,35467.74000000001,459.7759999999999,35007.964000000014,2,1,0.01296321671468212,0.987036783285318,2024-05-01
2024,5,8,JUREL,300000,9106.494,1,1,300000,300000,NA,0,84925.71699999996,83259.93499999995,1665.7820000000004,2,1,0.9803854231810606,0.01961457681893932,2024-05-01
2024,5,8,SARDINA COMUN,190000,262.32,1,1,190000,190000,NA,0,6134.688999999997,265.264,5869.4249999999965,2,0,0.04324000776567486,0.9567599922343252,2024-05-01
2024,6,8,ANCHOVETA,190000,47.861,1,1,190000,190000,NA,0,2342.348,0,2342.348,1,1,0,1,2024-06-01
2024,6,8,SARDINA COMUN,190000,2.792,1,1,190000,190000,NA,0,410.42199999999985,0,410.42199999999985,1,0,0,1,2024-06-01
