year,month,SST_REGIONAL_Reg5,SST_REGIONAL_Reg7,SST_REGIONAL_Reg8,SST_REGIONAL_Reg9,SST_REGIONAL_Reg10,SST_REGIONAL_Reg14,Chl_Regional_Reg5,Chl_Regional_Reg7,Chl_Regional_Reg8,Chl_Regional_Reg9,Chl_Regional_Reg10,Chl_Regional_Reg14,Wind_Regional_Reg5,Wind_Regional_Reg7,Wind_Regional_Reg8,Wind_Regional_Reg9,Wind_Regional_Reg10,Wind_Regional_Reg14,Wind_max_Reg5,Wind_max_Reg7,Wind_max_Reg8,Wind_max_Reg9,Wind_max_Reg10,Wind_max_Reg14
2012,1,17.024534916385047,15.958773436265126,14.795716313599025,13.50959340198296,16.912286526012807,14.119000592977656,1.3003929472720894,1.756637970303092,4.44435032461894,6.261241107189115,8.189081599148764,3.2964464458352083,7.060207103680506,6.002783584640141,6.030405856426803,6.2424720600166275,6.0835386376521186,5.571366152935131,8.792609633935001,8.108482589357715,7.859063967323273,7.8365729345312225,7.914259094281348,7.358852603226714
2012,2,15.618479172972128,13.838228052899499,14.42879835738546,13.896762992504277,16.070134871848055,14.60258587083683,2.053100221572708,2.4687362754152096,3.3472063530840246,3.4506694244319744,4.865111023906972,2.3932398796050838,7.814118124642443,5.601589864022586,5.873971982520215,6.023743251348253,5.55279416558206,6.873681245283695,9.561318183951988,7.3793401753046455,8.222679920175846,8.233223749035497,7.432705288484007,8.808487452245465
2012,3,15.146481467425943,13.618770334088515,14.223894510824907,13.88539783508637,15.020052799309093,14.520536385921927,1.503410665365103,2.51347543820086,4.582156189324977,4.095457290411301,8.652600197864516,3.1573471831928255,6.151968592924904,8.556071480480913,8.812925412967449,9.128564989010307,9.58143434265426,9.639028515921444,8.103983658452574,10.78541692465488,10.855716753265769,11.100395619325205,11.453388161518763,11.884673116302926
2012,4,13.949639379512519,12.36367653897032,11.860429588189492,10.824776461394503,13.29018372860737,11.956956702657044,1.1669242081634792,2.0667346502152184,3.42693361326149,5.222283923105588,6.532497831535364,3.4368911978281704,5.828264923337406,5.298639482523013,6.857999899357003,6.520228666762916,6.3743523755173985,6.049328880955022,7.868091457634098,6.890703756736631,9.228051235073886,8.837467720778983,8.337104554823165,8.024744655115681
2012,5,14.680004573817696,14.734588404666752,12.720221141815445,12.71185605486314,11.703783745967574,12.90467859927982,1.0712838574816677,1.4540159362989538,2.4861202220771643,1.0467771801332664,2.052829818878766,0.944796754199704,9.568442705691352,10.017091039921688,5.566974041281394,5.337968353168522,7.700370303801166,5.876334742184098,11.691314218116254,12.252261705579832,7.953560604693507,7.477642780816449,10.433899501997885,7.867132520759005
2012,6,14.214192130509764,13.802879597619176,12.256775485982116,11.590790285565891,10.17346569201909,11.557337286794448,0.8168887767664813,0.9576343455995767,1.2064728273969196,1.3490977217339808,2.7352608819420063,1.0508215174939248,7.29560521245252,6.072660309238468,7.791726513430208,7.238795608509298,7.227409774332734,7.191538711608503,9.444428514498437,8.270604385224726,9.788424794872862,8.953081469811167,9.0524827133914485,9.116272773222352
2012,7,12.866853657539092,12.415744474217776,11.49877413156588,10.762920906541929,9.55057443136109,10.495371764896886,1.1163649768919073,1.1296323613074137,2.608473053677876,2.2740874087683096,2.462955122032696,1.6944064709293203,8.271667407900399,8.454746228661609,6.623198494573424,5.110056343863884,6.966439823423915,5.089310354622567,10.265103883491388,10.39346842315967,8.757823300621993,6.9850554487184935,8.761192938867763,6.763594634805333
2012,8,12.361167370567038,11.57930662167529,11.054142612598781,10.614637129827432,9.879031530070689,10.6705447661724,0.8181178914906019,0.7529045962685907,1.8478804812424283,1.4861813443772498,4.380702228400621,1.2909970177071435,5.583168121510884,5.654794474936153,7.614961336573437,8.49901131526385,6.188157897779305,7.374998831736829,7.617546056955486,7.337963993826145,9.755484360624454,10.625661814722571,7.915111996732662,9.746025049106674
2012,9,12.653295498155057,11.902979632280767,11.936941782041238,11.340833011711947,10.892444474203511,11.152439604962574,0.9939412328610082,2.422274102385581,3.869733278982185,2.4542666164300746,5.267136519448368,2.057107691820091,5.144862125606126,6.484077915506259,6.587973329492103,7.357475837179267,6.6058858903583015,7.0870202208386734,6.634320284744152,8.221076969304491,8.239538473697847,8.705253401701057,8.160008263313664,9.033289095833483
2012,10,12.88255543064987,13.183540948516418,12.602046754067906,12.032790916198264,12.005792946524677,11.739343851405343,2.3697928227706764,1.9501993509565085,3.936036180356583,4.593151390138599,8.436367790892941,2.3998099257335013,6.942094010149394,4.9484298700694325,4.791258709391556,5.784768507936589,5.3884720685093415,5.436557651097305,8.836286985999784,6.556681076552412,6.7863370549521225,7.682387518236315,7.256300092942289,7.676813949341014
2012,11,14.209464813396334,13.593353075534106,13.162463578051673,12.171084483456799,13.416100555378943,12.178695575312219,1.6147887572462176,1.4963134614398144,4.673606539657094,5.89374933671699,9.5573666959646,2.209968297736104,7.941569998863719,8.406893829939474,6.137944331741862,6.341873104534339,6.991164953519532,5.989157118408033,9.851827691388802,10.2364434050744,8.19651309167254,8.42746895008956,9.071180456372842,8.025047477169357
2012,12,15.603474488106347,15.294887892451257,15.152736381542113,14.116583666013133,14.316462510625922,14.263195164498132,2.1336158420912823,2.6916260491998747,2.8349817287986356,1.4396959912857823,3.8989264742884253,0.9555995643695643,7.832418785839193,6.207533133504855,7.5054968361144665,8.344622431069304,6.342504614307051,9.926896333292811,9.532788681960733,8.376998578458435,9.247376597244694,10.20975517225958,8.151491026254199,12.262020046248177
2013,1,16.139605449422472,15.014071991847407,14.062866605351454,13.422732309520905,16.44207833442957,13.743404027406811,2.1118328495300513,2.761635075266536,5.309593061969434,9.638753894737484,10.32900099342732,6.695941440367253,6.746458288386775,4.725238239643732,7.341195604474525,8.131092777479791,6.0494318033120935,7.864929572346778,8.653507098019615,6.628242850165883,9.423369893551136,10.007699119670692,7.843655261709187,9.853310644481532
2013,2,16.377655114629306,15.410332991209412,14.190594317575732,12.709317472156338,16.400142169673927,13.096334375331507,2.777150597265631,2.0353251488228876,4.286599754468495,5.797804699319493,7.224511860443096,4.143517823060021,5.887014055375286,7.2189857697119235,7.537686762928126,7.574008612764278,7.574558463521687,7.066151719226319,8.015566666275078,9.217546061614462,9.344268935390689,9.16844950181121,9.390427932858794,8.972783722620832
2013,3,14.140415176253525,13.196059444198205,12.647870166347392,12.692228469299152,15.26871909099,13.29506303310974,2.57508834364202,2.3530962194272695,7.109134041528673,6.499353765134728,10.377617429146131,3.5200008984829845,5.929794506848264,6.8264245102453645,5.8406973200045735,5.2123370617223115,6.114435740991562,4.953027688075934,7.742221557362973,8.896533117825125,7.97070275274772,7.344112738830066,8.133177794651338,7.104547823510688
2013,4,13.756433308543638,13.573347175307571,13.337543130537066,12.574240859923885,13.756902954494581,13.295482011128437,1.9689356867086005,1.2728978629258496,3.4500261491524618,4.631792923926361,10.990489224336486,2.3595404845084724,4.635920655757805,7.624333082548383,5.353237012358176,5.075924569875406,6.606053180676288,5.735150169801393,6.649871399533978,10.01979689997177,7.600082294175109,7.079484928773935,8.899739204449473,8.171745328545056
2013,5,13.975689060340125,13.129027343054693,13.679022215621051,13.079746841573186,11.88751042333822,13.343277529426329,1.3351650823846797,0.7688566875654784,1.3121297778959558,1.0621794898728651,3.7627606880291378,0.7909226927734939,6.296072595234656,5.688493362201293,5.636640953753655,5.485261323789406,5.653154095905623,6.709971557680386,8.049939716886408,7.675856258719011,7.8852898948129475,7.544728482150301,7.699143429541668,8.855107551117761
2013,6,12.062795910704882,11.725342578906567,11.643578846738315,11.564355152682401,10.849905232526362,11.732196856607848,0.7537167182031237,1.0097103883094565,1.5336673194045147,1.8509435649330497,3.099298888931423,1.4553470135899187,8.252962486833813,7.756182951599916,8.559884458099928,8.956437000951539,7.965971788925063,7.760403234316285,10.287657904324622,9.688486553510124,10.506691418137217,10.79858842475262,9.772175333083391,9.527309326012993
2013,7,11.987188633456226,11.474114898261764,11.152746220768682,10.84730704633459,10.03975660376431,10.785699035972357,0.6876098134086479,1.0929352588883343,1.358041554338046,1.7167105374088119,6.652035258641854,1.2173306431184503,8.993262414902958,10.198728262125726,8.327946297529174,8.14114269744239,9.058529342887622,7.646793871562363,10.88316026587565,12.564937748187061,10.367887468846359,9.79641633026702,11.112400435563615,9.378927882284996
2013,8,11.738468688266773,11.328701092020399,10.931208535261618,10.40832782197263,9.771431797814946,10.361471370371515,0.8573784429842568,1.3107806721220794,3.0247543406261945,2.1040316257154674,2.4272673859084035,1.5672213637881067,8.645626822427841,6.9446610907327955,6.228603928140101,7.203342294867892,6.660274544490414,7.955910312565564,10.502161301079296,9.198434373592638,8.348180253868398,9.177274646226435,8.841033683965485,10.063643857920955
2013,9,12.284056630125269,11.873732727393508,11.296854508711169,10.813944679428824,10.369724461669103,10.598066213310641,2.1684673241535086,1.7060498008956757,3.19926528134173,3.655187272962439,8.017840187424278,2.20359839697876,8.081005664087556,5.537999072188686,5.894664765684418,7.15895306690417,5.766282291831647,7.862110276244339,9.849601845980523,7.471254231725768,7.7408992815377875,8.957478166665458,7.387305230930385,9.790300757014743
2013,10,12.117098052430176,11.934334348887205,11.74298129817725,11.432391173506696,11.892693647604075,11.309626676156354,2.9090429075516253,1.8510879921607826,4.7994986688268995,4.61583564785837,7.95379112088547,3.475519488505847,6.714494873824855,6.156990788027846,6.637796737277979,7.134217518830433,7.15610819013872,6.8452210630005075,8.341484893435855,8.038353898054497,8.60204913027131,9.012246938729682,9.01613474033257,8.939633778016052
2013,11,13.236693937098607,13.213833708502353,12.747883475543215,12.31525010727346,13.147678735572844,12.252903664802366,1.7235616558403881,2.258078520574105,5.561183950610071,4.423411266815173,6.025934174044664,2.5006540670328903,6.403437774821981,8.164256408394348,8.27303188809572,8.612240006786541,8.576307917935498,8.149965089474625,8.352317936869023,10.333430651953812,10.403136574591407,10.651883996132348,10.514369531932314,10.709152667274887
2013,12,14.638163205131047,13.124482382239114,12.616652161372876,11.959102006201002,15.1720072471747,12.542563454960199,0.8612981527607573,3.0199839892618767,7.278812738952297,5.674233125807899,8.887153101017338,2.108368158216244,4.334735146523958,6.187200631526021,6.319683121324654,7.05059580827755,6.6640475020130125,7.397089075185847,6.103054628896453,8.25557896234967,8.256742562528864,8.911430734837682,8.40024807172535,9.414308100227387
2014,1,15.676061778359356,14.003839431901373,13.320785023900623,13.397032525044896,16.32921776901029,14.638395278995585,1.188564591652746,2.5296456008142196,5.683177185637467,4.9941060419370364,9.142417499621672,2.330326850148552,4.739733095318891,7.0565494605487595,7.369147254469575,7.48436705414489,7.493550435114649,6.715224187878861,6.474072625037023,9.493389245296864,9.399059256252201,9.284993948488163,9.571397434811912,8.620303397385198
2014,2,14.629910761091326,14.233036801451817,13.495417758991307,12.985160382231697,15.948181937165957,13.887688044881244,1.9045004035154032,2.8171755931236677,5.480864799406658,4.637213172057386,14.775156009982139,1.600289223619512,6.5856388720489445,6.96867708862465,8.151354568315622,8.660164394214178,7.508872097185242,6.982695325659864,8.523112126678122,9.165860003861036,10.181883489528769,10.348030391163567,9.505414262850215,8.610259243789464
2014,3,13.646761057748188,12.655286223807883,12.127348479452005,11.727108419241924,14.894617951685383,12.934085123113709,1.6569278046328535,2.1095676542727455,5.22129774234104,3.1000417417675425,9.124892831417517,1.5864881276453202,6.529133241498013,7.177993973201828,6.738190121297619,7.691774842318254,7.3413389826317434,6.844641234941648,8.488098375384531,8.93016063244442,8.538127127405573,9.379603934144237,9.346133428260458,8.70778631711111
2014,4,13.244791514938697,12.240141342766583,12.428685239530527,12.033127850387245,13.105143393483013,12.617608828733072,0.9189779049038519,1.4267412011592109,4.137927060479738,2.781501417319295,7.240722774725423,2.0711520629844817,6.351767117940673,7.095251734375711,6.044764408026865,7.388576387175849,6.538882106100783,6.418347682079022,8.7060690520304,8.95273810218697,7.9995584568430536,9.224472899400487,8.473174715234668,8.428377576862099
2014,5,12.728751003246513,12.393233299706012,12.293166085874324,11.991566562859882,11.438041035626684,12.237768325650714,1.1100918197094183,1.118476370387358,2.178365362671115,1.9739437141335061,5.97945204427219,1.511964856801937,7.492295101551406,6.50005358428331,5.881731735877347,5.789925702429346,5.216298971611058,6.4308042201044255,9.780567617072744,8.548056694989596,7.936903617638525,7.5705422339269015,7.148582387478814,8.522977603500808
2014,6,13.738814973039553,12.788170694280415,12.134329440129491,11.724419393995777,10.54504075194709,11.944324912076048,0.9311120634829556,1.1699334738722431,1.6775417360763951,1.7508005855585296,2.7822606097045552,1.3684852093351507,6.581536377886161,6.488190179801704,7.708535877211983,6.091187199009869,7.298203235981962,6.357151709699529,8.470970135721318,8.396646709635,10.328826375616819,8.171786257503152,9.54392252023207,8.61866233010171
2014,7,12.182262945845123,12.041829399373983,11.655773300058197,10.953330563208569,10.115731284487993,11.059224912083833,1.1690325162583781,1.5046792307223982,1.7536176111656798,1.294984708135281,2.6506339891233757,1.2946406272472106,6.058393707836329,6.966812549203402,8.177540658463755,7.147844823657658,8.338100313452912,5.4732754914550785,8.185418804834095,8.993661818946398,10.587018013354369,9.313276094148383,10.518336206915997,7.397079974757437
2014,8,12.329503924781156,12.190014483166799,11.815307907487448,11.215792205627828,10.396593126934022,11.120152944575224,1.11355832534238,1.414194209242261,2.290815835761022,2.645394799115944,3.2265905931500924,2.8246335925303847,6.082018713637122,5.95172273229409,6.423407696122309,6.359342473501552,6.649700055017784,6.325661867677623,8.081538946365546,8.022514327036506,8.177998391101701,8.065026619908933,8.45754091709822,8.063478369111936
2014,9,13.323506380431354,12.883844865020365,12.35127238210004,11.952949622366578,10.985807546041906,11.76162100821076,1.9915781561791162,2.5439230890277726,3.6056262509029144,1.5868301809839314,4.128925864863259,1.3812775057826019,6.017586408879119,5.824439578436806,6.146630020809606,6.850638535326662,6.690335499439308,7.253036236160085,7.885141726701452,7.644674992985101,8.030162521501833,8.900603437480656,8.627765675511059,9.268667564142675
2014,10,14.108521364944716,13.264675226272836,13.151103231233195,12.70999614860592,12.08737597763238,12.54284802413558,2.3727079102215374,2.5460172222726185,4.303503943449831,3.0183025906143803,7.496754426589642,1.9890877775274998,7.420351867879708,7.156023061879334,6.686254252593593,7.921620828452761,7.509815335142591,7.2180478825640275,9.31019723546474,8.934338819915846,8.373349805006592,9.6858285109694,9.27051895422206,8.914182593105988
2014,11,13.440796133223921,12.892578584235162,13.166100933832618,12.829028450860642,13.523612008197233,13.122154829530594,1.667822985213112,4.938667727475641,8.523876354087,4.586551977191416,6.089854451342716,2.333624789871593,7.105793415789389,8.44373555568367,6.780750365389313,7.3335669331947395,7.185994960404028,6.689469421255131,8.78134794049004,10.162312059760321,8.575943340987928,8.996440124489435,8.883732816908285,8.361188753519123
2014,12,14.47196580172186,13.20821237407865,13.497933793286087,12.980320491197128,15.22836837100406,13.67188126561665,2.037497411180497,6.856763071963235,8.70602514194131,6.420930897276247,10.716725794152245,4.213096440279821,7.067577571009826,8.376295092554429,7.31372433635293,8.087639791552201,7.674961853126971,7.524184896339209,8.743385999981397,10.167171266576625,9.257202829865495,9.900870836411766,9.468342735225265,9.469529563876668
2015,1,15.683511248068704,13.724589163647785,13.125846035709193,12.99415866629551,15.89660920145651,13.679616057329884,1.546490399249281,3.396021316212957,7.73328910847928,4.626664597195842,8.42723407773686,2.4878310991651373,7.576752964514255,7.843774224188918,6.168148623112827,6.8386465134356795,7.095325525299531,6.3935757939454225,9.336076959095596,9.61253389225656,8.004756008652954,8.750375320654536,8.979576835458849,8.348455109612727
2015,2,14.481027302698099,13.309078391774424,13.12357060058595,12.294600357326479,15.901305143338893,12.757195387430833,1.3232791752322877,2.994815424775353,6.349175298380216,4.137934632620472,11.784490509980994,1.8413533208039807,7.307623530618183,6.637214147433503,5.791323522953508,6.562146556952792,6.338346038601428,5.452347679951629,9.18924996826037,8.611198198246642,7.861904547385442,8.470445003402615,8.272524061257458,7.187746823372352
2015,3,15.313870077171634,14.073088555086043,14.642687727334371,13.41917198083003,14.81193231636538,14.292895638908789,1.173248614092205,3.138131554393162,5.173987178094823,3.682129445718959,9.144679820010838,2.1311583541081665,6.05686424614982,5.714781791701811,5.5925811227848,6.190942527228395,5.933144481246809,5.530651121462625,7.970487803602857,7.962418705951007,7.6349059210658465,8.104195852556387,7.856967670897063,7.375803766448489
2015,4,15.776391394576057,13.710947674326599,14.144466330727132,14.259476766432636,13.500642421608791,14.805943575249437,1.5317225234835972,2.52701528403954,4.4517022689940635,3.4169058186627885,7.703774607243891,1.8450267205743534,5.609969159549013,5.738893672706884,6.4440290726531035,7.3335715962664425,6.209929370800402,6.043903740903598,7.3775443236971325,8.096127522250697,8.651945354936515,9.434666026558757,8.298785104913845,8.362157265869778
2015,5,14.90211336323691,13.871295904590477,13.164207308703373,13.64066990782627,12.04894743150761,14.337201565440454,0.7921878005263341,1.1347459527700605,2.2643653693493087,1.7298818119432964,3.363535473141145,0.9693422945107628,6.378997542797648,5.787342109710764,6.527840079060266,7.26215282316866,6.815701143349061,7.573560258910111,8.237277910769208,7.691147586519857,8.63433443685592,9.495512637438747,8.80802954742668,9.907714849534566
2015,6,13.23939635111019,13.308142684586347,13.003869104714921,13.008768738177604,11.055951457703486,13.271643823878291,0.919333405341999,1.2021101325842334,2.9705559703793116,1.7231434042669005,3.7727943647418436,1.8011782205799567,8.04006865044367,5.004565457394747,6.8816992826940195,7.013278047492471,6.3260500192950895,7.810332466248641,10.078169642142047,6.479881596654536,8.897100843396904,9.219146813736817,8.05740456474381,9.69730387482009
2015,7,12.153556349837492,12.463354005268023,11.846701519531441,11.598572579310126,10.464353078120057,11.82349502183921,0.9435531581655198,1.2488674159599034,2.0709056184706087,1.3873875201162365,2.593709220921372,1.319613209007229,7.631708191987251,7.3706411607314,7.366142571634314,7.1278696462911935,8.611790229508138,7.330606383645674,9.441818748835354,9.514154108920877,9.724528117048044,9.493044013293204,11.079511834006148,9.833636361086997
2015,8,12.68907004968834,12.396289744834986,12.229365685825275,11.667550809703947,10.455335022656307,11.600658942173029,1.0742562702960439,1.3666843312786174,1.598196847804792,1.7724852876168333,2.112438363085641,1.5239983274576743,7.354713825198082,8.164429807762364,5.843519847731886,5.705739333672368,7.908432215138748,7.58323468684341,8.884025739825592,10.218929659178533,7.793506372522183,7.747951912473679,10.056839934246376,9.977055411624804
2015,9,13.293977687973529,12.688857360836119,12.036436889134347,11.527781770960427,10.610088920267298,11.502654221566285,1.7896535520108394,2.1809554290003432,4.053116610487465,4.8885922258374865,9.24964148294789,4.18069216348799,7.28749916998262,6.469282538827281,6.54212792162619,6.136860614312388,6.572056871248215,7.744260535648659,8.8837454040912,8.238143450466774,8.623414202211489,7.948625792984398,8.346385102841278,9.9504203979113
2015,10,13.989605992882241,13.678193809855129,13.08161077462599,12.352182376821856,11.715658071390804,12.170575949248542,2.724019510513494,3.275395619949643,6.246540098956309,2.399780698271284,11.840798036466113,2.1744041755034287,7.386992857529774,6.193445422001264,6.69708088276012,6.080265896394952,6.354356439850578,7.860628911977458,9.400136720809375,7.968629460652477,8.720536670382476,8.017600424496765,8.214706792943346,10.20988100437126
2015,11,14.350744657823816,13.833371657691895,13.580372910846311,12.84695044553373,13.113125679176301,12.82999970242381,4.80651864628365,4.345316415169725,5.7527628063478895,4.936559267951146,10.076806662569174,3.3571456282569163,8.412240590802647,6.871367877338178,5.81661306675358,5.938446072503986,6.3774363067774775,5.889399244891787,10.2878789033119,8.680454658076064,7.872386843370451,7.744592853944355,8.206938854746975,7.6866518811855125
2015,12,14.979294181395803,13.66040906643555,13.419844199822425,13.541920625349327,14.487510224023174,13.876354120717696,2.4984157560493356,6.820504426106081,8.970274123937992,6.397863056005207,9.505419475626905,2.586208685261103,6.180071586193368,7.505735352371169,5.787359592064063,5.429080214208104,7.001367971461036,4.495184535931024,8.054496120239417,9.520847476743882,7.568120300448386,7.1660968192551655,8.663940913376107,6.113623229655559
2016,1,17.375132045152807,16.51207565332973,15.5776818624418,14.643962706394133,16.757837272038863,15.141690437856928,0.8398238391957047,2.3652789633129903,6.782417231594483,6.725525856481582,16.649288127107884,2.7931383586011824,6.640811582981293,7.893795738726231,6.804520899597863,6.595532669390143,7.195982002386692,5.6964936193413935,8.43822278508147,9.732399241158157,8.681667334510342,8.31736699668996,8.88044256519468,7.714127657356376
2016,2,15.461670335799713,14.394312127718123,14.021131921752259,13.898583053265988,16.879364896116073,14.97159327794826,1.4223838229764774,2.8806329744365646,5.801067185140249,7.9657083829109405,11.896593881581385,2.8284920094114177,6.7065349559632486,7.272099741639239,6.5275002959419854,6.775454565083673,7.020181961224336,6.006371259649282,8.499643512310728,9.261565096795767,8.552440154296605,8.743457270251273,8.899469843408058,8.169089220408237
2016,3,16.086012485662415,14.242125984731942,13.01024607091532,11.943759071693245,15.134664077071413,12.945151354696963,1.018900719301034,2.852057188354679,4.783642873846375,8.594646510183125,12.977250754209871,3.7288792045240937,6.042728719646474,6.097927926574487,6.257397991322295,5.59451193432317,5.990987456651076,5.480432690091371,7.802419417110169,8.635565519658847,8.363718077130898,7.562417472045612,7.81340228693374,7.5372077465057625
2016,4,14.245090595399962,14.156524015963077,12.567266864759418,11.871224868879654,13.07821843852289,12.326751635881031,1.5884251714120676,2.186178278040003,2.273138262439903,4.774946399397715,8.800347411953005,3.4542075130337175,4.01290921843397,4.906001099586208,4.96234772916299,4.6619984436654915,4.861667419607452,5.37104088351874,5.6713681386545325,7.387586151696992,7.106292055145137,6.395784640287586,7.090665108142535,7.647878519127204
2016,5,13.947554440267625,14.291673933366134,13.53527131589319,12.933570318712643,12.08599001070064,13.175172545447012,1.5901865784608478,1.6004361493052335,2.312498620313834,3.1904981262959002,13.037544714226902,1.660823335032206,6.140019903498818,4.602903108647832,3.8831202325950143,3.747468794974901,4.402591506351583,4.935566864630089,7.82472677498433,6.456801532519014,5.458169709275963,5.212810682809518,6.04452329963796,6.913230122615707
2016,6,12.911699278140441,13.079924253653735,12.720149895090323,12.4086001239717,11.20932680470869,12.753479746082688,1.1980848713007606,1.7461605134753533,2.1212451629751996,1.225295301772181,5.837992207838721,0.886482731096094,6.5196029690991315,6.50998834479649,5.464590553519893,5.396774570522109,5.886545723950728,5.415004404756833,8.457699474241911,8.57255947401703,7.597123992851458,7.246026597971788,8.095587577832507,7.283784295439206
2016,7,12.379240234968282,11.892526288036137,11.478890988767775,11.327568215415663,10.810284812814526,11.506746597326515,0.938874729493969,1.1188311603310477,1.4761416192636039,0.6800209103515529,4.3424705746574235,0.4988582671131387,6.505519809777078,6.410208533528128,6.248123649040715,6.874469609204065,6.359257341526099,6.1445068434784655,8.589887396083785,8.94529201308484,8.627646266567725,8.999766650824062,8.670502142391966,8.08377758273954
2016,8,12.606988549592995,12.388973178311941,12.05176193615602,11.22379814590057,10.88237445446993,11.274061783501416,1.2325870948737951,1.321997841123576,2.3262561188929336,1.1504383650005123,1.360195219132228,0.906493379595127,6.453739724281286,8.67084367554079,7.886114461612869,7.302313041488156,8.03668440713462,6.730428248406873,8.24972540062065,10.775841514653173,9.686679198029628,9.16167732816801,9.912594587572094,9.007073524908826
2016,9,12.679252507723868,12.83119399342686,12.37436142007892,11.724657438369467,11.364902366697788,11.647816409356892,2.0139609660723328,1.7412438791544165,4.562682948905312,2.1116445708546845,5.712588685833868,2.7837428901763097,6.677048646749009,5.964004095086126,6.014558836891043,7.330724784815334,5.84934808843926,6.740357644481836,8.461870596619992,8.297060320694907,7.91653436010118,9.353485716219677,7.816819603188427,8.996232342127342
2016,10,13.399509446650383,13.625615996729222,13.232296290222749,13.026859495285597,12.627911284911416,12.793653883386325,1.1997991298707014,1.8166171872757646,4.172293550551705,4.2313366133282875,4.7822460308416685,2.7438859803008144,7.140609324508074,7.756748225430605,5.254535320421671,5.705185925052858,6.150303651230532,5.828766294523918,8.960580089932122,10.064113740450447,7.03718343474475,7.465734692300773,8.155587236468557,7.886328226020442
2016,11,14.023397530429065,13.470006415899842,13.485747116116377,12.634647671598941,13.843138258904219,12.700721860238735,1.8447379567832858,2.6974229887495804,4.291711870861426,5.7868556650522995,7.147144383045779,3.77299181466132,6.010339638007541,5.982811654481075,6.964306232434714,8.162083287990924,6.774277295795665,6.947603575823552,8.326438149727283,8.015816755345666,8.985903199677407,9.895099993216744,8.906440816146725,8.716881320454222
2016,12,15.861289933579222,14.207636787496027,14.4889163473071,14.282770978624843,15.607644366596135,14.407697237508488,1.1321286514864315,1.2921690027945691,4.0649879732012195,5.122201132506544,4.344598519395722,3.476567238911819,7.121302539372056,4.897503904163858,5.660734000435185,6.995105526520134,4.908366791004045,6.9167524361912935,9.18559960994229,6.641888412255532,7.556398765615634,8.834225679497292,6.549432743408147,8.577401875336239
2017,1,15.348984575695209,13.288108519188338,14.397600033225737,14.92203678144893,16.655292947280913,15.706874701662777,1.8600743605066512,3.9881225526369946,6.0886953182993375,6.630554440189525,4.440518812808556,2.633483526721354,7.017417871887223,5.858808510552012,5.333323595397599,6.017349190747534,5.504438182429115,6.132061706168552,9.037491942638445,7.693993680262047,7.24175488773394,8.037509108358003,7.194206166691011,8.169976214636627
2017,2,16.55975252082239,15.19673612347937,14.75604576776623,14.473577789039284,16.81047333871746,16.01103924196057,1.6488721975021892,1.984464212502246,4.140469623694886,6.6188799192803724,5.159902118705186,2.7809285048828447,7.200155336454537,5.390547617921712,5.2257992142719605,5.940243006399661,5.356551895061863,6.558233210841938,9.009891739013575,7.07869381338845,7.470571187050498,7.91564206289575,7.215115274386387,8.651060865444277
2017,3,15.820371995920375,16.076941761158167,14.984708407990837,14.570443617134925,15.895976680736508,15.7850085717557,1.5804091071712216,2.1315797321166072,3.9357266693380075,3.4857597182606406,5.298937013065812,2.2021070550434336,5.975789746519673,4.54788019111386,3.344342282964591,3.90578481956475,3.9715458491117106,5.100893726076363,7.6920925854754945,6.413727427259754,4.94784829229409,5.642683598881277,5.706531235780429,7.274930581242264
2017,4,15.080266737286001,14.464591075014322,14.594789635619293,14.373986028693617,14.671338039077819,14.914882087532211,1.4365933099922574,2.001080632734078,2.893950112669088,3.3153349057943733,3.9162511537862623,1.649072300906502,6.754086399035081,5.381774786108984,6.264154193101922,6.499045174154188,5.518057321486919,5.885562979989041,8.766476208503882,7.86199333768846,8.137737029134946,8.311249436779066,7.518300134142269,7.554304457492077
2017,5,15.13468655575848,14.37905958321907,14.498981723021116,13.990175753764268,12.685061952114225,14.33345560661289,0.8736289285185659,1.22882874666968,1.5997973599031965,1.0804193702235978,3.3098750804116484,0.928109545139319,6.639034406889797,4.437885581967591,4.224962069038224,4.677518989577701,4.76767915782875,4.35241702011881,8.44651534223937,6.391407340608998,6.323145497050807,6.566999664747862,6.849973671723789,5.967911441965238
2017,6,13.562420022999868,13.102366548217834,13.172925455882572,12.447070994018578,11.01962171541527,12.376866259765537,0.8136082964592878,0.9764102548437477,1.6468968922278917,1.0040249098259857,0.9176502282599162,0.7460065371936916,5.94289109175148,6.02564110000403,8.095132332127656,10.509700455397688,7.121350265115211,11.083923585868314,8.530946713147738,8.112616029816216,10.8381293298773,13.663241672420531,9.668884900471621,14.609320162626291
2017,7,13.248574743603147,12.686746869176146,11.903288178335385,11.573866615327255,10.43170516428748,11.64354584488021,0.7769269041823871,1.0933646995497088,1.8468659804728031,1.7602901767149637,2.6951679724118898,1.053629079583692,7.9268893535661045,7.277994998784009,9.19698501427731,8.439482871006888,7.941942150672795,7.342241422213186,10.048404947021691,9.273641064043304,12.182184788944832,11.242021335781132,10.47076951790671,10.227611575361465
2017,8,12.446893863605275,12.302680287990839,11.625042333685915,11.401915734536164,10.357310718856752,11.340441800035409,1.4110897251514978,1.1614899893911805,1.892932818848831,1.186736097529767,1.0400921471430056,0.8276970995929677,7.242512731405876,4.684472557759231,6.167915455762454,5.357014245262769,5.746356157387987,7.820526315552284,10.195825345805792,6.144406108519578,8.215612209243117,7.0835397922270715,7.55330600175971,9.882951865203955
2017,9,12.616927099088207,12.061304233781993,11.68402731086199,11.280414755595848,10.635807715915144,11.16124186116983,1.6353299113519397,1.6228327890390477,3.7762630142933404,2.950532109542656,3.798604059613929,1.7923435039723212,8.060821670781475,7.109411585722253,6.649591083493846,6.819181222701188,7.473214522992027,6.42369059552953,10.527433454433833,9.093796521393127,8.431920541009095,8.464318439376786,9.435760778108035,8.778452381654274
2017,10,12.305544433694694,12.09546978167829,12.179361625572218,11.932567885055416,11.70435522966868,11.732406826269242,4.913724179496474,2.2233288128111455,5.132263309110303,2.3429139161561614,2.4145746271748756,1.6155542023017657,8.004071856755015,6.749058215440531,5.793590472013146,5.618620485549597,6.481066581816292,6.1918546195348965,9.822346775280453,8.479335784591674,7.152184765760124,6.983824207629316,7.915723323052803,7.90679386555393
2017,11,13.359742532623931,12.727679278515279,12.614493046400066,12.858256027358584,13.202611883031205,12.690072695647968,2.508715347412192,2.884777188535642,4.677374512881303,3.2916679381476666,4.888402139570679,1.6981618678825103,6.217810324011733,8.807999988119008,8.820723801163012,9.572655726924108,8.765611543787852,8.593928436524571,8.074962070204695,10.795392652364923,10.772604023104238,11.407433505208832,10.456499458876964,10.437289617732665
2017,12,14.346669600014724,13.19890422869714,12.806856115276997,12.052255326183513,14.854397837793634,12.30221681587709,1.7852292634555658,3.766406575992276,5.4298992082082584,5.720705607035224,2.9272467702722604,4.038385601100665,6.257254754903493,5.88050254427414,7.287419905206048,8.4279279213168,7.0327254187595925,7.51751207494977,8.225696666804259,7.570664714046167,8.907477843277196,10.233803952589613,8.783180801718697,9.200948133273387
2018,1,16.096335125366046,13.642090741334663,13.304964466344002,12.732141511199336,15.62727547983729,13.694394196728263,1.274078117556683,3.4152257730023456,6.950933742199227,6.4887012060868985,4.767884496313736,2.1922476391825634,6.356816408342316,7.766486685646455,6.78514782028861,6.360770889484817,6.932282428248083,6.54393122705269,8.057428869008618,9.704485573172512,8.59320529096199,8.15232108876163,8.750561744836082,8.69084564583849
2018,2,15.485867210381132,14.64531715862852,13.77714150288439,13.118026255438703,16.457501344865054,14.322520255506383,0.9560038930830107,2.1548799368400107,4.594253797872928,4.596618087719408,3.890657378694684,2.681588187757733,5.44771452039491,5.024832784021517,5.54783713142763,5.319739202697985,5.4592779888533025,4.778014505592303,7.101507011631042,6.748766435745808,7.626790128603896,7.191351016392183,7.043843867042702,6.7726715574840854
2018,3,14.888964315771215,14.486430262575947,14.631997822531991,13.500720637595101,14.75621060453235,14.520946735367744,1.393157323530854,2.733512106527731,4.680324267100291,3.0163785122788935,4.852103152805539,2.477746835020482,5.573082873724875,7.103714453491014,7.343879364688255,6.938028630334435,7.584843378226129,7.887749056926753,7.307989527620145,9.265681232448362,9.284999585958763,8.564768311333568,9.552858989606724,9.96879080414176
2018,4,14.862504964973777,13.193118761572986,13.406390587698954,13.197011482226662,12.746897462103515,13.980838691081633,0.911382543038071,1.658182484687233,3.444389778534376,3.859646252093334,6.301707086191313,2.951236180041114,6.157236787519639,6.5230230910135045,5.978356319261833,5.608939468922036,6.809060922736261,5.522747375964105,7.780649110571373,9.451542341850951,8.029305464839707,7.732557081353959,8.904602807359677,7.5840779843136374
2018,5,13.576780146648806,13.78458231825742,12.808907732917527,12.349742865002144,11.469359589440208,12.563590997519004,0.912373313428823,0.9760775722096678,1.5907107163505274,1.2788404544927008,4.71913310979322,1.178212861801484,8.095736775445156,6.421043217533132,5.581308834100291,6.276309010039766,5.666993129935234,5.696085175343725,10.72393543297736,9.088772407171845,7.941464259046926,8.60667858986057,7.791350732013949,7.646056877736738
2018,6,12.33650319725275,11.867868087161332,11.446306362232336,11.045941047510132,10.182016300177201,11.399525715399752,0.6780762909555141,1.1273437231495487,1.9144619531880929,1.1764218619250983,3.116037291530324,0.907946422058304,7.651447780761554,7.187645692092338,7.40061463740991,6.263806848469977,6.658905635098878,5.394123345933424,9.66311911210331,9.171719969795584,9.447317944037968,8.144161244144117,8.501758783222956,7.3121735099793375
2018,7,12.306010579314805,12.113989594572734,11.470466562946589,11.17050322984165,9.736188990289286,11.431754106860714,0.6345488728828541,1.0746059741187663,1.800864496550512,1.7662109149323326,3.8174602663720787,1.2739927892816296,4.808780011731433,6.634442441449032,7.74216449283382,8.205235659984726,7.3008974665279815,6.173613832194119,6.937458002194883,9.345706792276477,10.076030183781437,10.354916802490354,9.675172548070154,8.293785764279761
2018,8,11.223582547398344,11.534811947524789,11.045494884640792,10.958762611773226,10.004217143200579,10.90178553910265,1.1255240492353586,1.2463101984815073,2.3728007116001657,2.0312281344286216,6.54269855167633,1.310596363471702,7.552619362846557,9.548636524626117,6.128216421981095,6.91182865964953,7.55736489956166,7.82640247901146,9.425639866004268,12.120887296657711,8.585567179862915,8.89450158405684,9.842901251194242,9.826845059150223
2018,9,12.189720356930048,11.948550209682434,11.816973540373146,11.358958717435598,10.800939131854102,11.299890680961749,1.5625706345118857,2.0485452531541815,4.860433428676521,1.7173628660184996,2.9870981070445155,1.4329298151047698,6.113432214272866,8.000701579024446,7.3164440060913,6.340996080020884,7.190870011737143,6.362894040762286,8.180942888894345,10.094978650627999,9.277372532366996,8.133593658638578,9.049549867705215,8.099500663722397
2018,10,13.32034541761142,12.421269308895834,12.625723720035948,12.331476798746735,11.50018755001046,12.143305605256213,1.1875968258672147,1.5899660580122805,3.7846640285579687,1.6864344950076775,3.071524637611765,1.5993163136131463,4.5241835299251605,5.840213003784272,5.598556807909763,5.024011000470478,5.952613980065028,5.329373370676724,6.416602594008958,7.726683787351141,7.520583790219545,6.726978727776707,7.955626323210784,7.1062949533801705
2018,11,15.411352890729905,14.088899746350943,14.090521808685018,14.06936552664265,13.328045330522581,13.861052823417326,1.4588635013979159,1.341689101332193,3.0805849400117156,1.5137781625485451,4.53175568061341,0.9180108530966897,6.8334899548256995,7.221222475677514,6.63434011727119,7.024944837170981,6.821166345030138,5.899962830081905,8.841629949200204,9.070681775459894,8.434191722764112,8.899862399611111,8.66686339641049,7.595264295951134
2018,12,15.342607683922735,14.694825740260702,14.072167886994206,13.21603610572375,14.911720622826609,13.500064026362898,1.622927903737361,3.4370117976249737,5.996914319827503,4.008711282451887,4.597138679181206,2.2618583068051885,6.215316360956077,7.402809474292004,8.088104466284054,9.268338123573535,7.917257568389011,8.84001698439054,8.03743536861562,9.144630303684504,10.06549917713723,11.249896767688984,9.60649016806265,10.76753517461075
2019,1,15.56452548654089,14.080865852654942,13.227876767617818,13.346614962969456,15.551972206321455,13.312724737326775,1.3589739403470442,3.32669831658682,5.80692932170298,6.338922968169572,5.4578445135677285,4.7650144884936125,6.433432177038685,5.83607967934664,7.935325198459256,8.554290368132124,6.900867431901859,7.676012358476036,8.14904089805996,7.5282644560940675,9.953001007985373,10.267732733011899,8.802054169060133,9.429537064353385
2019,2,16.67235873602996,14.808406619854006,13.580786231193937,13.258607316828732,16.04474613421397,13.698973635986384,0.8822181190477398,3.185220672614294,4.740291784244862,4.731348277142486,7.587449852425513,2.4802139123695013,4.489059413453734,4.784534197728818,6.102534037183827,6.528441555804187,6.154343284059263,7.342801723742478,6.162789795906498,6.452950732792184,7.997104160692309,8.364588359611826,7.936122799875351,9.475481116080328
2019,3,15.497890290098205,14.288245687471523,13.36462165574282,12.688918441609149,14.474381194074429,12.737609391505398,1.8281674567018074,2.7197110443136774,5.050307885156901,3.886536665680435,4.27654904733113,1.8968831126192927,5.946372748621916,6.940441495694379,7.945663679914859,8.360313058522346,7.887612853592835,6.880832701470256,7.633726544480839,8.956473368642106,9.917459242992349,10.20381773665596,9.748602107044553,8.91228817642313
2019,4,14.15597247867845,13.920778025127948,12.897489130969804,11.889080485794693,13.05565152671188,11.974352971124738,1.6295153951111399,1.6272469871727282,4.025567894997073,2.71672394367812,4.637543954500551,1.2089795746577052,5.256056138459002,5.523425120060613,6.249508542886332,5.9227118293015035,5.673473725801026,6.46250243854478,6.86265649389723,7.438731837436911,8.453310024000503,7.757563925006601,7.582345748618239,8.87085425469892
2019,5,13.111354172680407,12.816403608018112,12.354591219249198,11.771567488464736,10.992243057417292,12.014743228119567,0.8406217826737298,1.1926289617880654,1.703840620644415,1.1638306058786858,4.499578627732536,0.8334442945697375,5.798704277303624,6.99360404790048,7.252517420355453,8.058359748421006,7.166106045404367,8.643171416362735,8.05954008493034,8.841336501040916,9.233770762262713,10.007503131988999,9.201790456321886,11.27475837216136
2019,6,12.807182030193507,12.850853678118437,11.934823109811315,11.73962142651435,10.237026761192828,11.611057762330507,0.7022413332567171,0.9118517374374555,1.1374114831173838,1.0469797700801224,2.3554495146087007,1.06393380665307,7.69518363748372,5.682115897237258,6.143385812010426,7.102928859606589,5.2871071657491004,8.106809772380933,9.892501695316142,7.884162848195963,8.133031825684002,9.219640625904358,7.35110810808826,10.641385507679232
2019,7,12.116695897233102,12.27651837780591,11.206674118228165,11.165499424877305,9.747727283952578,11.068827992510156,0.793378619541689,0.9139333725765968,1.517181077155557,1.3822831715558714,1.5054977600639454,1.2706340814603374,8.549467038945306,6.626087301129084,7.157163919516903,6.3207919054132216,6.762848898009205,5.8072473073546655,10.749563066392382,8.786905323474711,9.420451689499444,8.520888545077883,8.730433502272321,7.960896876241029
2019,8,12.25836084915265,11.908718490312177,11.337388136740728,10.780436808145755,9.788500668886568,10.580338074873419,0.9424500283178748,1.2463515212993783,2.7235061325342125,1.4647612512813615,1.7577025770307018,1.1036274232135699,7.349553191950685,6.185543491307591,6.643446061473155,5.392215955631303,6.8014487905891325,4.968290502703216,9.546016750622822,8.100260129251394,8.903624634066222,7.403627144890049,8.539962989323314,6.795167421738818
2019,9,12.685993029177189,11.961653501261026,11.497331161639439,11.061981576075777,10.124154054000973,10.742077673774432,0.79630836310486,1.2414720622891628,1.8455413615640288,2.1428096154004965,2.0829568019126263,1.2755189245314547,8.39566128397782,8.51439635074311,7.078160245570245,6.339161835395361,7.227798311140563,5.998698559586673,10.117042416157336,10.626190379501178,9.186098128545062,8.412112488673479,8.95144283145949,7.837455869095352
2019,10,12.689194092662223,12.69175912415789,12.590326797365034,12.064835351118218,11.483140173157857,11.6941929038303,1.191879000884159,1.3774519714099187,2.5639191846901315,2.6448553886857784,3.204541694612634,1.7892160829430304,6.229012519178601,5.318473584895427,6.838846351649846,7.435079168454711,6.1371558819455565,7.807103396394394,8.240867351709849,6.8869895778068875,8.709181448245198,9.69118385447821,8.106877028532562,9.941547273550375
2019,11,13.625610631378368,13.843636727891862,13.931102287482757,13.460811951966026,12.94216573657468,13.188197243016432,1.882953330984822,2.7187669468315416,4.2040470605542914,4.158200105212669,4.716422967148568,1.9859182828498747,5.867622525758158,6.261113566057777,5.553558498350611,5.5401544836927235,6.0618430403966705,5.2990187154178114,7.693861565072319,8.090007427054154,7.258757523658372,7.318358017269178,8.023441888660889,7.3431612845720835
2019,12,13.800046670490936,12.871724805434145,13.435676483793308,13.643712652441595,14.890281698095702,13.728961533702472,2.683783116787138,3.553414502811267,6.384509824589234,4.868389350073617,5.244096932459441,2.7391808485613787,7.1610094354457985,8.336106945422745,6.307764939292474,6.751360069569548,6.6993826365683296,6.3466131970076285,9.185892083137183,10.206700267424965,8.047975725222482,8.507312938332053,8.577110803325159,8.220057712690938
2020,1,16.400572177112824,14.532665148076992,14.25784449494691,14.220059133465252,15.758372331353565,13.739375584159733,1.4013310951161841,3.739383255786176,5.420459564288352,5.475221169865473,8.013916296002485,3.124780763746299,7.414140098850381,9.074651662004829,7.03204442468046,6.907441894566092,7.870426211985005,6.291625743768276,9.636090912316428,10.979324176109337,8.981135192410672,8.862179963469634,9.65625599485529,8.21157637198982
2020,2,16.203304843334802,13.743880607123518,13.84072783060708,14.081623864761585,15.817335325020268,14.443094654775718,2.114865627981922,5.097867000294574,6.496571667785239,6.9179134659630215,8.430943116247525,3.823017438460927,5.268806958554306,7.4580006921820745,6.331147734750491,5.528517766027887,6.798357170311537,4.885075606174249,6.708481706671167,9.390032204668085,8.141443906659305,7.460927641172268,8.485719956943104,6.879979917771162
2020,3,16.659889428590937,15.230410814044937,14.199961092078102,14.162983121755984,15.241261128621597,14.184210019094245,2.030849075178519,3.0802041955807034,4.374285752075121,5.0984343261335425,8.980138474944237,2.803724517072131,6.299009814431961,6.527777276614402,5.978686823288041,5.705284270856672,6.223399587044254,4.673327474580149,8.442599170996612,8.610553875344266,7.563466987393103,7.376939051954048,7.90522219788376,6.38960051857634
2020,4,14.808274590969086,13.18356341626495,12.899054030973751,13.391141246748157,13.21997928856872,13.779747564794825,1.3939994916871743,2.9348100314982264,3.690708062488518,3.4515251938381755,5.592444958451828,2.0769029959333656,6.783823189691715,5.507552979087079,6.197463038630285,6.657223923223152,6.060514454063965,6.626964732078735,9.199626166078302,7.777717660136358,7.647617072822806,8.045664005307543,7.8008742446491,8.51597523564864
2020,5,14.234692758745364,13.572340195758208,13.198383940776658,13.905619054882516,12.154284528036031,13.782090494508168,0.727273112467825,1.560886568447322,3.2065545678809273,3.8134686774567066,4.788324219629517,3.560178649118381,7.8000113782289136,6.116766685200129,7.472263819845615,7.154199339015517,7.155714773451848,8.133096503168396,9.938436222863785,8.204339904018255,9.23774158143434,8.741604584588337,8.840181944496665,10.259162108326322
2020,6,13.42999003767036,12.513496988266706,11.669908343370144,12.28097629523836,10.833267219364643,12.724345340798884,0.593174406003069,0.8276742672425056,1.5010686080665139,2.049828839796797,3.1113285887404323,2.191010588856221,7.0883914983405365,5.394063377820148,8.849229001338585,7.4768219258321045,7.0762704731356445,8.20382041054645,9.380865830760747,7.359052641916557,10.864031597179222,9.126549247217474,8.96448423691891,10.42560351339626
2020,7,13.288531348214395,12.559099429617486,11.394911430836205,11.604864068479548,10.106611172503401,11.71780589111927,1.228106484889735,1.507618502644382,1.8394959914501603,1.3825577861723368,2.556945797054431,1.1588722133139364,6.539315317083763,6.5585941993901224,8.637963500199453,8.136397907572226,7.59643071100709,8.152468227738677,8.433347284250086,8.398528986398153,10.62730482138399,9.833118356869383,9.263616327205725,10.41971804709827
2020,8,12.45683649864288,12.323029898828075,11.551600691541179,10.938227592787195,9.984980801646147,11.013563546781521,1.114166463583957,1.1908876860061046,2.670694288715143,1.5649421472718517,2.211501840363685,1.3310261880095053,8.234812627140016,8.886409428089253,8.237285591425572,7.465211117176502,8.405663324534709,6.49861583601906,10.02144857137245,10.696203366910622,10.385518654605436,9.410851160824986,10.363317809016507,8.87167976138362
2020,9,12.668726165173576,12.290778331831097,11.952205513761594,11.255152296437881,10.732212804956362,11.034863995464848,2.4078328450336866,3.001686550316558,5.9832402735640455,2.459026702726999,4.962748286608633,2.0615560187529476,7.56221361213127,8.612519345721179,7.533112839544958,6.846264814638176,8.568804781608574,6.616019026638399,9.39006531073728,10.550479284518566,9.513248325295235,8.51281552060197,10.647018039671488,8.525405595302479
2020,10,12.847833734876927,12.292180936272826,12.439279612532768,11.718665375156448,11.793953799612579,11.36651201956893,4.337450593656537,3.4276940324531044,7.092713396712002,4.02070579492414,4.797172029946409,3.327518758315634,6.067929329551655,7.8942731049445145,7.4782709092045225,8.207543018673425,8.231584824935627,7.6176502244091004,7.964943432901659,9.904792375322955,9.455436193185973,9.933351379695141,10.273741351710685,9.519120372540572
2020,11,14.150097156967968,13.22243280718103,13.017712537729397,12.705378132057376,13.848023763624951,12.524747108185993,1.9125225095837204,4.881449537399252,3.9525861389555508,4.1183817966057665,3.4576874964842497,2.877687768802543,6.428381382378266,6.792907601171026,6.386643498777171,7.024391505767135,6.55254414935555,6.607402096689875,8.224702059646404,8.823405822799614,8.417827199039511,8.77089861353237,8.473784403117193,8.5457645274073
2020,12,15.034515947539118,13.10927169460563,12.978832691487286,13.280223176251315,15.062143730645579,13.33707260105766,3.965990557750351,6.011121306384419,5.336282642822166,3.495859521285226,2.7418949010949114,2.4158834055189984,7.214702963450207,6.375279740636767,6.526800019783473,7.1717428206830345,6.571692978244336,7.5447347879879505,8.872481208155952,8.251469349040764,8.339584627068685,8.89567558875627,8.391151009025252,9.693535563778713
2021,1,15.373129639008473,15.566164297682624,13.743998777315428,12.84210043908998,16.190481937685682,13.718785840332282,2.585712548447695,4.737580639853546,5.418810015377236,5.4360281369294565,6.59348179921384,2.545807581344307,5.883037014520569,5.379388980408715,6.988121678289203,7.308803687471287,6.149841889522463,7.958366553033122,7.574991363688643,7.085279112773158,9.147188135329351,9.328510229852494,8.06085938285623,10.177960888312066
2021,2,15.945446534098924,16.1347730122174,15.193236601672002,14.672075896706831,16.165458465177966,14.146783650410558,1.6284048716591857,2.980193383595865,4.970796564460004,3.5911980776428805,8.465042735659733,2.0418738284572755,5.662406320173272,5.227103019091036,5.821296940247022,5.859007489070347,5.383937875023611,5.62635351145525,7.408128033305342,7.078969847350899,7.957537487117748,7.743103253849988,7.285332408040669,7.621270114424376
2021,3,16.74779454941651,15.633607250157624,14.0866665724554,13.61228400228485,15.70083509636442,13.434231258243097,1.8470024679439185,2.9989415745765315,5.386570193403711,5.592979171404427,7.773746908993236,2.3413101001516554,6.463795969621125,6.072192111254292,5.871069214986149,5.658417969849097,5.734556761854823,6.246032836110699,8.452589608190399,7.903108486849484,7.990557373060915,7.574089616272343,7.676312598821649,8.691672063548596
2021,4,15.194988357508555,14.179728595074266,13.48246841328935,13.453617976326495,13.996222154144197,13.694763569139383,1.2579437468338897,2.1111956910418015,4.6903535921379715,1.6980161114797863,3.983693506676904,0.8518961081100431,6.467106519690984,6.7109149012765865,5.136571411701366,5.648068122397713,5.123432093779662,6.61250712395694,8.56727849381531,8.798656307605542,7.098226892443372,7.544226960554916,7.137223206977562,8.927846314374849
2021,5,15.168154039239932,14.102608485778253,13.23928176338967,13.199404010308847,12.118166036182835,13.534209895193351,1.1899477365953022,1.7704294651638448,2.983981470796292,0.8121641696403561,4.745822498015466,0.7135191242105684,5.738635804786112,8.556813815609347,5.066639698787734,5.428216856255865,5.569135193592053,6.054971554682408,7.745874647236399,11.184737689075725,6.835966229165782,7.1268272636223395,7.65918288229153,7.8439009592664926
2021,6,12.735585607029497,13.08864780003205,12.90912731593618,12.239841922279448,10.955913818301633,12.281999293627107,0.7897154778058146,1.2974930230482125,3.463093710294183,1.72861695812138,3.4028170408954193,1.5919106519314088,6.608445006174238,7.997681313822745,6.156148597197249,6.107141809256177,7.086513914854021,5.681597016298784,8.355253742858418,10.640828930997575,8.649744577428477,8.447187327693111,9.583777641192965,7.718712237537073
2021,7,13.02944298555714,12.126500214510147,11.97555956105348,10.867630158573569,10.305578071548934,11.038544133917005,0.6121746997416838,1.3061774090868585,4.031108019896874,1.5716092168008722,2.8036088025129473,1.045098029007262,7.453784115952587,6.6678845709915215,6.232109395294387,5.826509664875824,5.705499348435001,5.973094088542481,9.228059273799133,8.768854328020081,8.919966547955752,8.335227068842814,8.110675822568924,8.140799700915508
2021,8,12.505203413777053,12.287096158811643,11.680381499364898,10.905684032567567,10.300620618621789,10.717163381875409,0.5739355570232783,1.0858067223647916,2.399432824486624,1.1635171634302925,4.811429356149496,0.8436272470301005,5.950779521638746,7.084887394335849,5.5461195478346275,5.1991249465234075,6.037804429702443,4.556634077840825,7.705951766215596,9.412339942699232,7.978334255435124,7.4739920684105305,8.15429014434078,6.426103251737817
2021,9,12.826601975038647,12.425274081155658,12.029254340151182,11.958697783621028,10.973955343803391,11.68467092040707,1.9164050700303947,3.0083440015728704,7.576035122616408,1.7944669597915242,2.230484415601939,1.1724762687388282,5.963761583056303,8.640004126395846,7.21109804597561,8.282969886737765,7.759130664379426,7.770695700945254,7.858859532996858,10.950429139365864,9.176361328079267,10.111698469042018,9.904119541878986,9.580085414072306
2021,10,12.857103978238639,12.295522220823313,12.150732514543213,12.036806069126714,12.13060675888893,11.713131173554476,3.0512046283700704,3.0463013961934937,7.098910056069781,3.6881545901153556,4.866157471297332,2.0340015022606144,6.172204467117566,8.352733504889843,7.3523488980063165,6.766442284163047,7.711388730132194,6.373664836819998,7.839637864176924,10.301883353714729,9.305201953105135,8.602318894932422,9.49861598345341,8.129676918901074
2021,11,13.832517478521913,12.674065717495978,12.727151334386033,12.508188886963762,14.050347917480394,12.346261580408934,2.9693383351428273,5.413629059513471,5.853637538137218,5.433600226415213,5.518941307698454,3.636222684071618,5.765395485855014,8.432150721789483,7.358231110251994,6.449499942137749,8.180321691973349,5.607286921143251,7.9712444206923765,10.576917577432821,9.313606274417735,8.39797905562364,9.975285293997683,7.548421845367656
2021,12,15.895451467033595,14.718837244075633,13.795399070275998,12.327605624270115,15.691052109228387,12.133884940967953,0.8333634558036978,2.436300568427996,5.386633800949119,6.350730043772515,9.3480660952748,4.178413136836888,6.870371639705025,6.847105924161064,7.4985121401030925,7.652657276035549,7.0197857887313795,7.12483387621154,8.824816555921503,8.549811931472556,9.28801933489342,9.41514184336041,8.69304654717797,9.031437371791112
2022,1,15.881201292057671,15.129189778419752,14.851043670251041,14.7889253801531,16.98906026663439,14.994438224403185,1.994286671957377,3.1921548333964065,5.48319248371238,5.633921506403122,5.667125136293789,3.0510606346857525,7.518895956339126,4.9475847455647735,6.414151842042689,7.8381373753483015,5.343073637576494,6.690528351640452,9.456086790080159,6.288717473286506,7.973291711688775,9.435838592100614,6.820956945745795,8.190152853411526
2022,2,17.328336112483935,15.877499071049638,14.365526444217252,14.223897688647932,17.242242307385563,13.848106820418053,2.237112559378147,4.686227156159778,6.589140129617143,3.0210790909645135,8.583647012187805,0.9646172756177623,6.467224993331216,6.639039752622581,6.3926790915111384,7.435396874533817,6.170587953161806,7.852807714562979,8.094557602392568,8.326923727726054,8.043898088742191,9.032587275186774,7.766161538234555,9.59566347594867
2022,3,14.785849655858211,13.963832619419742,13.431542392667595,13.129994582910571,14.588431981362161,13.637756939263452,2.1136006217810417,3.2486264588684435,4.45901921567837,3.66286827371295,5.21155775667391,1.2386507793848291,5.8816405164977965,7.49844071382797,7.38064280681777,8.26783439699565,7.622853682536044,8.044879089619572,7.659433907442952,9.381820065539346,9.274352243085374,10.043290072252857,9.338216328944162,10.016851228831037
2022,4,12.758702869294211,12.078268794994802,12.078511209656986,11.316798922559247,12.487312785349786,11.953570225232227,0.8091140443482149,1.5785124512695912,3.198964071815214,2.848453977849906,2.427358915246557,1.1390510895117594,5.435023440600825,6.2328554331390915,6.295019053107576,7.3659370527119155,7.08508372215818,6.339284391376261,7.513937006852455,8.208768447343305,8.08192714572603,9.166791526307042,8.833047564671558,8.342736120943409
2022,5,13.180880751776238,12.448414702659413,11.577163921234662,11.883865512434333,10.945369908465974,12.256542594580287,0.6034521917671214,0.9277111900950311,2.255562338309846,1.6126605749799772,3.3003647221685553,1.1590380977877044,5.791920585713971,6.726702400542737,5.465300122690442,6.737172134745455,5.886833956358456,6.3258863690147855,8.030177541474265,9.185961384461176,7.23145439093442,8.3331917860553,7.867248429950249,7.984596404713487
2022,6,12.975788656622171,12.41938163517043,10.967079017354319,11.100627927551978,9.681346588907763,11.200500512681902,0.43414580476596765,0.5846500435483799,0.8063858647379797,0.9115358089180614,3.4542261170465793,0.9007433428787045,8.306629063152739,7.536860425161856,6.712750021345033,6.8061928874314175,7.073853105627575,7.363011080926237,10.472676137433716,9.748118700925115,8.940280890761905,8.988855111777413,9.337200271426065,9.342615786415552
2022,7,12.922396360265632,12.657841902857106,10.98838510843128,10.667271221710008,9.431886307339393,10.614769555257185,0.7225048575403442,0.7368485853113071,1.5085422926982195,1.02123456966481,1.3837318714014886,0.733379989623335,5.55139486962709,5.5779672485812695,5.386193919409781,6.486615742657558,5.460474380918259,7.127471423290249,7.343694097362964,7.873588656125318,7.506747036973455,8.565298817969738,7.611362830088808,9.146870298985442
2022,8,12.596477876492445,12.308716717897163,11.257482293817601,10.707490679289725,9.263965428536457,10.550810982658753,1.1988767127917017,1.5214574317043934,4.386956555615607,2.6822991846210367,4.404862323373582,1.8909303856642916,6.159316738187846,5.947584201671523,4.547138445263726,5.569713483972582,4.949983256092864,6.4648000904746015,8.370614349942601,7.838609411372369,6.698141026682315,7.546031429196869,6.92655107359688,8.538031162521644
2022,9,12.725902083981783,11.94060115525499,11.742678133269342,11.241586818988434,10.212372213788331,10.799952975090813,2.1913876510144754,2.5591004934123576,6.399442539853601,2.3689720767978875,4.769404929624105,1.4393027927676652,5.538431072851728,4.888866241292368,6.161563213850371,7.349772617514565,5.658924825837896,6.802383760094625,7.515960142016306,6.7246131290876,8.391383444300109,9.45758815440413,7.560370095474895,8.695167193770617
2022,10,12.676054889876996,12.312547939378888,12.552797558211326,12.375393179958806,11.979035761327513,11.987384976921655,3.254044289069791,2.0380427376843753,4.660868764889741,3.97351819920581,5.820060437577961,2.7162670257191985,7.135158315770101,10.386928831870268,7.9037485274073385,6.316133541011322,8.961938445536386,6.372369942708872,9.661316973877295,12.385636864329522,9.53348397024101,7.788692375254333,10.519846180239394,8.17618865720717
2022,11,14.288090666569769,13.361065849103033,13.517654058867349,13.703984198207035,14.25797449280508,13.440675435511066,1.1913578239947926,2.4692347158125982,3.872086881237143,3.3202661730802405,4.763631843263951,2.6005224648345964,5.9379088349981615,7.032330324369196,5.9330838034791915,6.27231572203223,6.275463519079288,6.535577377259666,7.846686264765593,8.962868465830713,7.779016217289555,8.09428178212335,8.195594250759484,8.596595450638487
2022,12,14.729334298701536,13.6705001920702,13.584826321029116,14.393089483469545,15.454002868654507,14.275526495431276,1.9890479705293118,3.367730878356567,5.131501284238838,5.287814692633691,5.061940952155576,2.8506770180997494,5.97197394547208,8.28154305309283,8.477471649421032,7.789004887040344,9.011237477716199,7.817122966533917,7.588993141714846,10.470794721731105,10.582728562972935,9.912146972331575,10.977691384471628,10.30578448157824
2023,1,16.87140681852977,14.505594245728947,13.78652338633226,12.956515315476985,16.821050621629244,13.270242972175751,2.0141497892344296,4.748511524809422,6.820549175740454,5.031303968375927,5.951243906267631,3.065197266939996,8.737917318768938,6.900045285474267,5.786261578483002,5.949807622501261,6.55908559219804,6.161739318786351,10.878085046101704,9.001979451179947,7.341960226066541,7.4064856897288465,8.370216727026246,7.806281923641151
2023,2,15.43507405616609,13.593821171338536,12.723239642306957,12.326472308170716,16.168601508335477,12.668825068225411,3.1066792699946926,3.9341751740345274,5.293537354189396,3.868635675710438,7.050955769597323,1.6520146031404537,7.193328730049635,6.982365868485074,6.570565934105827,6.196767051156534,7.263488206202451,5.574502438509203,9.110164039672215,8.98657165360697,8.205124665628155,8.00240236231568,9.104011831111876,7.602697083954588
2023,3,17.38516377454864,14.931754383498863,13.825269460118845,13.485941064927067,14.605366636623419,13.680945436652234,2.3771510873359305,4.2271252210199695,5.7828969850214555,3.52889917399286,5.490740679859693,2.674716788002003,5.387010081517904,6.540209785042593,6.976509413414482,6.6159460767047875,6.456244588643647,6.819652525052705,7.319426358745476,8.52521900367319,8.93842873484633,8.516108510260501,8.238722548411362,9.047897444909152
2023,4,14.853748695971444,13.736066781263798,13.492806609347463,13.182648708717897,12.893874603603035,12.889632151801797,1.9574378349438861,2.203886098456818,5.539837209047171,4.148316484407852,3.9990116681246577,2.4495371127988674,6.427657280753661,9.980960621563339,5.976525199297846,4.6184383938166,8.396476711576828,5.430488938758529,8.194036437297882,12.157031040292757,8.229854281677179,6.618847911611866,10.784785349830914,7.692140448441944
2023,5,14.318592079088933,13.238906775150568,12.754856379952273,12.604147620927241,11.403804354444746,12.46221904873325,0.6798636428299699,1.164176974194855,2.693967797089846,2.5215845558262076,2.8459005708441376,1.6455229673300014,5.271292338634069,5.669325535362393,5.94160411906173,5.8061629367523295,6.028031722826491,7.089982481961655,7.129716370335348,8.171612060091407,7.703861755278967,7.237091499556251,7.968152592593233,9.035458376871663
2023,6,13.543269149679691,13.640135237760841,12.10036050373545,11.965910070366226,10.085644442401826,11.854593313474428,0.8898102773284471,1.3116730766562523,1.5100561260442489,1.7203104378606278,2.4740204358341513,1.485021279667963,6.074119421158528,5.489971035968932,8.82105528817232,8.492448343337879,7.624047261570144,6.441453767322028,8.447656492301588,7.706881167725384,11.019943928347622,10.250379341604654,9.664717074476043,8.234858482281668
2023,7,12.841569564695801,12.940579485088106,11.941774086361155,11.534214949693471,9.847897235859907,11.535480787394395,0.9066131143533628,1.3739563584096257,2.066998233850379,1.326616927107755,2.0407060193599653,1.1619163252156213,5.458627039695299,5.349152230964753,7.432777666616414,8.130675507948785,6.706621379318079,7.809476302858989,7.474268373934792,7.461622730864959,9.601196536515355,10.014288508776211,8.797299429435698,10.326882590148204
2023,8,13.282971072686657,12.875033274383075,12.386467872358507,11.7612320506765,9.796723766402613,11.717340990561688,0.937837761304961,2.0885987630116185,4.966289036593625,2.1848185215387597,1.6811649641260904,1.7134078820922014,7.763673095677166,6.281096903624793,4.172891952438656,4.169241555495231,5.420086795723566,5.027949575833361,10.268899201109816,8.746160611542424,5.846767819789406,5.350838745869259,7.5457010370163005,6.471519879450908
2023,9,13.35812861211598,13.037941296584904,12.765328125870571,12.117728973389603,10.306591668911278,11.91457295577754,2.165096244583895,2.549316473476926,3.075802703061674,2.6563519644102564,3.2741335173252204,2.1954449382490906,9.188804727804753,7.350803437826186,4.278260043840012,4.959511519713334,5.30530665296078,6.157107240238936,11.04841071834523,9.362095501380761,6.2731298165248495,6.959316109745083,7.416066987960442,7.898153502184037
2023,10,13.471513931819748,12.839910736037117,12.588383934758696,12.285848181484447,11.571677486547419,12.178179401342371,3.6879320156136295,5.172837447424017,5.962891593016611,2.113398682005623,5.974620643416252,1.1401922683020056,10.385571686768849,7.604068565610611,6.779130137554961,6.89270848997773,7.465105848514511,7.566521426578457,12.441250793813996,9.66485782428694,8.732339924180645,8.651988866270587,9.15284314343967,9.665273428874757
2023,11,13.940404478553683,13.528823043685406,12.745603038614187,12.203827029280365,12.323048434173689,12.211548930253176,1.3018124824412811,2.4843948484118643,4.196763001098878,2.4161779965554913,2.3813436640632353,1.542517046137967,5.684671599530969,7.514675212491512,6.490262773604822,6.42929214469138,7.44439315772059,5.841321955838735,7.495280963906318,9.462205293304821,8.146057849333518,7.821162740580493,9.257334261541052,7.230371850406555
2023,12,15.185561895475633,14.049374688777231,13.345254066698345,12.756690206411745,14.856468338173844,12.769956810944192,1.150638309128253,3.371602716793765,5.462297981297815,5.846166961169738,5.536497909712092,3.717572812441476,6.162927605733158,8.18964014817112,7.512036117483253,7.874434920264698,7.932186400705905,6.688496298952899,8.219946770720421,10.140558604276066,9.314736630476913,9.437518846134916,9.827394677261456,8.2539658079149
2024,1,17.54448663758775,15.55969273289966,13.692849200140342,12.973227891154707,16.752740680961118,13.288216694853705,1.1201017668455162,2.7600551041366836,5.277180795257954,6.142714175617411,6.240195865753768,4.204878804667487,4.215694351715904,6.187440166717033,8.426652858655334,9.43884736096737,7.194455410770144,9.629009291855136,6.031991693080768,8.152659259415467,10.732908411588655,11.568905762446535,9.301914099637058,11.883324867157528
2024,2,17.075353886819734,15.443252590741833,14.19863227766689,13.985668146155838,16.984010234105817,14.112515684292779,2.025713513675473,4.290965516351737,5.692085532322301,4.999267897705767,5.541543864108951,3.405514561258521,5.70477212273575,6.741624838217628,5.500017427246212,5.300120037749703,5.8802387789104245,7.0188977329651845,7.567090078942254,8.699018465877787,7.514556188413475,7.0017959024293654,7.99867523854914,9.146626524884196
2024,3,15.653133025317784,14.070323184342875,13.602159076580598,13.231525233736441,14.72111366235561,13.620299193661738,2.218116234160132,4.655458766346176,5.8965268807554,3.521198827661746,4.059837078173386,2.0439974880630563,4.943273148602435,4.918859097903566,6.027261139638908,5.483235407972016,5.962461490638172,6.506607819670322,6.687658188815175,6.8957888403071665,8.58130598501164,7.680456668254149,8.132036079420098,8.426808792705573
2024,4,14.798133290279656,13.719296182133258,13.61058363626496,13.103060250892304,13.040552324615419,13.725188368810889,1.7509535469206763,3.651569167300752,3.7257480867582378,3.0811636825047786,2.118596575439792,2.2431948552946417,7.000837666946042,5.676845211991909,5.71853518703748,5.496575810784551,6.486735519089115,6.60912314298906,8.843047612409006,7.934938619059476,7.449313266940339,7.126567636241536,8.82472151587049,8.496480566595215
2024,5,14.08176204673345,13.035280388840023,11.8998241450767,11.662653327288647,10.413571919179372,11.680673609514221,0.986740760438438,1.46580109677019,2.8824557781765026,1.21053597799045,1.5347688662100578,1.235577042369891,5.668288391920355,6.323069165077588,6.893577236262996,7.152254878750462,6.15065402001452,6.625864359417643,8.279717141562418,8.106809740031787,8.921352142956971,9.183014612919106,8.199518238567862,8.992566413164495
2024,6,13.6192907567136,13.08591198520735,12.211153287956348,11.873753327387385,10.36278150076978,11.956053354777396,0.6103258494701651,1.1610829924344404,2.024917102487473,0.99770615090414,1.0509908998983248,0.6551981776724913,5.607308395064061,6.929403001033687,8.06699076439542,6.353111404428431,8.19563149823973,7.932031884502784,7.471744595832667,8.657253959773966,10.338039325282098,8.096572246349135,10.326511052903845,9.74117273000774
2024,7,12.48759669499592,12.270053376143258,11.166770998457858,10.811826325697645,8.948813907711976,10.773988962286564,0.9312274031777251,1.4247908987796987,2.1509493763513925,1.430332697134444,1.8507629321365207,0.9978103529389126,5.9653527095855985,5.870945571995705,9.423212626631518,11.000270584114007,8.510785158746916,8.679887844770112,7.777774101217863,7.936489071388484,11.716746583476,12.933649228495794,10.698968696017515,10.68075130430155
2024,8,12.284223316973376,11.912453233925325,10.957981439820369,10.267059856792912,9.456474053117656,10.256208224766366,1.1303519700056337,1.471382629173785,2.7297850665022474,2.259155582646132,2.6001548091959417,1.468747326435979,5.240859160383522,6.8102474803639454,7.3175783706557604,7.387094694058086,7.368397075139591,6.628169901101671,6.965683774033533,8.974850543369001,9.438723187096125,9.063314343092879,9.478791965691467,8.38662588877119
2024,9,11.800732961436733,11.875515347439796,11.62685472253137,10.837125776242464,10.131944581726566,10.692406465880135,1.3846059994197186,1.5641992084904277,2.7345187236868576,0.970445128053269,1.665771062742917,0.7510316153671134,7.386247531964473,7.036143387760642,5.89830544267189,5.0119736361644565,7.375216896969742,5.921991462152285,9.287470959664498,9.050690066881064,7.9893189966008755,6.845925808009381,9.80669813213405,7.952730066717103
2024,10,12.751691569904647,12.819033122170836,12.691902750932032,12.11094980336155,11.779634383717372,11.705863019695375,1.0766633967896801,1.5020443064908744,3.0395082031411276,2.2788832357140896,3.8361386832722766,1.5405679595446058,5.984653732994399,5.3763509973676,5.257335817135556,5.663775689961063,5.692491996040003,6.796715432487293,7.81210578780719,7.456524951724021,6.9620765256827575,7.134579323532871,7.5184081627453105,8.94122331604618
2024,11,13.13596403617412,13.329266918636858,13.67184430105755,13.288545647612773,13.19405432343483,13.056786336541615,4.197879719053521,3.3466415691860174,4.737805822987194,3.5080119256087867,3.0853931359718394,2.631173932107691,4.9174478046550405,6.331729387460428,7.722986154600202,7.834512961627589,7.740005271374636,7.364570878749857,6.779397083873323,8.351951872714697,9.568835574071214,9.17418372295591,9.440877141842542,9.089879715377117
2024,12,14.401316436818771,13.468601547181606,13.55298879421397,12.9605444970751,15.23540616899188,12.875937112566415,2.2795498256917637,4.13080001153847,4.578242800645961,7.488417113759673,5.038413521971139,5.889572025201067,5.57955319504103,7.3309918605047075,6.568227519077714,6.673810904141976,6.778241738830799,7.035393748769614,7.340336037373631,9.273458721738779,8.300980713292283,8.180287842571092,8.48024465648884,9.057305680637882
2025,1,16.816171269833802,14.623539424531403,14.169399128348633,13.248280633774195,16.73941524963706,13.651737312084697,2.396983669040415,4.125778154974076,7.6116845721422015,6.036288334296122,4.1809690341496895,5.146934381140418,6.2719330268793865,7.311218455177604,6.061298915784535,6.359986261476895,6.293265326033962,6.739394122782003,8.202400177437719,9.279747460096365,7.679321192124984,7.872708012269235,8.081391020586707,8.796884219397876
2025,2,15.967883633250105,14.02007609931752,13.67135487244577,13.11975763587647,16.248769091209397,13.514896245321118,2.7640843325979496,5.665458745319836,7.365091555390351,6.872082312994736,4.632218741756805,4.629744142295918,7.066136860294159,7.9962478386100795,7.538909606392904,7.788691339777791,7.674347634834302,7.864980131879565,8.89154147548371,9.8825184126935,9.305641449076136,9.377514010486111,9.403881930159125,9.74415336033109
2025,3,16.425116934453047,14.527059258863089,14.136741592430928,13.56635930625752,14.469499545186878,13.382710686586162,3.199453599390484,4.024715536151249,4.614291391584351,4.8362483949220705,4.313766362855348,2.4339762498949424,6.698090646255262,6.137551220507565,5.667220659718033,6.360712552600965,6.163410730805384,6.591585318457206,8.549116136741215,8.061078662130598,7.392049285304333,8.4062960418548,8.045626978564853,8.612440282474267
2025,4,14.238417723309249,14.076882574614137,13.226831700552541,13.432008582749404,13.104574053734542,13.766491401414662,0.948284555622089,2.637789055205299,3.0882065174081474,4.13280383821912,2.549237479571055,3.412221496661101,6.120419499129751,5.49284788593913,5.333036740910145,6.262750461035666,5.224622870504437,5.815009158678568,8.066355768380065,7.148819690607307,7.236196247621196,8.997321298666364,7.096724032516503,7.969679044702147
2025,5,13.93763690916521,13.731393150474515,13.000213556698808,12.884945472950236,11.561251805854901,13.271301333235835,1.0392811397177344,1.4590223846791668,2.33931900432042,1.066305694909918,0.848605774384832,0.8899810263252366,NA,NA,NA,NA,NA,NA,NA,NA,NA,NA,NA,NA
2025,6,13.98746125892337,12.992475014978222,11.856200943317182,12.19464624417846,10.421120017351184,12.32471630775894,0.573252411701797,0.8905898885241874,1.5717037005398076,1.0942455973298777,1.6833765524795672,1.0129451300017245,NA,NA,NA,NA,NA,NA,NA,NA,NA,NA,NA,NA
2025,7,NA,NA,NA,NA,NA,NA,0.4939655235288676,0.8512563050417834,1.0676042434555209,1.1525662371061869,2.4013944160999916,1.0395511604900167,NA,NA,NA,NA,NA,NA,NA,NA,NA,NA,NA,NA
2025,8,NA,NA,NA,NA,NA,NA,0.6734168791867516,0.7909404498731925,1.7283588457686647,1.115952913179284,2.467090408475296,0.7533698917327433,NA,NA,NA,NA,NA,NA,NA,NA,NA,NA,NA,NA
