ANIO,MES,RG,NUI,NM_RECURSO,MP_TOTAL,PRECIO,TIPO_MP,Limite_Inferior,Limite_Superior,is_outlier
2012,4,5,10452,ANCHOVETA,734,50000,NA,-80865,317820,FALSE
2012,5,5,10452,ANCHOVETA,569,50000,NA,-80865,317820,FALSE
2012,6,5,10452,ANCHOVETA,197,50000,NA,-80865,317820,FALSE
2012,10,5,10452,ANCHOVETA,338,60000,NA,-80865,317820,FALSE
2012,11,5,10452,ANCHOVETA,461,60000,NA,-80865,317820,FALSE
2012,3,5,10452,JUREL,226,59000,NA,-188626,648970,FALSE
2012,4,5,10452,SARDINA COMUN,2949,50000,NA,-30081,250108,FALSE
2012,5,5,10452,SARDINA COMUN,2212,50000,NA,-30081,250108,FALSE
2012,6,5,10452,SARDINA COMUN,900,50000,NA,-30081,250108,FALSE
2012,7,5,10452,SARDINA COMUN,583,50000,NA,-30081,250108,FALSE
2012,8,5,10452,SARDINA COMUN,5,50000,NA,-30081,250108,FALSE
2012,10,5,10452,SARDINA COMUN,1292,60000,NA,-30081,250108,FALSE
2012,11,5,10452,SARDINA COMUN,1322,60000,NA,-30081,250108,FALSE
2012,3,8,90099,SARDINA COMUN,13373,66000,NA,-30081,250108,FALSE
2012,4,8,90099,SARDINA COMUN,14876,73000,NA,-30081,250108,FALSE
2012,5,8,90099,SARDINA COMUN,5094,76000,NA,-30081,250108,FALSE
2012,6,8,90099,SARDINA COMUN,4084,94000,NA,-30081,250108,FALSE
2012,7,8,90099,SARDINA COMUN,4082,86000,NA,-30081,250108,FALSE
2012,8,8,90099,SARDINA COMUN,2685,80000,NA,-30081,250108,FALSE
2012,10,8,90099,SARDINA COMUN,4945,83000,NA,-30081,250108,FALSE
2012,11,8,90099,SARDINA COMUN,10702,89000,NA,-30081,250108,FALSE
2012,12,8,90099,SARDINA COMUN,5586,97000,NA,-30081,250108,FALSE
2012,3,8,13702,ANCHOVETA,331,63000,NA,-80865,317820,FALSE
2012,4,8,13702,ANCHOVETA,4007,68000,NA,-80865,317820,FALSE
2012,5,8,13702,ANCHOVETA,616,75000,NA,-80865,317820,FALSE
2012,10,8,13702,ANCHOVETA,28,91000,NA,-80865,317820,FALSE
2012,3,8,13702,SARDINA COMUN,14061,63000,NA,-30081,250108,FALSE
2012,4,8,13702,SARDINA COMUN,11799,68000,NA,-30081,250108,FALSE
2012,5,8,13702,SARDINA COMUN,928,75000,NA,-30081,250108,FALSE
2012,10,8,13702,SARDINA COMUN,150,91000,NA,-30081,250108,FALSE
2012,3,8,14838,SARDINA COMUN,10036,66000,NA,-30081,250108,FALSE
2012,4,8,14838,SARDINA COMUN,5827,73000,NA,-30081,250108,FALSE
2012,2,8,10973,ANCHOVETA,10,62000,NA,-80865,317820,FALSE
2012,3,8,10973,ANCHOVETA,444,62000,NA,-80865,317820,FALSE
2012,4,8,10973,ANCHOVETA,1637,62000,NA,-80865,317820,FALSE
2012,5,8,10973,ANCHOVETA,1127,62000,NA,-80865,317820,FALSE
2012,6,8,10973,ANCHOVETA,149,71000,NA,-80865,317820,FALSE
2012,7,8,10973,ANCHOVETA,187,71000,NA,-80865,317820,FALSE
2012,8,8,10973,ANCHOVETA,25,78000,NA,-80865,317820,FALSE
2012,10,8,10973,ANCHOVETA,885,80000,NA,-80865,317820,FALSE
2012,11,8,10973,ANCHOVETA,1177,80000,NA,-80865,317820,FALSE
2012,12,8,10973,ANCHOVETA,180,80000,NA,-80865,317820,FALSE
2012,2,8,10973,SARDINA COMUN,790,62000,NA,-30081,250108,FALSE
2012,3,8,10973,SARDINA COMUN,20120,62000,NA,-30081,250108,FALSE
2012,4,8,10973,SARDINA COMUN,16827,62000,NA,-30081,250108,FALSE
2012,5,8,10973,SARDINA COMUN,3265,62000,NA,-30081,250108,FALSE
2012,6,8,10973,SARDINA COMUN,1608,71000,NA,-30081,250108,FALSE
2012,7,8,10973,SARDINA COMUN,6667,71000,NA,-30081,250108,FALSE
2012,8,8,10973,SARDINA COMUN,1413,78000,NA,-30081,250108,FALSE
2012,10,8,10973,SARDINA COMUN,3947,80000,NA,-30081,250108,FALSE
2012,11,8,10973,SARDINA COMUN,11675,80000,NA,-30081,250108,FALSE
2012,12,8,10973,SARDINA COMUN,6099,80000,NA,-30081,250108,FALSE
2012,3,8,2421,ANCHOVETA,680,63000,NA,-80865,317820,FALSE
2012,4,8,2421,ANCHOVETA,841,68000,NA,-80865,317820,FALSE
2012,6,8,2421,ANCHOVETA,153,80000,NA,-80865,317820,FALSE
2012,10,8,2421,ANCHOVETA,372,91000,NA,-80865,317820,FALSE
2012,11,8,2421,ANCHOVETA,415,92000,NA,-80865,317820,FALSE
2012,12,8,2421,ANCHOVETA,345,98000,NA,-80865,317820,FALSE
2012,1,8,2421,JUREL,555,164000,NA,-188626,648970,FALSE
2012,3,8,2421,SARDINA COMUN,18365,63000,NA,-30081,250108,FALSE
2012,4,8,2421,SARDINA COMUN,8388,68000,NA,-30081,250108,FALSE
2012,6,8,2421,SARDINA COMUN,1258,80000,NA,-30081,250108,FALSE
2012,10,8,2421,SARDINA COMUN,2145,91000,NA,-30081,250108,FALSE
2012,11,8,2421,SARDINA COMUN,4491,92000,NA,-30081,250108,FALSE
2012,12,8,2421,SARDINA COMUN,1496,98000,NA,-30081,250108,FALSE
2012,3,8,17003,SARDINA COMUN,12744,66000,NA,-30081,250108,FALSE
2012,4,8,17003,SARDINA COMUN,6691,73000,NA,-30081,250108,FALSE
2012,5,8,17003,SARDINA COMUN,1988,77000,NA,-30081,250108,FALSE
2012,10,8,17003,SARDINA COMUN,1923,83000,NA,-30081,250108,FALSE
2012,11,8,17003,SARDINA COMUN,1473,89000,NA,-30081,250108,FALSE
2012,12,8,17003,SARDINA COMUN,181,96000,NA,-30081,250108,FALSE
2012,2,14,14837,SARDINA COMUN,7567,67000,NA,-30081,250108,FALSE
2012,3,14,14837,SARDINA COMUN,20491,62000,NA,-30081,250108,FALSE
2012,4,14,14837,SARDINA COMUN,16571,67000,NA,-30081,250108,FALSE
2012,5,14,14837,SARDINA COMUN,13048,74000,NA,-30081,250108,FALSE
2012,6,14,14837,SARDINA COMUN,2429,86000,NA,-30081,250108,FALSE
2012,7,14,14837,SARDINA COMUN,1934,79000,NA,-30081,250108,FALSE
2012,8,14,14837,SARDINA COMUN,5028,76000,NA,-30081,250108,FALSE
2012,10,14,14837,SARDINA COMUN,9263,78000,NA,-30081,250108,FALSE
2012,11,14,14837,SARDINA COMUN,21790,83000,NA,-30081,250108,FALSE
2012,12,14,14837,SARDINA COMUN,20076,93000,NA,-30081,250108,FALSE
2013,3,5,10452,ANCHOVETA,2435.756,79792,1,-80865,317820,FALSE
2013,4,5,10452,ANCHOVETA,1713.8729999999998,79785,1,-80865,317820,FALSE
2013,5,5,10452,ANCHOVETA,310.10699999999997,79795,1,-80865,317820,FALSE
2013,3,5,10452,SARDINA COMUN,2494.1150000000002,79792,1,-30081,250108,FALSE
2013,4,5,10452,SARDINA COMUN,2084.822,79785,1,-30081,250108,FALSE
2013,5,5,10452,SARDINA COMUN,538.833,79795,1,-30081,250108,FALSE
2013,6,5,10452,SARDINA COMUN,2.005,91053,1,-30081,250108,FALSE
2013,2,8,90099,SARDINA COMUN,448.73199999999997,149998,1,-30081,250108,FALSE
2013,3,8,90099,SARDINA COMUN,3610.886,101540,1,-30081,250108,FALSE
2013,4,8,90099,SARDINA COMUN,806.8689999999999,112082,1,-30081,250108,FALSE
2013,5,8,90099,SARDINA COMUN,1098.467,119156,1,-30081,250108,FALSE
2013,6,8,90099,SARDINA COMUN,260.36699999999996,139995,1,-30081,250108,FALSE
2013,3,8,13702,ANCHOVETA,332.31,91000,1,-80865,317820,FALSE
2013,3,8,13702,SARDINA COMUN,382.38199999999995,91000,1,-30081,250108,FALSE
2013,3,8,14838,ANCHOVETA,298.19000000000005,100208,1,-80865,317820,FALSE
2013,2,8,2743,ANCHOVETA,3.641,221303,1,-80865,317820,FALSE
2013,3,8,2743,SARDINA COMUN,2606.063,191270,1,-30081,250108,FALSE
2013,3,8,10973,ANCHOVETA,2073.3329999999996,85000,1,-80865,317820,FALSE
2013,4,8,10973,ANCHOVETA,1278.4950000000001,85000,1,-80865,317820,FALSE
2013,5,8,10973,ANCHOVETA,841.2719999999999,90000,1,-80865,317820,FALSE
2013,6,8,10973,ANCHOVETA,610.9680000000001,90000,1,-80865,317820,FALSE
2013,3,8,10973,SARDINA COMUN,10238.615000000002,85000,1,-30081,250108,FALSE
2013,4,8,10973,SARDINA COMUN,2412.172,85000,1,-30081,250108,FALSE
2013,5,8,10973,SARDINA COMUN,2768.302,90000,1,-30081,250108,FALSE
2013,6,8,10973,SARDINA COMUN,1258.366,90000,1,-30081,250108,FALSE
2013,3,8,2421,ANCHOVETA,1772.588,91000,1,-80865,317820,FALSE
2013,3,8,2421,SARDINA COMUN,4643.069,91000,1,-30081,250108,FALSE
2014,3,5,10452,ANCHOVETA,1231.815,85559,1,-80865,317820,FALSE
2014,4,5,10452,ANCHOVETA,1165.021,85559,1,-80865,317820,FALSE
2014,5,5,10452,ANCHOVETA,932.669,85559,1,-80865,317820,FALSE
2014,6,5,10452,ANCHOVETA,30.109,85559,1,-80865,317820,FALSE
2014,11,5,10452,ANCHOVETA,11.295,75000,1,-80865,317820,FALSE
2014,3,5,10452,SARDINA COMUN,3216.545,85559,1,-30081,250108,FALSE
2014,4,5,10452,SARDINA COMUN,3112.487,85559,1,-30081,250108,FALSE
2014,5,5,10452,SARDINA COMUN,2328.714,85559,1,-30081,250108,FALSE
2014,6,5,10452,SARDINA COMUN,38.956,85559,1,-30081,250108,FALSE
2014,11,5,10452,SARDINA COMUN,158.14499999999998,75000,1,-30081,250108,FALSE
2014,12,5,10452,SARDINA COMUN,113.241,75000,1,-30081,250108,FALSE
2014,3,8,90099,SARDINA COMUN,15853.023999999998,93096,1,-30081,250108,FALSE
2014,4,8,90099,SARDINA COMUN,7672.1309999999985,93569,1,-30081,250108,FALSE
2014,5,8,90099,SARDINA COMUN,3421.4000000000005,96956,1,-30081,250108,FALSE
2014,6,8,90099,SARDINA COMUN,1005.904,97460,1,-30081,250108,FALSE
2014,7,8,90099,SARDINA COMUN,3849.372,98674,1,-30081,250108,FALSE
2014,10,8,90099,SARDINA COMUN,2332.58,118828,1,-30081,250108,FALSE
2014,11,8,90099,SARDINA COMUN,4083.711000000001,119784,1,-30081,250108,FALSE
2014,12,8,90099,SARDINA COMUN,485.26,127349,1,-30081,250108,FALSE
2014,3,8,2332,ANCHOVETA,414.377,85000,1,-80865,317820,FALSE
2014,4,8,2332,ANCHOVETA,922.2839999999999,85000,1,-80865,317820,FALSE
2014,3,8,2332,SARDINA COMUN,5507.553999999999,24947,1,-30081,250108,FALSE
2014,4,8,2332,SARDINA COMUN,3111.133,26146,1,-30081,250108,FALSE
2014,3,8,2421,ANCHOVETA,544.303,101406,1,-80865,317820,FALSE
2014,4,8,2421,ANCHOVETA,1629.2590000000002,105306,1,-80865,317820,FALSE
2014,3,8,2421,SARDINA COMUN,10634.314,101406,1,-30081,250108,FALSE
2014,4,8,2421,SARDINA COMUN,4323.54,105306,1,-30081,250108,FALSE
2014,3,8,17003,ANCHOVETA,356.167,93096,1,-80865,317820,FALSE
2014,4,8,17003,ANCHOVETA,1887.6129999999998,93590,1,-80865,317820,FALSE
2014,5,8,17003,ANCHOVETA,20.785,96956,1,-80865,317820,FALSE
2014,3,8,17003,SARDINA COMUN,7829.811,93096,1,-30081,250108,FALSE
2014,4,8,17003,SARDINA COMUN,6484.656,93590,1,-30081,250108,FALSE
2014,5,8,17003,SARDINA COMUN,227.702,96956,1,-30081,250108,FALSE
2014,2,10,1688,SARDINA COMUN,28.03,90170,1,-30081,250108,FALSE
2014,3,10,1688,SARDINA COMUN,56.55,93150,1,-30081,250108,FALSE
2014,4,10,1688,SARDINA COMUN,32.6,95420,1,-30081,250108,FALSE
2014,5,10,1688,SARDINA COMUN,104.74,93070,1,-30081,250108,FALSE
2014,7,10,1688,SARDINA COMUN,323.072,115460,1,-30081,250108,FALSE
2014,8,10,1688,SARDINA COMUN,25.4,119060,1,-30081,250108,FALSE
2014,11,10,1688,SARDINA COMUN,1128.15,120656,1,-30081,250108,FALSE
2014,12,10,1688,SARDINA COMUN,542.92,130250,1,-30081,250108,FALSE
2014,2,14,14837,ANCHOVETA,615.568,88495,1,-80865,317820,FALSE
2014,3,14,14837,ANCHOVETA,117.158,92640,1,-80865,317820,FALSE
2014,4,14,14837,ANCHOVETA,117.83300000000001,95512,1,-80865,317820,FALSE
2014,5,14,14837,ANCHOVETA,60.785,97304,1,-80865,317820,FALSE
2014,6,14,14837,ANCHOVETA,45.599000000000004,97316,1,-80865,317820,FALSE
2014,11,14,14837,ANCHOVETA,43.675,119784,1,-80865,317820,FALSE
2014,2,14,14837,SARDINA COMUN,12416.102999999997,88495,1,-30081,250108,FALSE
2014,3,14,14837,SARDINA COMUN,21110.927999999993,92640,1,-30081,250108,FALSE
2014,4,14,14837,SARDINA COMUN,15619.314999999999,95512,1,-30081,250108,FALSE
2014,5,14,14837,SARDINA COMUN,6100.419000000001,97304,1,-30081,250108,FALSE
2014,6,14,14837,SARDINA COMUN,6490.853999999999,97316,1,-30081,250108,FALSE
2014,7,14,14837,SARDINA COMUN,7414.426999999999,98674,1,-30081,250108,FALSE
2014,10,14,14837,SARDINA COMUN,3055.3540000000003,118828,1,-30081,250108,FALSE
2014,11,14,14837,SARDINA COMUN,10724.679999999995,119784,1,-30081,250108,FALSE
2014,12,14,14837,SARDINA COMUN,2373.725,127349,1,-30081,250108,FALSE
2015,7,5,10452,ANCHOVETA,163.573,100000,1,-80865,317820,FALSE
2015,11,5,10452,ANCHOVETA,63.347,100000,1,-80865,317820,FALSE
2015,12,5,10452,ANCHOVETA,426.97999999999996,100000,1,-80865,317820,FALSE
2015,7,5,10452,SARDINA COMUN,388.498,100000,1,-30081,250108,FALSE
2015,11,5,10452,SARDINA COMUN,995.079,100000,1,-30081,250108,FALSE
2015,12,5,10452,SARDINA COMUN,686.4670000000001,100000,1,-30081,250108,FALSE
2015,7,8,90099,SARDINA COMUN,59.1,120360,1,-30081,250108,FALSE
2015,10,8,90099,SARDINA COMUN,2660.977,129712,1,-30081,250108,FALSE
2015,11,8,90099,SARDINA COMUN,10792.893000000002,129712,1,-30081,250108,FALSE
2015,12,8,90099,SARDINA COMUN,1832.2119999999998,136341,1,-30081,250108,FALSE
2015,3,8,2332,SARDINA COMUN,1777.9609999999998,127316,1,-30081,250108,FALSE
2015,4,8,2332,SARDINA COMUN,5192.202,105140,1,-30081,250108,FALSE
2015,5,8,2332,SARDINA COMUN,3343.971000000001,109668,1,-30081,250108,FALSE
2015,11,8,2332,SARDINA COMUN,2336.285,120014,1,-30081,250108,FALSE
2015,3,8,2421,SARDINA COMUN,2078.255964,128758,1,-30081,250108,FALSE
2015,4,8,2421,SARDINA COMUN,5805.121,122265,1,-30081,250108,FALSE
2015,5,8,2421,SARDINA COMUN,4258.075,121011,1,-30081,250108,FALSE
2015,11,10,1688,SARDINA COMUN,440.44999999999993,129699,1,-30081,250108,FALSE
2015,7,14,14837,ANCHOVETA,2.823,119323,1,-80865,317820,FALSE
2015,10,14,14837,ANCHOVETA,9.297,126881,1,-80865,317820,FALSE
2015,11,14,14837,ANCHOVETA,97.672,129496,1,-80865,317820,FALSE
2015,12,14,14837,ANCHOVETA,238.945,136479,1,-80865,317820,FALSE
2015,7,14,14837,SARDINA COMUN,2212.2440000000006,119323,1,-30081,250108,FALSE
2015,8,14,14837,SARDINA COMUN,883.565,124018,1,-30081,250108,FALSE
2015,10,14,14837,SARDINA COMUN,7691.029000000001,126881,1,-30081,250108,FALSE
2015,11,14,14837,SARDINA COMUN,3825.9060000000004,129496,1,-30081,250108,FALSE
2015,12,14,14837,SARDINA COMUN,5940.495,136479,1,-30081,250108,FALSE
2016,3,5,10452,ANCHOVETA,8,100000,1,-80865,317820,FALSE
2016,4,5,10452,ANCHOVETA,82,100000,1,-80865,317820,FALSE
2016,5,5,10452,ANCHOVETA,939,100000,1,-80865,317820,FALSE
2016,6,5,10452,ANCHOVETA,291,100000,1,-80865,317820,FALSE
2016,7,5,10452,ANCHOVETA,319,100000,1,-80865,317820,FALSE
2016,3,5,10452,JUREL,4,114000,1,-188626,648970,FALSE
2016,4,5,10452,SARDINA COMUN,788,100000,1,-30081,250108,FALSE
2016,5,5,10452,SARDINA COMUN,3077,100000,1,-30081,250108,FALSE
2016,6,5,10452,SARDINA COMUN,466,100000,1,-30081,250108,FALSE
2016,7,5,10452,SARDINA COMUN,541,100000,1,-30081,250108,FALSE
2016,3,8,2332,ANCHOVETA,239,121408,1,-80865,317820,FALSE
2016,4,8,2332,ANCHOVETA,68,113888,1,-80865,317820,FALSE
2016,3,8,2332,SARDINA COMUN,754,121408,1,-30081,250108,FALSE
2016,4,8,2332,SARDINA COMUN,121,113888,1,-30081,250108,FALSE
2016,10,8,2332,SARDINA COMUN,2307,116186,1,-30081,250108,FALSE
2016,11,8,2332,SARDINA COMUN,1137,101916,1,-30081,250108,FALSE
2016,12,8,2332,SARDINA COMUN,2937,118756,1,-30081,250108,FALSE
2016,1,10,1688,ANCHOVETA,52,117678,1,-80865,317820,FALSE
2016,2,10,1688,ANCHOVETA,199,97867,1,-80865,317820,FALSE
2016,3,10,1688,ANCHOVETA,35,121408,1,-80865,317820,FALSE
2016,4,10,1688,ANCHOVETA,99,113888,1,-80865,317820,FALSE
2016,1,10,1688,SARDINA COMUN,151,117678,1,-30081,250108,FALSE
2016,2,10,1688,SARDINA COMUN,191,97867,1,-30081,250108,FALSE
2016,3,10,1688,SARDINA COMUN,104,121408,1,-30081,250108,FALSE
2016,4,10,1688,SARDINA COMUN,173,113888,1,-30081,250108,FALSE
2017,3,5,10452,ANCHOVETA,69,94180,1,-80865,317820,FALSE
2017,4,5,10452,ANCHOVETA,522,90000,1,-80865,317820,FALSE
2017,5,5,10452,ANCHOVETA,2352,90000,1,-80865,317820,FALSE
2017,6,5,10452,ANCHOVETA,652,90000,1,-80865,317820,FALSE
2017,5,5,10452,JUREL,79,120000,1,-188626,648970,FALSE
2017,3,5,10452,SARDINA COMUN,440,91527,1,-30081,250108,FALSE
2017,4,5,10452,SARDINA COMUN,1005,90000,1,-30081,250108,FALSE
2017,5,5,10452,SARDINA COMUN,1017,90600,1,-30081,250108,FALSE
2017,6,5,10452,SARDINA COMUN,549,90000,1,-30081,250108,FALSE
2017,3,8,90099,ANCHOVETA,1496,100000,1,-80865,317820,FALSE
2017,4,8,90099,ANCHOVETA,436,130349,1,-80865,317820,FALSE
2017,5,8,90099,ANCHOVETA,476,111845,1,-80865,317820,FALSE
2017,6,8,90099,ANCHOVETA,68,130108,1,-80865,317820,FALSE
2017,10,8,90099,ANCHOVETA,318,95000,1,-80865,317820,FALSE
2017,11,8,90099,ANCHOVETA,1746,96041,1,-80865,317820,FALSE
2017,12,8,90099,ANCHOVETA,1405,97031,1,-80865,317820,FALSE
2017,1,8,90099,JUREL,1962,237899,1,-188626,648970,FALSE
2017,3,8,90099,SARDINA COMUN,17338,100000,1,-30081,250108,FALSE
2017,4,8,90099,SARDINA COMUN,2455,130349,1,-30081,250108,FALSE
2017,5,8,90099,SARDINA COMUN,1816,111845,1,-30081,250108,FALSE
2017,6,8,90099,SARDINA COMUN,224,130108,1,-30081,250108,FALSE
2017,7,8,90099,SARDINA COMUN,26,126944,1,-30081,250108,FALSE
2017,10,8,90099,SARDINA COMUN,579,95000,1,-30081,250108,FALSE
2017,11,8,90099,SARDINA COMUN,2079,96041,1,-30081,250108,FALSE
2017,12,8,90099,SARDINA COMUN,1910,97031,1,-30081,250108,FALSE
2017,3,8,17003,ANCHOVETA,899,100000,1,-80865,317820,FALSE
2017,4,8,17003,ANCHOVETA,253,130349,1,-80865,317820,FALSE
2017,5,8,17003,ANCHOVETA,31,110845,1,-80865,317820,FALSE
2017,3,8,17003,SARDINA COMUN,10604,100000,1,-30081,250108,FALSE
2017,4,8,17003,SARDINA COMUN,2609,130349,1,-30081,250108,FALSE
2017,5,8,17003,SARDINA COMUN,336,111845,1,-30081,250108,FALSE
2017,1,8,13476,JUREL,1940,220000,1,-188626,648970,FALSE
2017,2,8,13476,SARDINA COMUN,1090,100000,1,-30081,250108,FALSE
2017,3,8,13476,SARDINA COMUN,23742,100000,1,-30081,250108,FALSE
2017,4,8,13476,SARDINA COMUN,4916,100000,1,-30081,250108,FALSE
2017,5,8,13476,SARDINA COMUN,2124,100000,1,-30081,250108,FALSE
2017,6,8,13476,SARDINA COMUN,1089,100000,1,-30081,250108,FALSE
2017,7,8,13476,SARDINA COMUN,386,100000,2,-30081,250108,FALSE
2017,10,8,13476,SARDINA COMUN,141,100000,2,-30081,250108,FALSE
2017,11,8,13476,SARDINA COMUN,1881,100000,2,-30081,250108,FALSE
2017,12,8,13476,SARDINA COMUN,28,100000,2,-30081,250108,FALSE
2018,3,5,10452,ANCHOVETA,837.255,90000,1,-80865,317820,FALSE
2018,4,5,10452,ANCHOVETA,379.51300000000003,90000,1,-80865,317820,FALSE
2018,7,5,10452,ANCHOVETA,13.099,90000,1,-80865,317820,FALSE
2018,11,5,10452,ANCHOVETA,51.049,90000,1,-80865,317820,FALSE
2018,12,5,10452,ANCHOVETA,13.301,90000,1,-80865,317820,FALSE
2018,3,5,10452,SARDINA COMUN,1778.6760000000002,90000,1,-30081,250108,FALSE
2018,4,5,10452,SARDINA COMUN,1871.9370000000004,90000,1,-30081,250108,FALSE
2018,7,5,10452,SARDINA COMUN,14.236,90000,1,-30081,250108,FALSE
2018,11,5,10452,SARDINA COMUN,903.216,90000,1,-30081,250108,FALSE
2018,12,5,10452,SARDINA COMUN,135.376,90000,1,-30081,250108,FALSE
2018,2,8,90099,ANCHOVETA,121.664,215570,1,-80865,317820,FALSE
2018,3,8,90099,ANCHOVETA,1545.6369999999997,131071,1,-80865,317820,FALSE
2018,4,8,90099,ANCHOVETA,1625.3229999999999,146955,1,-80865,317820,FALSE
2018,5,8,90099,ANCHOVETA,690.259,146284,1,-80865,317820,FALSE
2018,6,8,90099,ANCHOVETA,1422.8880000000001,155509,1,-80865,317820,FALSE
2018,10,8,90099,ANCHOVETA,29.837,139712,1,-80865,317820,FALSE
2018,11,8,90099,ANCHOVETA,734.3719999999998,155022,1,-80865,317820,FALSE
2018,12,8,90099,ANCHOVETA,124.50099999999999,179945,1,-80865,317820,FALSE
2018,1,8,90099,JUREL,2779.6710249999996,219398,1,-188626,648970,FALSE
2018,2,8,90099,SARDINA COMUN,1183.001,215570,1,-30081,250108,FALSE
2018,3,8,90099,SARDINA COMUN,13320.635,131071,1,-30081,250108,FALSE
2018,4,8,90099,SARDINA COMUN,7080.427999999998,146955,1,-30081,250108,FALSE
2018,5,8,90099,SARDINA COMUN,1128.206,146284,1,-30081,250108,FALSE
2018,6,8,90099,SARDINA COMUN,2396.423999999999,155508,1,-30081,250108,FALSE
2018,10,8,90099,SARDINA COMUN,521.683,139712,1,-30081,250108,FALSE
2018,11,8,90099,SARDINA COMUN,2821.211,155022,1,-30081,250108,FALSE
2018,12,8,90099,SARDINA COMUN,499.1070000000001,179945,1,-30081,250108,FALSE
2018,3,8,17003,ANCHOVETA,634.1830000000002,131071,1,-80865,317820,FALSE
2018,4,8,17003,ANCHOVETA,376.228,146955,1,-80865,317820,FALSE
2018,3,8,17003,SARDINA COMUN,6221.773000000001,131071,1,-30081,250108,FALSE
2018,4,8,17003,SARDINA COMUN,3823.628,146955,1,-30081,250108,FALSE
2018,1,8,13476,JUREL,7614.904,230000,1,-188626,648970,FALSE
2018,2,8,13476,JUREL,10949.636,230000,1,-188626,648970,FALSE
2018,3,8,13476,SARDINA COMUN,16936.534,110000,1,-30081,250108,FALSE
2018,4,8,13476,SARDINA COMUN,11780.778000000002,110000,1,-30081,250108,FALSE
2018,5,8,13476,SARDINA COMUN,1777.2120000000002,110000,1,-30081,250108,FALSE
2018,10,8,13476,SARDINA COMUN,907.393,110000,1,-30081,250108,FALSE
2018,11,8,13476,SARDINA COMUN,3683.881999999999,110000,1,-30081,250108,FALSE
2018,12,8,13476,SARDINA COMUN,278.19,110000,1,-30081,250108,FALSE
2018,10,14,14837,ANCHOVETA,134.154,126346,1,-80865,317820,FALSE
2018,11,14,14837,ANCHOVETA,122.45600000000002,136231,1,-80865,317820,FALSE
2018,12,14,14837,ANCHOVETA,35.739,159033,1,-80865,317820,FALSE
2018,7,14,14837,SARDINA COMUN,1120.282,103055,1,-30081,250108,FALSE
2018,10,14,14837,SARDINA COMUN,7401.209000000001,126346,1,-30081,250108,FALSE
2018,11,14,14837,SARDINA COMUN,8227.280999999999,136231,1,-30081,250108,FALSE
2018,12,14,14837,SARDINA COMUN,1912.6660000000002,159033,1,-30081,250108,FALSE
2019,4,5,10452,ANCHOVETA,1809.88,100000,1,-80865,317820,FALSE
2019,5,5,10452,ANCHOVETA,1150.3900000000003,100000,1,-80865,317820,FALSE
2019,6,5,10452,ANCHOVETA,101.86,100000,1,-80865,317820,FALSE
2019,7,5,10452,ANCHOVETA,4.74,100000,1,-80865,317820,FALSE
2019,4,5,10452,SARDINA COMUN,235.59,100000,1,-30081,250108,FALSE
2019,5,5,10452,SARDINA COMUN,621.68,100000,1,-30081,250108,FALSE
2019,6,5,10452,SARDINA COMUN,295.06,100000,1,-30081,250108,FALSE
2019,7,5,10452,SARDINA COMUN,0.73,10000,1,-30081,250108,FALSE
2019,11,5,10452,SARDINA COMUN,3.33,10000,1,-30081,250108,FALSE
2019,12,5,10452,SARDINA COMUN,125.94000000000001,10000,1,-30081,250108,FALSE
2019,3,8,90099,ANCHOVETA,3388.4300000000003,145888,1,-80865,317820,FALSE
2019,4,8,90099,ANCHOVETA,4470.09,156103,1,-80865,317820,FALSE
2019,5,8,90099,ANCHOVETA,1529.42,176030,1,-80865,317820,FALSE
2019,6,8,90099,ANCHOVETA,576.91,162996,1,-80865,317820,FALSE
2019,7,8,90099,ANCHOVETA,58.38999999999999,84863,1,-80865,317820,FALSE
2019,11,8,90099,ANCHOVETA,3420.239999999999,157711,1,-80865,317820,FALSE
2019,12,8,90099,ANCHOVETA,1014.3800000000001,157711,1,-80865,317820,FALSE
2019,3,8,90099,SARDINA COMUN,7440.739999999999,145884,1,-30081,250108,FALSE
2019,4,8,90099,SARDINA COMUN,4085.9100000000003,156103,1,-30081,250108,FALSE
2019,5,8,90099,SARDINA COMUN,597.3500000000001,176030,1,-30081,250108,FALSE
2019,6,8,90099,SARDINA COMUN,126,162996,1,-30081,250108,FALSE
2019,7,8,90099,SARDINA COMUN,73.25999999999999,84836,1,-30081,250108,FALSE
2019,11,8,90099,SARDINA COMUN,4121.14,157711,1,-30081,250108,FALSE
2019,12,8,90099,SARDINA COMUN,2778.94,157711,1,-30081,250108,FALSE
2019,12,8,17003,ANCHOVETA,89.6,149749,1,-80865,317820,FALSE
2019,12,8,17003,SARDINA COMUN,468.39,149748,1,-30081,250108,FALSE
2019,1,8,13476,JUREL,8860.960000000001,240000,1,-188626,648970,FALSE
2019,3,8,13476,SARDINA COMUN,10660.13,120000,1,-30081,250108,FALSE
2019,4,8,13476,SARDINA COMUN,7756.19,120000,1,-30081,250108,FALSE
2019,5,8,13476,SARDINA COMUN,2708.93,120000,1,-30081,250108,FALSE
2019,6,8,13476,SARDINA COMUN,778.1099999999999,120000,1,-30081,250108,FALSE
2019,7,8,13476,SARDINA COMUN,587.01,120000,1,-30081,250108,FALSE
2019,11,8,13476,SARDINA COMUN,4227.5199999999995,110000,1,-30081,250108,FALSE
2019,12,8,13476,SARDINA COMUN,2824.9500000000003,110000,1,-30081,250108,FALSE
2019,2,14,14837,ANCHOVETA,9.41,116019,1,-80865,317820,FALSE
2019,3,14,14837,ANCHOVETA,129.51,140456,1,-80865,317820,FALSE
2019,4,14,14837,ANCHOVETA,112.12,139136,1,-80865,317820,FALSE
2019,5,14,14837,ANCHOVETA,1034.24,134852,1,-80865,317820,FALSE
2019,6,14,14837,ANCHOVETA,2486.1000000000004,135151,1,-80865,317820,FALSE
2019,7,14,14837,ANCHOVETA,96.69,182213,1,-80865,317820,FALSE
2019,11,14,14837,ANCHOVETA,1406.4299999999998,155229,1,-80865,317820,FALSE
2019,12,14,14837,ANCHOVETA,849.16,149748,1,-80865,317820,FALSE
2019,2,14,14837,SARDINA COMUN,11544.529999999999,116079,1,-30081,250108,FALSE
2019,3,14,14837,SARDINA COMUN,14532.449999999997,140456,1,-30081,250108,FALSE
2019,4,14,14837,SARDINA COMUN,11974.369999999999,139862,1,-30081,250108,FALSE
2019,5,14,14837,SARDINA COMUN,4653.360000000001,134862,1,-30081,250108,FALSE
2019,6,14,14837,SARDINA COMUN,2390.47,135151,1,-30081,250108,FALSE
2019,7,14,14837,SARDINA COMUN,209.72,182213,1,-30081,250108,FALSE
2019,11,14,14837,SARDINA COMUN,7874.479999999999,155229,1,-30081,250108,FALSE
2019,12,14,14837,SARDINA COMUN,8996.869999999997,149748,1,-30081,250108,FALSE
2020,4,5,10452,ANCHOVETA,276.763,100000,1,-80865,317820,FALSE
2020,2,5,10452,JUREL,135.234,120000,1,-188626,648970,FALSE
2020,3,5,10452,JUREL,114.84899999999999,120000,1,-188626,648970,FALSE
2020,4,5,10452,JUREL,210.989,120000,1,-188626,648970,FALSE
2020,4,5,10452,SARDINA COMUN,373.377,100000,1,-30081,250108,FALSE
2020,3,8,90099,ANCHOVETA,424.31699999999995,135960,1,-80865,317820,FALSE
2020,4,8,90099,ANCHOVETA,4901.931999999998,162317,1,-80865,317820,FALSE
2020,5,8,90099,ANCHOVETA,1848.3969999999997,180163,1,-80865,317820,FALSE
2020,6,8,90099,ANCHOVETA,928.686,172458,1,-80865,317820,FALSE
2020,7,8,90099,ANCHOVETA,852.523,174124,1,-80865,317820,FALSE
2020,11,8,90099,ANCHOVETA,3814.9709999999995,191823,1,-80865,317820,FALSE
2020,12,8,90099,ANCHOVETA,243.29,263052,1,-80865,317820,FALSE
2020,1,8,90099,JUREL,4818.303999999999,255715,1,-188626,648970,FALSE
2020,2,8,90099,JUREL,3749.918000000001,202004,1,-188626,648970,FALSE
2020,3,8,90099,JUREL,2850.8489999999997,135960,1,-188626,648970,FALSE
2020,4,8,90099,JUREL,8003.579999999998,162317,1,-188626,648970,FALSE
2020,5,8,90099,JUREL,2794.6610000000005,180163,1,-188626,648970,FALSE
2020,6,8,90099,JUREL,2337.03,172458,1,-188626,648970,FALSE
2020,3,8,90099,SARDINA COMUN,4672.155000000001,135960,1,-30081,250108,FALSE
2020,4,8,90099,SARDINA COMUN,11557.416000000001,162317,1,-30081,250108,FALSE
2020,5,8,90099,SARDINA COMUN,3825.25,180163,1,-30081,250108,FALSE
2020,6,8,90099,SARDINA COMUN,1072.962,172458,1,-30081,250108,FALSE
2020,7,8,90099,SARDINA COMUN,770.317,174124,1,-30081,250108,FALSE
2020,11,8,90099,SARDINA COMUN,1755.1589999999997,191823,1,-30081,250108,FALSE
2020,12,8,90099,SARDINA COMUN,831.0900000000001,263052,1,-30081,250108,TRUE
2020,3,8,17003,ANCHOVETA,125.534,135960,1,-80865,317820,FALSE
2020,4,8,17003,ANCHOVETA,492.90200000000004,162317,1,-80865,317820,FALSE
2020,5,8,17003,ANCHOVETA,297.942,180163,1,-80865,317820,FALSE
2020,3,8,17003,SARDINA COMUN,1263.907,135960,1,-30081,250108,FALSE
2020,4,8,17003,SARDINA COMUN,6230.469000000001,162317,1,-30081,250108,FALSE
2020,5,8,17003,SARDINA COMUN,2502.553,180163,1,-30081,250108,FALSE
2020,1,8,13476,JUREL,15717.646000000002,240000,1,-188626,648970,FALSE
2020,4,8,13476,JUREL,3450.056,240000,1,-188626,648970,FALSE
2020,3,8,13476,SARDINA COMUN,1500.2040000000002,130000,1,-30081,250108,FALSE
2020,4,8,13476,SARDINA COMUN,13790.456999999999,130000,1,-30081,250108,FALSE
2020,5,8,13476,SARDINA COMUN,4435.030999999999,130000,1,-30081,250108,FALSE
2020,6,8,13476,SARDINA COMUN,910.5760000000001,130000,1,-30081,250108,FALSE
2020,7,8,13476,SARDINA COMUN,64.65299999999999,130000,1,-30081,250108,FALSE
2020,11,8,13476,SARDINA COMUN,2381.8320000000003,130000,1,-30081,250108,FALSE
2020,12,8,13476,SARDINA COMUN,1942.78,130000,1,-30081,250108,FALSE
2020,2,14,14837,ANCHOVETA,1714.996,124176,1,-80865,317820,FALSE
2020,3,14,14837,ANCHOVETA,1136.6090000000002,134485,1,-80865,317820,FALSE
2020,4,14,14837,ANCHOVETA,562.103,145413,1,-80865,317820,FALSE
2020,5,14,14837,ANCHOVETA,1140.022,149787,1,-80865,317820,FALSE
2020,6,14,14837,ANCHOVETA,585.258,146279,1,-80865,317820,FALSE
2020,2,14,14837,JUREL,1084.462,200000,1,-188626,648970,FALSE
2020,2,14,14837,SARDINA COMUN,5300.462,124176,1,-30081,250108,FALSE
2020,3,14,14837,SARDINA COMUN,8744.298999999999,134485,1,-30081,250108,FALSE
2020,4,14,14837,SARDINA COMUN,9346.481999999998,145413,1,-30081,250108,FALSE
2020,5,14,14837,SARDINA COMUN,5534.731,149787,1,-30081,250108,FALSE
2020,6,14,14837,SARDINA COMUN,2626.986,146279,1,-30081,250108,FALSE
2021,3,8,90099,ANCHOVETA,8929.756000000003,143975,1,-80865,317820,FALSE
2021,4,8,90099,ANCHOVETA,2790.937,173021,1,-80865,317820,FALSE
2021,5,8,90099,ANCHOVETA,3560.242,163174,1,-80865,317820,FALSE
2021,6,8,90099,ANCHOVETA,935.9459999999998,189262,1,-80865,317820,FALSE
2021,3,8,90099,SARDINA COMUN,17465.987999999994,143975,1,-30081,250108,FALSE
2021,4,8,90099,SARDINA COMUN,4703.097999999999,173021,1,-30081,250108,FALSE
2021,5,8,90099,SARDINA COMUN,1220.5489999999995,163174,1,-30081,250108,FALSE
2021,6,8,90099,SARDINA COMUN,311.93399999999997,189262,1,-30081,250108,FALSE
2021,3,8,17003,ANCHOVETA,2700.4289999999996,173021,1,-80865,317820,FALSE
2021,4,8,17003,ANCHOVETA,890.0249999999996,163174,1,-80865,317820,FALSE
2021,5,8,17003,ANCHOVETA,955.1010000000002,189262,1,-80865,317820,FALSE
2021,3,8,17003,SARDINA COMUN,9169.605999999998,173021,1,-30081,250108,FALSE
2021,4,8,17003,SARDINA COMUN,3056.014000000001,163174,1,-30081,250108,FALSE
2021,5,8,17003,SARDINA COMUN,380.824,189262,1,-30081,250108,FALSE
2021,1,8,13476,JUREL,13459.005,240000,1,-188626,648970,FALSE
2021,3,8,13476,SARDINA COMUN,17630.365999999998,130000,1,-30081,250108,FALSE
2021,4,8,13476,SARDINA COMUN,9500.435000000001,130000,1,-30081,250108,FALSE
2021,5,8,13476,SARDINA COMUN,1370.1589999999997,130000,1,-30081,250108,FALSE
2021,6,8,13476,SARDINA COMUN,82.618,130000,1,-30081,250108,FALSE
2021,11,8,13476,SARDINA COMUN,429.83299999999997,130000,1,-30081,250108,FALSE
2022,3,8,13476,ANCHOVETA,12078.883,140000,1,-80865,317820,FALSE
2022,4,8,13476,ANCHOVETA,7875.876,140000,1,-80865,317820,FALSE
2022,5,8,13476,ANCHOVETA,1717.598,140000,1,-80865,317820,FALSE
2022,6,8,13476,ANCHOVETA,582.977,140000,1,-80865,317820,FALSE
2022,11,8,13476,ANCHOVETA,2157.399,140000,1,-80865,317820,FALSE
2022,12,8,13476,ANCHOVETA,22.916,140000,1,-80865,317820,FALSE
2022,11,8,13476,JUREL,460.799,245000,1,-188626,648970,FALSE
2022,12,8,13476,JUREL,1804.84,245000,1,-188626,648970,FALSE
2022,11,8,13476,SARDINA COMUN,852.051,140000,1,-30081,250108,FALSE
2022,12,8,13476,SARDINA COMUN,121.379,140000,1,-30081,250108,FALSE
2023,1,8,13476,JUREL,12740.93,290000,1,-188626,648970,FALSE
2023,2,8,13476,JUREL,21805.724,290000,1,-188626,648970,FALSE
2023,3,8,13476,ANCHOVETA,5684.968,160000,1,-80865,317820,FALSE
2023,3,8,13476,JUREL,1290.983,290000,1,-188626,648970,FALSE
2023,3,8,13476,SARDINA COMUN,23587.057,160000,1,-30081,250108,FALSE
2023,4,8,13476,ANCHOVETA,8346.734,160000,1,-80865,317820,FALSE
2023,4,8,13476,JUREL,5806.167,290000,1,-188626,648970,FALSE
2023,4,8,13476,SARDINA COMUN,8931.275,160000,1,-30081,250108,FALSE
2023,5,8,13476,ANCHOVETA,4273.753,160000,1,-80865,317820,FALSE
2023,5,8,13476,JUREL,15996.909,290000,1,-188626,648970,FALSE
2023,5,8,13476,SARDINA COMUN,3444.954,160000,1,-30081,250108,FALSE
2023,6,8,13476,ANCHOVETA,2334.221,160000,1,-80865,317820,FALSE
2023,6,8,13476,JUREL,4613.623,290000,1,-188626,648970,FALSE
2023,6,8,13476,SARDINA COMUN,525.281,160000,1,-30081,250108,FALSE
2023,11,8,13476,ANCHOVETA,2089.618,160000,1,-80865,317820,FALSE
2023,11,8,13476,JUREL,3132.814,290000,1,-188626,648970,FALSE
2023,12,8,13476,ANCHOVETA,312.398,160000,1,-80865,317820,FALSE
2024,1,8,13476,JUREL,20710.696,300000,1,-188626,648970,FALSE
2024,5,8,13476,JUREL,9106.494,300000,1,-188626,648970,FALSE
2024,5,8,13476,SARDINA COMUN,262.32,190000,1,-30081,250108,FALSE
2024,4,8,13476,SARDINA COMUN,498.119,190000,1,-30081,250108,FALSE
2024,4,8,13476,ANCHOVETA,1276.102,190000,1,-80865,317820,FALSE
2024,6,8,13476,SARDINA COMUN,2.792,190000,1,-30081,250108,FALSE
2024,3,8,13476,ANCHOVETA,2137.582,190000,1,-80865,317820,FALSE
2024,3,8,13476,SARDINA COMUN,3112.291,190000,1,-30081,250108,FALSE
2024,6,8,13476,ANCHOVETA,47.861,190000,1,-80865,317820,FALSE
2024,5,8,13476,ANCHOVETA,3197.828,190000,1,-80865,317820,FALSE
2024,4,8,13476,JUREL,19174.806,300000,1,-188626,648970,FALSE
2024,3,8,13476,JUREL,9308.235,300000,1,-188626,648970,FALSE
